language,speaker,n_real,n_fake,real_mean_logit,fake_mean_logit,separation_real_minus_fake
hindi,00d8f7a5ea747472015787836b4694d24375a49cf2ca78088c1d29494110637aafa66bc0d135549c19cfc68886760475c2ae2584673c8d57e77eb82d3ddd6109,4,4,-2.517390638589859,-3.674375593662262,1.156984955072403
hindi,0175f4388a3ca66faae78ea57819f8aab986d188f874dde198e28b64248291dde8f43a6912b9de4854f9862a8f832961da3e9194bec9ebef96b1c9b66d956422,4,4,3.0025806687772274,-0.4441961497068405,3.446776818484068
hindi,0245f184ea5b6ed43fdf98061265386a868ff96b2566d123a88efdaaa7aeade1ce59fdd77595bf40a98fe15f578afaf6b4a2fbfbbf2a1e589d519238c07b799a,1,1,-0.5238009691238403,-1.1276119947433472,0.6038110256195068
hindi,0296590f079d0307e6a54bed03a9a137e124eae99c566ac40f5e14ff6f07084af6f1b3c11b51c8910d774cc6ae571696c616838249c2e12fe64eae03221496c8,5,5,3.0560250282287598,2.8201118260622025,0.2359132021665573
hindi,02a40eed38bf20ab1ddca1a5c60f5b2cadd5455be21c7a1ab8e87d65a6fec68495c0d24d8fecdfe3f9d132fdfa842dba33dca093df21b19f3d325519779d13d0,4,4,5.235572099685669,2.176155909895897,3.059416189789772
hindi,0303022c144407f09d8f97be16ba6f2c41ac249e162b24f7d213f0c8a10c4235a4dbd0f53c4d6bcd674ea939898fa29d241a0c183c8f8b5963f55ea5a5327379,5,5,5.5194899559021,3.2076449006795884,2.3118450552225114
hindi,038cbd3b3ba6f4aa92f2c4c86ba365b95aeb66bfafd37c2803b769b28c260573e0387b85d8ce77f0fea215ffc971b366a14916fe782fc7b0c238062ec238b0c3,3,3,4.169315576553345,2.090015451113383,2.079300125439962
hindi,04c41ef9e7a610b1bdb35d99443823570fcb9c9a4a63ba7855c471d73f6c1dbdf30796b0f86445c09f70057ce25436f51742b3a4829f5da39a0ebababbec6d59,2,2,0.5487983673810959,-2.794240117073059,3.343038484454155
hindi,05fd2a7f0d7cbe9acb1d838706b64a2ab489f6d0d2e7ff3a4243b1bb89ca3c1bc2e8dfd22bf11cf6e2fd9f11c2809b3dbf3db935d566ab6b6ee3122e3bfc20ed,5,5,4.316593933105469,0.2535278648138046,4.063066068291664
hindi,0663aeb40f5d5ea46610cac3ca0183f2193b429770c84b516efe7d199b8b110944005539d986613fdc9d6532694f43c3a8e4dfc9de8ae7bfbc8b57b412ef71dd,5,5,0.9911849856376648,-3.415885400772095,4.407070386409759
hindi,08aa344261cb28d4f1e8b697822f1338246b28d51cfa28016b6214ed8bcd38cb5485c3b718c8246503f35d7e90c68e6e51ccdcea0ffbe272a0355f013aa4af41,1,1,5.270464897155762,0.8276668787002563,4.442798018455505
hindi,0a073b2441b86a13d80728f1a14413d473c4091d1053a3a53982f2c2698abb2a31f35efaefaad9b678d4cf8b27aecc058d4f664d005474a90b8af287ff58c303,3,3,4.12794295946757,-1.3587559362252553,5.486698895692825
hindi,0a3f27e009572dbc52c115bfa733fdbea6b819dd63fd440adf16a90428f3566049c9fe252e775388ac3bab7e9951fa06c8691497b6568d3b5e436aaea396a8d6,1,1,-0.7187193632125854,-5.627601623535156,4.908882260322571
hindi,0a7f98f856cff63c03fcd05e03e181c17ce5d6545037394992a6f0afe1ed3716ef537d63a1e24a45ffc22233c24ee08fdec3372afad0b4389efc86ce4e7dee2c,2,2,-1.6484006643295288,-2.771438956260681,1.1230382919311523
hindi,0b0be66321658747b6942ac54496bcf15f205ec5468184dbc0f65a4cb4b175d240d39625f77f45537b8108cebca77574e09be59da116602782a75d1fae832a2e,1,1,5.477862358093262,6.903287410736084,-1.4254250526428223
hindi,0d095340640de1eed083de79682cd69d43729d60e08c0a6819dd49b8f15d143165cd66c8061dffa3ce372d4356c10e0bc5cc1a3a224cbe7e1cfeca4c5cfb413d,5,5,-1.6405338980257511,3.782842755317688,-5.423376653343439
hindi,0d2120fd5389d89f197e877a642aeb305bd4d8a9820d642a3ca7e83fe64ca61a0a8b15a37958f3629aa855408d3eabc56d2521ff9a06db24bd0c95320f66efab,5,5,1.1130781412124633,-1.360555601119995,2.473633742332458
hindi,0da032e5bf4a63a5c9c3635155d8b45eb4ede0261ddae34b641e4aafb72b2d0e9c8e8605132280cb39465883c7c2dd82e747a12e1e9b1827d272574483945e5a,1,1,0.212536945939064,-0.2676135897636413,0.4801505357027053
hindi,0db277015ed4c7602383504e75bcfead10db6e33b12e442a983cb259a17baf2c98daf32f18e2c1917269103a2ef1776d88cab0357c43c487473d8fa511dde7e8,5,5,5.4741724014282225,-1.3081546604633332,6.782327061891555
hindi,0e97e303991e6646c845049579a4bea7a25ea775f6b8b44a09e0efd0ae9661ec984c393c92d2522e3158c8b0ca206ad60fd9e136713e18c21dffd72811a88b88,5,5,4.738904571533203,-1.9461338758468627,6.685038447380066
hindi,0eef353f918900f4b6b2c52b697013c0ac2340228d97696f460545e777a0a619dc934a6e2bdc5329525c74d683591af809ae5b8d4157abba6321a5b7366bb73e,4,4,5.7609628438949585,6.718355417251587,-0.9573925733566284
hindi,0f018a99663f33afbb7d38aee281fb1afcfd07f9e7acd00383f604e1e17c38d6ed8adf1bd2ccbf927a52c5adefb8ac4b158ce27a7c2ed9581e71202eb302dfb3,4,4,1.1604809202253819,-3.8028075210750103,4.963288441300392
hindi,112f76f2e0c2f27b09b20340cd82d13c315858e70901593392d2bbaf1377a5ed05b373a77f5f93b0298be6ad7e0285d8dea7c8fc9e9d3ce601d702ff3e3a7d91,3,3,-0.25749514003594715,4.29480238755544,-4.552297527591387
hindi,1141dfc674be44e23dd469a1caf6c1436405f2f99880ffa8ec17435c9e0877914bb50b5906d75d14f195ef2c60ba18fe91afa89698d08952325c31896d02d827,3,3,4.414140144983928,2.4054355223973594,2.0087046225865683
hindi,13b72f7b7cca925bd373d5f2eab80cc1ea66148b333a85d6ca12be7e926fa2faf00dd733d0c670651eca79a91b3efeaf6918600638811c1c946b261c671a525e,2,2,3.92716646194458,0.7176879197359085,3.2094785422086716
hindi,13cef0dba059a4aa0064866e51ca703ad2552c2645eb99722846129b96051db0f22a99235faf822876c13bd3f02e86f138d6a0413f980cf028f54c5fdc58b9b9,3,3,2.5543159345785775,-2.8252295653025308,5.379545499881108
hindi,1605878cdc4bdeab0724827abc448ec019fcc59763e097294754173714e955fe80a28c12eed4a39a58f442138b886e755cd644efb115aa2599c6e50a20e63a74,5,5,5.505770492553711,-1.684539821743965,7.190310314297676
hindi,169afd68fa12674be328762c77fff1783f807dfc52a7f9b0ec599d77f5fb9bd8998ec8f9fea575f4bee8d86d2ea242a97ee6de9da1bf191f541113fd3c432206,4,4,3.586427092552185,-2.085432380437851,5.671859472990036
hindi,16c775b5ac1a75459692a8e2c553ec084df96439cf53c5129ce1e5c20a9a04d3ed23204cf582fe74c9dc12a473fb3072139ea313cee5ce51c0d17acf8cd16333,4,4,2.4500090861693025,0.9081124849617481,1.5418966012075543
hindi,17306c4d97ad8d7c04ac7c04602b8fedcfa3c2ebcd61c2fb2f7f5a27a23151389ed00cbdf1497e6791a0abc7028b848d8f17ade7089c928531200cd7ca2c4bc8,1,1,1.6272313594818115,-1.22855806350708,2.8557894229888916
hindi,17e10c81b592f9aa499bd3ea283821d28dee580e2bfbf51ca891c71024bf0736cc26c5ef9790ef591ff7cf3136930b935c33bc7fb1c65c080ff270baf27c8fe5,2,2,-3.3681787252426147,-2.595518946647644,-0.7726597785949707
hindi,184190f8f53136c0e77cb1939a81bd7b91a650163a3cce9cb2af1f732be6a0165a7ec72a286eddf11fc4a60b82602efed4ecdd9ad5d030501c7fd2930d062b64,1,1,-1.055750012397766,-3.00036358833313,1.944613575935364
hindi,18ac148b1b14b3b66a0116ecc3f445d74b049106dc0b0c39ba266ed130105ea5cba16d4e6220aaff9e2757009e3e3789ac98602887ee11491fcb207b874732c2,1,1,4.349886417388916,5.60275411605835,-1.2528676986694336
hindi,1963c5f396b43a02ea6a7cf2cacaafb042bfe53209c711d2325e2e4cfd7185370746e463b5ceb83f9ac807e048b8891b494db95e3bd7eccfbef896877eea9bbc,4,4,0.6154284179210663,-1.6367512196302414,2.2521796375513077
hindi,1a88297b510c4d15acdd9d6a3f50d13fd6420c8f934e487a7ec5096ab5fbebef165269d581a12002a5eca2cf3fbced4552441668df9c027abd45ef0895eabbc2,5,5,5.161037731170654,-3.18969304561615,8.350730776786804
hindi,1a94dffb861da3c85c0994bc8c83f7b79b502a83733ef28bc302cf6f1d5413001cd86d1c723357821dc3a90ba1b3f65e1203c2fa176b43daa279055fd6e5f529,4,4,1.371362742036581,-1.9024521708488464,3.2738149128854275
hindi,1ab26689a68e6aeb9ee56daf140f5d65c19295d6b65eaef9f51f22cbd867b635758194eb9640790ea7d37a0de2bd5d0f235fb7662cc80dda56261f92c3cb4475,5,5,5.5316362380981445,0.6052761614322663,4.926360076665878
hindi,1cec8b78e84c018a6efce5b69c1f3837d98aa06f2ab20d370caab36ca0938d09dd89e21b83d94073d8ea3af821ee74327d647929fd4e8051688c8730f024d6ab,1,1,2.041039228439331,-0.2878693044185638,2.328908532857895
hindi,1da3e82d56c4b06d4028ecc92aca9dc352823b8ec3e30de4da211906b610e38731002b15ef77c26455730b72f40ec1685543812f28aebbf3d093e8e83b3bad25,4,4,4.657693147659302,-2.602569135837257,7.260262283496559
hindi,1dab0a43e9720c288528bb0aa9f27d67d429f550442c898d5be29fba84cba6c1f8c882ae46f1d75a260964131e51dd4de0447d2a63dbe72957d89bb70d7af451,1,1,4.259804725646973,0.9964420795440674,3.2633626461029053
hindi,203176393d9928d38b3aecb45ba1ad1c05c8223b492bfe21e6c5c6359083f8bb68f24ab7bf449051e8527e9beee0055a3628608173b59bad7bf948e6d3e0ff27,3,3,0.12022473414738973,-3.5965518156687417,3.7167765498161316
hindi,20c8af3d3924681f688ee678fe8bf01fb61085553e888cfcee35b3d4268a1a0e50d0cde2c1e1c5ad13701d066561a04fc1a9a0492c4433338cad61132eb03695,1,1,5.330135345458984,-2.624976634979248,7.955111980438232
hindi,2270a4902001989b755fb2acc9d13918db9f6f89d7d5b1cf38d55ba7ef62d366249b464061d0c3df63c12f38b738d552ba6e854c9e09ebf766f61506d2a1732e,3,3,1.684151475628217,5.48655637105306,-3.802404895424843
hindi,230d27ac6435d55a47ccc110561f23b342676f24aac1bed0eec64dd0deefc5d13f306e9df3216cfa91eb7972029e60e59586109fba46ac6dcf631a9e04b60644,1,1,2.785686016082764,-3.854083776473999,6.639769792556763
hindi,2312b0d85bd1eb1a017264abf770df086e10cec218cf1ab48b90f9d7f621d8ae8372b07338224060fcac6cfb337fcfcb6966c160942f9fcec4c67e7f5df44520,5,5,-3.2342793464660646,-4.984881591796875,1.7506022453308105
hindi,23dd6e26b3a5106b8ad2de2def45e53280a12df6c47364b2bf652743a0198329d4e46b73fe42287703f0146d0bdb9be101cb22064f7b79578248fdc2ca2085f0,4,4,2.827880710363388,-1.2810646258294582,4.108945336192846
hindi,23e7986df66ecae7556379ef6a8c59490f3a38d789ddcbb9af2e0bdac45ded855c8a27be3ec862f45918adec219022883c1f64ea3ca811371c818856357ef5be,3,3,0.6154721875985464,-3.320011854171753,3.9354840417702994
hindi,256a0ab2364a69f69c073cac0258702b33d8269739cd421abc11e45a2c7678787e46498a06ee3a13077e9dfea487f22061fc549def882ff192ca5fb1d2671807,1,1,-0.1796038895845413,6.333089828491211,-6.512693718075752
hindi,2755cbb1978d17293826c36025fffd2b0966f60a48ee026f909afce38191de6da445c4ee2d684bf32d65bb5779ea78ba4f2360baac46e6f48710b9c531277adc,4,4,-2.2943572103977203,-2.372469902038574,0.07811269164085388
hindi,287db5b3c7065ffc1e6827c0bc87dc4a6b6a45c159642fe8d490d5adb6ce18a5b4b528f921503762bbb20b1fcd84f5f8256a9a11cd4ccf55964f301b416b08d2,5,5,-1.5026218175888062,-3.394003486633301,1.8913816690444947
hindi,29822eacca376bd26682b72d0212ea3f2897da482cbaa2e8046b66eb83af4dbb0cafeb48676702a2fdf34a45fc46ddf438d60d90ff3bcaa3171dbe5aa6321c3e,1,1,1.0250263214111328,-4.765683174133301,5.790709495544434
hindi,29bcb273adde2fc3bc2e4595307cca55f7a2164b643bd634a478297488389dd87132dba219b5a51a5b42b59a42fe5eef68ff2cd098bb675cf680befd442613d5,5,5,5.903491973876953,1.0757682919502258,4.827723681926727
hindi,2b0295a46df33cca7111334e28048e4ca8856ac39e51ceba5d127c2defec2c84aa3dbbe0b2cd9a0057a3710d4ca5936186ac62306a21dbc4f493acb9486d1452,5,5,4.0647964715957645,0.6863901674747467,3.3784063041210177
hindi,2d27b396006a861ca7b1d045b46c33a62ae2f394d1da44c60a21ec6da2cbb9bbd3c7db23f5bdf57b185987f7c6157ac50f6af45751dff9a96bafc3fe6b5bea2e,4,4,2.022914856672287,-3.893638640642166,5.916553497314453
hindi,2dd9387ee31e2dfabf2c664ee5a533b648b4c169efb1d67c4d3246b1e1d4adb4bcf85903b3619f188a6913a5a6e2a7cc0311056fd2cf598a2e20dd9a1cd96193,1,1,2.202922344207764,-2.337786197662353,4.540708541870117
hindi,2de3db24e998f00d734a8da3c51f592d40cdff55dfae3f290f4b0ef2e1acb63313eba952692afa76afcc1912d4c5fbd103d7bc838757a2bd55293827e758500e,4,4,4.601694703102112,2.888247460126877,1.713447242975235
hindi,2f0f109ed0afdb1a06c0ad751e352d0e0dc41767609a511c4b9111a62769bc467468b5f4d3cf2c618cc479ca33b2a7b3412b01d883cfcb15d8cb23222912fd16,1,1,-1.3034747838974,-2.8053395748138428,1.5018647909164429
hindi,2f15fd7bc51b2ba02064a0da5d475e0d6fc67649859ea797ce166b32fbfcd6af3d56241cdaa9d7107918bf5979de4ab7e702c6f255f5f2cfb0d154e19d960b17,5,5,-4.326027202606201,-0.4346740245819092,-3.891353178024292
hindi,2fab289aa06c3d3ed662c848272fccd54cfe903fbc7895c797a394c8ac5314a6dcbd94b498eb6af96d006c568ea2a0d523ca6b0212684ed46408338da97c2b0b,4,4,4.927639603614807,-1.3566488325595856,6.284288436174393
hindi,311217067d55b7cce037852182d16a8e446e955f838c22ea621a12cf2d0fcb73cef39d58af1b90b48bc6a39e94534cd5781370c0e4affc028225fa2b2f7029f0,3,3,-5.091115713119507,0.8728062113126119,-5.963921924432118
hindi,3255dc44d5426ad255e14c4db4d12b224dfffd1e594a400a47cee7aafcd670d56a9834052a13be30307100ec6a3e1f8bffe33260e25f32c5a89ef64c744c0433,4,4,5.159680128097534,6.5459606647491455,-1.3862805366516113
hindi,32bf5ca000a1d646bb2e636e32c4bd507750c204271ab585b1e9fab7d08103c7e07825bdb376119fdef205be82f6e81766655dd5590cc21ec598b79a5c18e45f,5,5,0.604906189441681,0.8376177668571472,-0.23271157741546622
hindi,345ead41094d4bf4aae58398d87ab219b6ffd948dd640a1a2a4da43e2522343c539d11a27052a9cca1014b590e440971db0710852df02639dc9f3d304469aaca,4,4,-1.831645905971527,-4.204042553901672,2.3723966479301453
hindi,34e28668a9c620bcc5172c529794512391e8e08541348c8a084034b7d2648cd193246c3828994fdfb3422d558dfd427518de5b346849457179d617c215efd45e,2,2,4.873616456985474,4.908799052238464,-0.03518259525299072
hindi,3512a2ce63a4044e19713803ad92889a443d1d6fe4e83bd00833b842957b10139899aa75c48d47ecd6d7e02112c2f7d3dbf5e752d40bfb9bffe073a8983b56b9,4,4,1.5599779160693288,2.2839119136333466,-0.7239339975640178
hindi,35b57937a48c8fa81eaa6a6af0b8228f449a80b7228b9d97f8ba3a9963ecfdc2bd5c60372b83e4f7ca0133fbb9c4dfdbcb554dbf34c2a262de380f4d396f042a,1,1,-0.5944842100143433,-0.431179940700531,-0.16330426931381226
hindi,36062260d676bde6039ce120c376465b2bd64e0699bac4f5ccf693568a39376a0cbc895a1c3ad2b74de0236420dc51f0dc3bc8d7f1fcac394756286a2c426056,3,3,2.44205105304718,0.20953047275543213,2.232520580291748
hindi,369ad14c74f52ab1579e8df7c213c4d5982ddfbf5d67057d8ef5e11f88177dc8e428d628ff7610a25681bd43d33237d2c914c41097f20905142011a579a50612,3,3,2.68136723463734,0.12372573713461558,2.5576414975027246
hindi,37b6f1162616e55fc582c2dae2bad013d8c460c8c44a22899b8c6d8b306cbc3e2eec8eb0f3e9c12e912ccb39aa07d9334bfdfc914e2622b7e610d06cd5c47c70,2,2,2.56337571144104,-2.6479838490486145,5.2113595604896545
hindi,385b2ee342869a3a1f9add4ac419003ee7426e166e5d1bcfafe0ac31c42b8b7fedb05feda633d4f1bbe50b8295b67306309ada6a657caf1720c3c97245eeaeb2,1,1,-4.5186638832092285,-1.3179601430892944,-3.200703740119934
hindi,389842e0cd33cfb9876ef3d2f0e50eb0d9842d3a72efb647244e2cab4f456609c2fe3c3584b5307808cc70d8a9f6cbc18617ef2eadf45ed518b03c0dee8dfd87,5,5,4.299726414680481,-0.8650018692016601,5.164728283882141
hindi,38a6ab913e27c72c3f28f3d2da65caa00933288bfaaa24633ad7168676bf34a4bdf59bba015f1be078031901c2a05ed997cd106fc7bb6ffe0cead3f59ca77415,5,5,5.17836742401123,6.127424526214599,-0.9490571022033691
hindi,3a9a2751ae7b00505f0ab31fe4c6b3d76e4b23763244c136363aed1903cc89d8668e1187df7236c6ac0ef40422fd5802ca4000aa26a29cc5c77c978b07a4d12a,3,3,1.5432590246200562,-4.226854840914409,5.770113865534465
hindi,3aef16007bd29046bf29aa965433206ce23419410af7d4bc3d292635ddc31b83ce37bccb79f9f0fb3d857b77a1bba903b1dfbadc1d390b9c5b687a475c9f29a6,4,4,3.6977625489234924,-0.7299834936857224,4.427746042609215
hindi,3c47037b539064a039337a1c897e88029bf7cfb906524864e55c38b90aa9efe57730742089a7f2a1b508952b6272c39cd50f7d701230bde9d0afdf4fefc05d8a,4,4,1.5005510747432709,-1.998713195323944,3.499264270067215
hindi,3cc689cef88ce2eef03fd3065b6ad230f3510ced585ce0ed79f637bea2ddf7ab025d93e97a52c579d31d186f0512b29153286885b7c54221a569102a68dec661,5,5,-0.04265661239624023,-0.10361740589141846,0.06096079349517823
hindi,3d60da54a5e96710c627c37362c5f17d026c725b99466b5596f08c6584beafa8dd546aff3ef61dd1cfda5150cdd82d08970d8ad36a49e933571b903361a6cbdd,3,3,5.570729414621989,2.055499792098999,3.51522962252299
hindi,3d78afcfc84ca5a9b304c3354f6bfcb59071c723ed2101b94ea2d29b0cb36a2fa1a157f76ed759987a0271444c50355aadb50e7d6387444fb3c2740bf66a8be1,1,1,0.0037139803171157,-3.179352045059204,3.18306602537632
hindi,3db6bed8f713bb226c8e1414c97e0da016bf5573c7281dda13149cf951a3bab57698d09a84cbf226aebc5f978c42bbb83ee009e4e787f7674304a0ef235be968,4,4,2.5769592858850956,-0.5221708081662655,3.099130094051361
hindi,3dbb15be45bbb6a44cee0c715a4fd06c4e5267061420217c4a4279a8f47365fa3c7243c274d08ddaa39a11d39b1c281760c59e358f1a4b14914923605831a3b8,3,3,5.560145537058513,-0.6924189726511637,6.252564509709677
hindi,3e444b1d4cdc23e8a54c43d1ac3345d6835dbaa76477746b5e5250bce5018392d78fb03ea06a10b718ac956846d3e8010411d57ef75bf8debac74979ebf00f1d,1,1,-5.765335559844971,-5.799149513244629,0.0338139533996582
hindi,3f0b866ee8d4499e4c0de09d34862acbb1ea0139f53bf7f1271a8648fb35d9a3a31272a8bc7af870e3b52bf7f4cb51ae512fa07df79663eaeafa30221c0b200b,4,4,-3.1417701840400696,-4.853564143180847,1.7117939591407776
hindi,3f6b6371f7312ac797f5d02bf334e9b13ead1882e2e9958e0a766c835a40fc8236d150a219d214e4879b1713d00569d69293518868e735ef6e2e030b1def79d1,2,2,-0.5295533239841461,-0.8771768808364868,0.3476235568523407
hindi,40755351d14a54150898c5756a00e1c19d4099c2b7fca916bd7eb5967ce050c2fa3e5870250539857dbb1005de528c8a967e18a0f7dfd0dfce66024cc6a979c0,3,3,4.994584560394287,-1.5868699153264363,6.581454475720723
hindi,4165462ba3028c7e25d5ff7abf7e81fe2d31ab129cfa039232a6753837447e299445e86cc1a94db3a8957d1cf55c3a1aaa96b297a0c75a814bc1a2df686daae8,5,5,1.702008491754532,-0.9015717893838883,2.60358028113842
hindi,424c16a8450e8b742c1380d9d38d919d880a36379e8c7e09126a2a8411022bc42cbae339c1d8dfd42695fb073ca783ed5e86b8a2531d11c4491259ab1378e445,3,3,0.8937558730443319,6.968389987945557,-6.074634114901225
hindi,42adfde56dd3d69ed58436d1e8a55fac999afb0e390ebc65c299c3cd2b7258cb079683412241e54e7fa275e56a02bd19a10d6a17fead09988cd0fad2e6061e7b,5,5,2.6149054527282716,-3.5087784051895143,6.123683857917786
hindi,42dbccb16fa1ce50253a96dee532a7c4030f9daa92599271e4c0692efc8e58f669205bbcedf0ddf1f51f1e5753260ad39f6e0a5e6f85d5d24b3c5b3a20114c4c,5,5,3.0333853721618653,1.4363786458969117,1.5970067262649537
hindi,439f45a458aa3fb2b90c635b0b8f07e4182c5aec6177ec417f91ee355768fc1655301d31a1c35a6a1727014480d611123576f5e9f6c96385b515a83690d70366,3,3,0.39456547300020856,-1.8068872392177582,2.2014527122179666
hindi,43bc745f9a7b6bd69a6cf5af88d6d8a31436266533dfa04def07f906d4fd43867f88a11badb4e6b57aefd010b66136392f98b79281d97eebcad6333be3d07cb2,4,4,2.3821480460464954,-0.461441483348608,2.8435895293951035
hindi,43dc11a5328c78dc9536527d6945245d5b3e371fdeea987ac538a30956eacc649639e2b09c28bf3ee4f4f764475880bb8f68a5cd20ef78800a664b72a86ffe58,5,5,5.087877941131592,-4.600594711303711,9.688472652435303
hindi,4498fc8a02fdc71bd6238e7020b44ddb11b2922e44e1fda1ccc177f6d24c99b0ef8b526c40d48f44b73cf32a8138e49b9e0fc93e64be8c318d8b7b9f84870bfa,1,1,-1.9460304975509644,-2.3547616004943848,0.4087311029434204
hindi,45067264d2b61e264ecad7458eac3d1b34e0fa920f07b620c960183b5da33e9162e941624364882bef970388a81035ea2059171afb0b405fec83186454db1279,1,1,1.3540925979614258,-2.667558193206787,4.021650791168213
hindi,461059307d756b80d08835b893bbee0e93e8cf237db0b4ba90a0b34adfa5ee77c44a3777d5a0c19d7a920260f7fd54fdd84661371abe9ece4b08ea2624146827,3,3,1.5432523638010025,-2.384885589281718,3.9281379530827203
hindi,46369e01baf2553b6269322ed95fc7afe1865c88e5f462390a20e35e6af12cc97960c4874ecda585cb422e132fee3f04da4f91fa41175b3b36d9bc7d7033edf1,2,2,2.513005346059799,-0.9414698630571366,3.4544752091169357
hindi,4644748187470f64f6ed65cf1359011fe9976a6793a239689c6fea7b052468f9b14522162bcf4f659a819bbfb682ab2b57edc3a8b2009dba5d6986635b97e9c1,1,1,-2.6981160640716557,-0.3265812993049621,-2.3715347647666936
hindi,46f23ae11e8565e979749342e1097a77fe3ef574253f10323351763c97b22c07b42362b03c576fa1d45361cede36368bbd6b9325f1f93cd2b8ed161a560ece2a,5,5,5.439807319641114,0.16456301510334018,5.2752443045377735
hindi,47de2452e6533a1ac8008a109922c7796071e6e7184f269fea46f1c268cfea53c4370dc1ad37390e369be03a0da5f16fbb9a2a141b8fc250384fa18fb23deae4,1,1,1.6986396312713623,6.431597709655762,-4.732958078384399
hindi,4bf6e446d97c11b48f8309ab29d202711dab968676351fc66463ffd24b97d11fb7d34e50a5bc9544e075ad2038996abb9387ae6a627acb911f4b514124a3d3a7,2,2,4.553287506103516,-1.9503234028816223,6.503610908985138
hindi,4c946f553c704abd727b3818b1d22dba011a368043575278b58ae219f71cb8914e6cac82abe55d7da17f49bea4cceb3b96c17355a6f5b078c19a947defb9061c,5,5,3.4363051652908325,-4.749186038970947,8.18549120426178
hindi,4cef3c57c7794a486d20711b806222df778778312c01a26669a9c4fd75b74a3792424787393673b302401d3d994431c97c30b2d1b8bd6caa0fd563460fed5093,5,5,3.777889680862427,-3.187976932525635,6.965866613388062
hindi,4d52efb85f43252b4fa0af3ad7d8890f17e05c834b40f81b03d9f240ca3117bd7db0c1aa0bbdfc8844a852050c37a5d8911082669f388a4572d8971f41ed26e3,2,2,3.456376314163208,-1.5285023748874664,4.984878689050674
hindi,4ed9b617b3f93ef9ae23b42f64cf4e1d53ffefcf405e7e908ad346119c60ff08710f902131c673fcca0a5f0b8980b8e128ba5e30ccefc5780ced1cacb3dde0ed,4,4,4.9554363489151,6.042741537094116,-1.0873051881790161
hindi,4f7f65a3c1d0ad3bc8c1b1b9d1f99a33e4785aac4a57bf5803876af5b7bd8c4d96f9ce70fa5d287f0aa26fa4aa86e8572fa595a5554dc71ae32d82496237da62,4,4,4.5119277238845825,3.6024131178855896,0.9095146059989929
hindi,4fcdd17805b736cac2dc920985d2187185e759b54d9cfe7d2654dd8f4aff10e630e579edcb5cb4d04f215bebe6d096d9e932203345ad7272e889beca6a5c20e7,5,5,-1.9891035676002502,-2.2702203512191774,0.2811167836189272
hindi,5191b8af39731f5141ffac823e13e25016e5b3109209f12d3337bdfc92ddff74ea717e293a01fe3b90fb2be2a87b0621cc385140b097b7e6d76f1d2e2f319d74,3,3,3.721755345662435,-5.033323764801025,8.75507911046346
hindi,51ac71db84d066b7c2fe1dd940f0e75602010e8a2c0a23df2b47108a43c6df09aea35278f729be243a1d02576df693c13705cc367b391889be00e5a572b08fb5,4,4,-3.7661107778549194,-0.5943968584761025,-3.171713919378817
hindi,52f22814969ddf3ae439c9927cdc815781938e7b8db9939cbe5cc7211c83b3dd6eccb62b360571d4002d64878c3b70340e8a76bf784048ff984b73b71d31fc52,5,5,3.295828652381897,0.7088168144226075,2.58701183795929
hindi,5310b36732adcb306bf541cfc07167aab125fdc69f95b159dc7599776e6c59eba8b9c847e20aad3e0d2cedcc27f1e73e9d9b7e9522ec4287c3f54c98bbca7ea7,2,2,4.79096245765686,-0.6723392009735107,5.463301658630371
hindi,53c5dd7ebb08179dca2b5f3992b991b3d28288202e01a950d1e70510db84b5cdf9cb5e72803a4212e7428e60b2ddda26a81dbdc01410725d0d6de265d86cb530,4,4,3.7786635160446167,-1.4146862626075745,5.193349778652191
hindi,547e2977be99b122ceb7196c97d4bb97bc3bdb4261d43618dbc385183d672f6e43db8b2c67f0ddbfecfa5f7adcbe25b21aa515729c369a5161e7fefbe2e6a91c,3,3,3.4690932035446167,-4.770134210586548,8.239227414131165
hindi,550c775712c46fac6b29f44c8e1e47790ad3d24a4596e9befdad47efbafbcd202634809eed3f54d8b62ec448b24bbe8a67c224d24ae7ed2b6870581a3fd2dcd3,5,5,4.741845035552979,-2.858077573776245,7.599922609329224
hindi,551ead2654838dfeb5faff96cbcc6d7ca4ac208e9f84293d31d5c89ae3e612bcc525e7f2cc8a050c834c1d550d9880c84e908cf0c4e90a885b36001c989f7aa6,4,4,4.072689473628998,-0.4489387422800064,4.521628215909004
hindi,552fd8cf90f15edcaf7388b1164d58d7eae5f20674dc780b9efb9d43c80af1ccbdef88d0ddfb76038b9614eda2b556cbb4fa8a46ca54ad7dcc43d9298b63f1eb,5,5,2.6278740882873537,2.0839986205101013,0.5438754677772524
hindi,5549b78a80f610ada13425ce57675ee97038a21d344187eab6b96f1006fd53e01f693feb367b9348c379911488a464a23b3c95a61f2295aa86d9cf6d8292c43c,1,1,5.371734619140625,-3.419684410095215,8.79141902923584
hindi,55facf37cfec7564d08860906bdb688d9e2c45d7ac50a054dcc66778b3b1a10a9489051097f6fe9232742597187752dc71f4f0432aa771771721c259ff4324c7,4,4,-0.22903368994593615,-4.774418771266937,4.545385081321001
hindi,56ba5616ef927a5c046387ad41208d615386a7bf95a3752a607516baf5fcc8fa5a93d8319617fcece315e6fc4a611dc2c2a3ec78a7e0244368ddcba4c2bfee0a,3,3,5.576287905375163,0.48164809743563336,5.094639807939529
hindi,58913ffb4a411d7b14318c0cadbfb8ccdf1ed3dd5c7173b948c382329be9bb3fd15f6a5b863c94639786da4b32fa679087d9b0d4a04711dec86e1b82ed92c369,5,5,-2.417620396614075,-4.8658068656921385,2.4481864690780637
hindi,5910123d516315dfc2a43523d5cbc63444096a4cd38bb8b772155e3c51fb2f1eb673beaa1603de242ad8aa5dafe9d0ebd85a1c02bc6a7ee45e636585932306ae,5,5,6.078789138793946,6.849135303497315,-0.7703461647033691
hindi,5a2a681a4af95b92777b6adcd74644a5291136b27678f3afb168b9ebcc348031ce19ae24e738331ee6e5e5e54f6c4c560d455f898f348ad11957ec799c28fe59,5,5,4.832948493957519,-2.917255401611328,7.7502038955688475
hindi,5a6f47bcb6c561dcfa6961b198d280ba77d188c7e511b84b1481770b1878583bcc74c8674f4f862c9ccbb54f4cfa3b2919ef94c8ace1c6fb22abe7c70365f402,3,3,0.48938828830917674,-2.6854213078816733,3.1748095961908502
hindi,5b3872837902e6d95327320c254ce8cc9e7b69e3ad4e2e54f93009f6f44af95a3b2bd03dd9504518ddea0ce1bb0793458ea03d00ccd3c918aba1a0a91476da99,5,5,1.2447756052017211,-3.9491846323013307,5.193960237503052
hindi,5d04e341d28471b5a0877f8fdc6dfb88a706c40c3a904e7e0b0982891ccab4d619b816f3a5dc1025591b7cfdc9f56ef10169afd22bfcd78c1ee7b6fc4e36bc03,4,4,3.8577955961227417,1.2708934247493744,2.5869021713733673
hindi,5d11b952e9611a75d83a6b37c9eb61990cda39a280a57ed6b8e1e5169bbf408c23a2618a05bd8ed04bef3258fc84db91cac825708b4163b8053d8301d130370b,2,2,4.4760966300964355,2.6507711485028267,1.8253254815936089
hindi,5e46ac50eb1d862c9c16cabb7768b1b412ed7ec5a51e13e22953cbb21d43c30f5addea8f5b6797634a95c8140661feb46f36a8e68d9968dc8452c0ac88af7e59,4,4,1.9875187389552593,0.7062633633613586,1.2812553755939007
hindi,5ed8ac2780bfa08239e0aaa23e691fbf20930452cfd1163db395388d3dbff09ffc862aedc9ce80763a39a782ecb2ad5f729198b4f8565adbfc50bb5327957cc2,4,4,-1.0955419689416885,-3.3265325725078583,2.2309906035661697
hindi,609b987b0c28816376ca4600e84ac46f316c5ecae12f343736ea7087cbca60c73306ea2cd541508c23238b3ca316dd74f4103b0a836637a587af0f638cbb41bb,1,1,4.15867805480957,0.5160583853721619,3.6426196694374084
hindi,60b2daa4cda30b5320834f3c2d21ea1841b52ccd7bf7ed4689f3ff27ca59c3323707c95e9a17bea4082356c576bbc3f17a00106134240f3632529b329fc1e62a,5,5,2.5157832384109495,-2.3823445558547975,4.898127794265747
hindi,621e009fa43e75aecd867db6acd010a1a280b1faeb916e3a5e1a0bf8346fd32406c7ac120765bc592bf0484fcc239c756ead9625c64f9c6b3e9210bdf698995c,4,4,4.854151964187622,-0.6562003493309021,5.510352313518524
hindi,63293ff4cc67280b10da2df2fd2763db65ca8493af191e121605b45457373b9d2f7d073324125f2ec4d3d5aa138903f3532048b49083306757421a463dcad13b,5,5,3.3727842807769775,-2.7104793429374694,6.083263623714447
hindi,634801e3e952aa1af7c19ab36d4ccdba5839f1b3ee5333455fba7edbf6dac42828d7e77c4b4eb6f9830708b06d85de7d9532dbd890f6067da9241172fa0722b8,1,1,2.997633934020996,6.847174167633057,-3.8495402336120605
hindi,64fcf403ddfb930184eae9b9ad9fbb9a712ebab06fdb5e7dbe7621dcd2cd5101f593c37e8e254ff38294b6dcc8bec4808c197c2d7599c0c4126045b1ac9b51d0,5,5,-1.9849904775619507,2.1400949358940125,-4.125085413455963
hindi,6599122319c224d4b370bdaa817d68a9d0d1774b81aada4980c0519f78ae3a9ebea33cc1b8fc6a20008d791474bdefb675e448b3c00d10d0fd05a39e153e922e,3,3,2.553760568300883,-0.3783962180217107,2.9321567863225937
hindi,65d886c17e6173ec624dcf8fa7a03e75f82801af0e6b0a177d149e9137b2bc1c6f88b5e060a9db7493ec77e6ef243e8a1b1ca307a3f303b8d8a5c80dbd08572d,1,1,-4.989597320556641,-5.659240245819092,0.6696429252624512
hindi,667b36242d97d9f3edcf1ad89b30e576116248bed850abd8f8852c007009e17b15b9fe3776de3b0ab9053d43354b02bfb3f91c34bf13ab0d2ff8ebd00039a285,1,1,-6.1254472732543945,4.5462141036987305,-10.671661376953125
hindi,66a86ae3d3f3eb48e5bad97a370e6813f967d7744dc410051a5092e6bbd0da658ea468af2518aef0db5231c7bd0ed0034baa278b9bd688d6e2dc295d9692ecb8,3,3,4.829395929972331,5.559685707092285,-0.7302897771199541
hindi,66a88b75ea15aaa9fb4c1df2cbe47bb9c4ab8413fc8ce00c0e57e575c654fb438f8e904a08fd98bcd999bce1172284461b746308609836e75916aa7cf8c2a2d4,2,2,-1.0388011634349823,6.1136155128479,-7.152416676282883
hindi,68b08c34ed8b5919c7565855d192c459a11812d7fdaaebf088cb6579ae585983139315774bcb13db7e2a5d51f8c236ea2f485e182c91e2edd75609091f07d48c,1,1,-2.441691875457764,-1.103077054023743,-1.3386148214340212
hindi,68cb270e1215efd79204c075fb9df17b4ea024a7c09f74970ea4e506e73229238b2c3b3fc62c0f650e4fbd93cfbdd109b4442bcd5292c50b81cf80146568bf42,5,5,5.24704155921936,0.8181369543075562,4.4289046049118035
hindi,68f6c1a73cd1fedebd22d190a8c2352a4feea8200e8d49174816717f511d25ed723e883d204f75070930e1375aede06c9900b2a5e505584b63ef82d42f37fe3a,1,1,4.665670394897461,3.434454917907715,1.231215476989746
hindi,6990e943cefc8a2ed3e12aa2c2a781793096d1aaf311b175943b3029333a59e74f30086965cfb6f7db8b79b431c41a44e6b4aa3f806707fc0c4e5da883dd1d54,5,5,4.2493016719818115,-1.8465911746025085,6.09589284658432
hindi,6b807daab3e34c4820b8d1479f760b35e44e818f9121ce49b70e8cf1fa61e9248b255de0499371b2da3b304c64dd088e8079a770832d3e1036b7d8fb52aebfc8,3,3,-0.05780456960201263,-1.2555587291717532,1.1977541595697405
hindi,6cd8f602bf899de8fa9a30238cb461650682d47e62a5d12042ec213877ca4d9f7f83e3635c1374cddf16260688058dddb7ba7f5466c279dadd85e033038b6b08,4,4,-1.061960879713297,1.4923965632915501,-2.554357443004847
hindi,6cf993f4fafe38bd3c810d7c710b924bdb8c025eb16d8bca0dc4f1e80412d81f4a52ac9b99b550eed19088e1eaaf4dea5a07d51777b4ceaa99368d2ee1973ecf,1,1,-3.4115750789642334,2.955384969711304,-6.366960048675537
hindi,6df495560d58f0f6ac6a60905c9b76afb803f720f6913f4f0e246101dd900d31c97c6001ddf9ee67cffbb1ab614040fa6b58ede138962cc22a3a073e93ae7f2a,2,2,5.285149812698364,-0.9105373620986938,6.195687174797058
hindi,6df5947ecd6093ba0b8088111d11231f209c5377b37d2ec78fb66df1c555d0c218e4a7dfd601f4d5395ec9f0579ec4eca44d2fd60b09e80bc62ef446ea485886,5,5,-2.3500703811645507,-2.649806761741638,0.2997363805770874
hindi,6e20e06229081bf9c063f01cd7b3e0a759f5953624213afea5c397d4b7fe9a4dc5dae704a5faf61147d4155de50dc4a2cafdf78e7e2f8a3dc8633f276065b4cc,5,5,2.516064354777336,-2.564340591430664,5.0804049462080005
hindi,6ebad08c5960e5ac3ec20197f173828d6da580b660c01794cdd4270089cdd590b3d512277ba38e372e860e7e9e9d9621fbeec2edd3ab07dcfe713a646c246543,3,3,3.4350752433141074,-1.9289557933807373,5.364031036694845
hindi,6f3cdaef649635685d3a90ee62bab981848e6ed6f25f28b9b43c2f3d4ac51b4e42a36ead3b4b83add1e9bd60f0c66f05ecfe7c7c5154b6345a1c2f1c85b32fa8,4,4,3.069091960787773,-4.773247718811035,7.842339679598808
hindi,70c96a46f6827039223782fee3a93b99fa8168c84d3e5f9a0e2a1f16cfc1d62ad6f52d19ac175ad3ee541abd81068d089df3693e843b932053395156f6ff36b6,5,5,-1.4908742666244508,-3.5580071926116945,2.0671329259872437
hindi,70d88d4c44e1cdf95c1d79d4d5377362b0a154121ae535e0dd78dae908e37e7c5d6e5bbdf117f33fa7fe3e2b3b823339ff5afc7854685263b27e78ada3a47e35,1,1,-2.818213939666748,-5.621356964111328,2.80314302444458
hindi,72f877fac9bb314cc8a49f707222e440bdbf0011ca28657fa408f62c6b95ed4f617faa364554b0b0a75f4c74e6a1a745f376376bbadd8c8737f405f04bd49632,4,4,2.0811607241630554,-2.2621087841689587,4.343269508332014
hindi,730d0b5ab2ac3560942798c95eca436e23aa39ac97ae0d8c6303446a537d615166a0f64a5a3da21fcedabf70e237b139e973b008e4d664c813bfcde4d3890c00,1,1,-5.668426513671875,6.122115612030029,-11.790542125701904
hindi,7326fd44da6109c89ec276b95f98ffd39047d49d7e1536130289a11dbfa602021daf12361b10c901a36586a3b2506e03697a0e6c20142cb527e312e04ac11aff,1,1,3.112532138824463,4.099273681640625,-0.9867415428161621
hindi,74751bae9cd9bc9a9c005dce39ee035a3d1a201afb6bc83523226793b7fa2526d2c29ccebaaee7bcc6af9949646ae1bde77eade6fcec218564391c06e0ec86d3,3,3,4.986733913421631,1.4959983490407467,3.490735564380884
hindi,755950c6eb4b91d87a8d62458e27e794e08783fbb4e47b61730e21bb685a9d3634dab0401114292ec8b3d3a282e0248c34c8868056fdb057716c14ae2b9844fc,5,5,2.875191307067871,-0.5004728257656097,3.3756641328334807
hindi,7570a71e8291317409ff389bd743ae3946da5a2b9540b1d3be2b8e42560a8338f8ced7349b801dee318d981a4d51d1fe60ece80dc66222d056395f1476a1df67,3,3,-1.5723940134048462,-1.4610315759976704,-0.11136243740717577
hindi,758b942bfaf2837bafb0696d5ebc123856f4841aed4dc9d31bb010e7a67246791cda1685a1f4de659ed10843f3be1d227e8f4935ca088afa8531c61ab5bbed26,3,3,1.3824967940648396,-2.196141242980957,3.5786380370457964
hindi,75c6bb7203a8fae0c08c18b39bebaf7f25f86e3b2cdbb1dbd65927288474b3fa5b24c5c88144d238b93b8327677bdfbdf560078a95a3594a6b6ea7dbf3f3eec8,5,5,4.5784242153167725,-3.739954224228859,8.318378439545631
hindi,7645441bdc18d3b030505861df550d84664b9a9931552e1efeafab2fc218b84b74173a02073f3ab449dfd6be412293b9bfbe39fc0b97793fff0f586d8212ca0d,5,5,2.752005386352539,-2.5005097448825837,5.252515131235123
hindi,76ae0779e8b42a6cebddc96f1c8be8cd17dc128ea3dc6c77c1afef491eb3334aec08ac644ce6b553783bec6530bcd7a8d7869d249d8fc4cbf394c176c2a03fe0,5,5,5.462312698364258,3.3328402638435364,2.1294724345207214
hindi,78014d1d0043184446ff0c083c8868966598975e5daebb9725dc92f60fa5c8d06ce1bb84b84760f14d38217866e6bde176419a1bd9e5f166429d74168b3dd926,2,2,3.0125010013580322,-1.0352469757199287,4.047747977077961
hindi,78899c686b3bdef6619b63f98b03d3f5fdf2ca7427d0ce6dace8a10befc17941b33c5b7b7c2a808f0c670e9560ad5da356b6f4b06407ce3e1a299787168c3b6a,1,1,3.2264556884765625,-4.401926517486572,7.628382205963135
hindi,78ece404c10c0cffd89ca462c3b3c90a2a01c6952c6ddde490d8ee2328c5c86af021cb340fdc9f2e1cad3733905d00d25292a63c668178c3cf8cf8fe02947c58,1,1,4.042379379272461,-0.5975064635276794,4.63988584280014
hindi,79741f3153a904c0ddeb1d81d69b137d61adb2a3f1c8ea30fd32a88a4f7028bbb73f1515f3cac14ad147b8c1845846d96d9333173f71677d207b7ff1357a37c5,5,5,5.16230354309082,0.4710534274578094,4.691250115633011
hindi,7a089d86c2c82f061df264f419453e3740e2a7e030b13163f8802012baaa04bb35130896e3ee83c688d07bce1c74d40e83dabdca6a911dc25d15f97ebb75b7e4,5,5,4.664830017089844,-1.3568193197250367,6.02164933681488
hindi,7b90778674a3659c892533d96bb0aa534879da17cd2f9cb1ae73fc3cc114dda10eba8bb6cfeddbafde910b396a60b95e64b4134430071bf2dd23b8d6a9c32785,5,5,4.828456974029541,6.25467004776001,-1.4262130737304695
hindi,7ee51ec09b8af4f5d3502101adc32f4c67fe0a30b5566bf94a9854fc03ca4b259a0d5669d5ab493a6f9c3d989368a86e6bdc03c1bf0dc61a4995e783776c2ba2,1,1,3.719517946243286,-0.603186309337616,4.322704255580902
hindi,7fbf4c95e3140e3dc38caf6b69156e7b0c31b692322f830bd453acafa852716c55556b85dab23eb2fcf7567541c68490442cf56fba72b2b29acffe250f110146,5,5,4.784391260147094,-1.1801976442337037,5.964588904380798
hindi,8023dc679c28a4172456d8e4b741aba9ed1895ba41b8cd0fd18f02c6775991869a2b8c2802e6ee72defb8caf5ec8ccad0b6fe8fa2b264bb9448ebca8b25c5989,5,5,0.6204946011304855,-1.5138895153999328,2.134384116530418
hindi,806c8f1750366fd789fd41da89a86157e07cc51bb8aae5e3e963abd25d659afa282b2d5d1ae80d08eb78bcbf88984ac5b1c10bb62f2582cdaa48774594e5b746,2,2,4.075472354888916,-0.12318574637174609,4.198658101260662
hindi,807d2d7c9c8215754978fae4f17e36eb94cecc9ae19fe736e8d34d12bb62a75c0a67fbffd21303dc8908bb876f10a3f50e3174c8ca7b0cd61245d875cafffc70,2,2,-3.408491611480713,-0.1586904861032963,-3.2498011253774166
hindi,80d92595b38c164010ef7313465d16463f2c96fa6fc022b2e01e189d36b259ca8c60d34dedd33eb9e2efc010529edd502641106737ba607a53218e01e86be40a,5,5,-1.1002238988876343,-3.089923787117004,1.98969988822937
hindi,80df1054d490d23f8c2523fa0495d60f3cc205e34e95d436f6c923158601404372c2ddea0d8239b414c6a6e342198453e814db3f980e01b97817acc51ea7adc4,3,3,-1.2009685635566711,-1.0107613801956175,-0.1902071833610537
hindi,80ffb7f21aebcd96b01f5098bdf0f377f31fa297c2c30290be3dcd6a69b87e7570cd2e9ce41edb96038e485ce70cf75436dba4a0c7925bb36a68db134979c585,5,5,-3.989490842819214,-3.5995269775390626,-0.38996386528015137
hindi,8525f36954391ad7696abcf66c1383e5409d52980ebd2d7b1063cc48ed81ebd9f8cf3a8c257f079e986893cfa2455e4c832d04863c8fed7db4f4d5951ec34d1b,5,5,4.800547981262207,0.12704011797904968,4.673507863283158
hindi,8532ee1920f74cab963f7b2895f0b5d5519a8762bb1f3b742293915270928c8826003a955e9a9a092982572ddaceed20ff3eaedd2517aa8c4a3759585bfb5493,3,3,4.128130276997884,-0.5373477339744568,4.665478010972341
hindi,86a5ad74610a18262cd67fe5fe6899fe11e9385b2c5685f0688125f800524c5654273f8c7385b59dab90768caa5c803e9c31df10d88f49585ed97665bf90cc32,1,1,6.09115743637085,-0.101817175745964,6.192974612116814
hindi,8a05ca02926d437b43ff4cc21925621fc16dbeaf8e35977e8c6f5da4d29494951203f52e20050d365fe263f76336e15d23cf8d1f0c0514c9fd900f7d92b108a1,5,5,5.26010103225708,-0.44691709280014036,5.70701812505722
hindi,8c19c5b99c8b1ac2264eb9486484732c9d5ec2f0bcc679213d2b2d740efeec83673995013ff2ad72008fa9176ea0eedf32ea29d6b09e71426ac03b6026cff906,3,3,5.355791409810384,-0.9495894312858582,6.305380841096242
hindi,8dd38cae226cf8c49fbba90d0197aa24cea3936d75ae1b715c63ad0d13976463eb1b1ad5394506c09c6fbfd642be3b4a07eb1edf57d08b70fdaa76cb43f384ef,1,1,0.2608302533626556,-4.191336154937744,4.4521664083004
hindi,90041b5706ee244ae468f77fc173f418af7eaeaf77e9e240c6591775adf0b6ec1c2f106f53801ddbf0589017f91e6a1a6eada42c508689e48968b979a528588a,1,1,4.149748802185059,-0.7157911658287048,4.865539968013763
hindi,90b1ff27e108c7aaa1f24faccd2f83f3a0b512139aded53b3866d65cea1197fd3dde486619a36293573b042a4afbc45e29f55c514767c7567f44a3da22c4f9fc,3,3,0.16498207052548727,-1.7422106266021729,1.90719269712766
hindi,90b97ef0ba555036393f0384c8e6f86e4106dc805efe211de0476387e0aa1b4ba028900e2d59bd67c2c14f82e16765211bded26276241d0c0173fa32e166b9b2,2,2,2.186831474304199,1.317569077014923,0.8692623972892761
hindi,927f8731733fc157240975bf02b3117bf9379dd71d63f0a086dd6f4e220dd4d979c60c3a727fe22f3599c41a500a5346701bc2f2fd29dc492cec60bd478d7f1b,1,1,3.478190898895264,-4.16160249710083,7.639793395996094
hindi,9296b5aa6010d28b45a780046d322620298dbbf3189b322a311bd2aaf58e1b3d55d7ca923cccd5f1fadb32a84b85b5c86517b92c6cdefbcee928d6ea9af98645,2,2,3.7446563243865967,-1.9242896437644958,5.6689459681510925
hindi,9392443e20fff21db185ec2e21925398c267cdaec962d7a8bff381ae171fd3563894988fe4244da0866881fb39e56492843fac59b139c31b99211d6c8f44c2ac,5,5,1.3747241139411928,-2.1100848972797395,3.484809011220932
hindi,93f71918fbe69cad830cb49211cb10c9344e04ceca427ea39db38c8b5f5f200a4706f0a12646585364ff3b44f3bb75784005797e3e3259fd9579fa985955b3ac,5,5,0.6119189180433751,-1.5971248984336852,2.2090438164770605
hindi,9492b0374bde3e9f6b0f2910f764eb837b8a3c261e9705422378ca4e59d7e977df84518e2169c11a238bf11cbd8477391bc51fdcf9134ad8216402b0cd5c37c6,4,4,4.7955135107040405,-0.18996186181902885,4.985475372523069
hindi,949d46bd8792e08b2ee6c5736df551c23a26e45db1306d71836317cfc115ff4cf71da8164c9063aeefd98bd8c12626dbe22b79a07420d6fe8317fb6fc9fa368b,5,5,4.249250769615173,4.944382882118225,-0.6951321125030514
hindi,95340b846e677ea27571958308bb11e2403ec2e4464bba7c97372d324e628a906f6be086595117707361a5dd7b41295d64031b6b2a5f2e50f6dc0a1841fd7fa2,5,5,5.941743183135986,6.5174174308776855,-0.5756742477416994
hindi,9564825a0829d21edd512e0523b3dccf946f9cd0f8b90c2589961c1867f2100b337df3df56dcee0dbdc7b4f23de4dc7d2af884dea2f7a3f6a3f3dc081879acfa,5,5,5.982956886291504,4.914039516448975,1.068917369842529
hindi,95cc33ae73783f08510cc8b475a3f7da1144f0cdbfbe42446afc4e8942bf842722a12076a164393f2c52e0db9026e5f129a90feb451956b70f7366a89e026f1c,5,5,2.2502922654151916,6.965927600860596,-4.715635335445404
hindi,9698b39cb85f238f1346eea2dba721e4e8fb440bd4d14b632aef84108f02f47d028463a7076a9eb0333b72fab260a9357f045de63eaaa3c7374ce6a692e081ba,5,5,3.7097519874572753,-2.326680725812912,6.036432713270187
hindi,9801769c27a3734c88c438fbbc4fd95e31d1f04128a9c1119883a512df216d892440e9a8f3d14c835b7e50e57a3e746ce0490c6316f545cb28de9cc9947b9545,1,1,4.830299377441406,-0.3020569682121277,5.132356345653534
hindi,984398a9ba94c5ce43b621c6fee2c6092d5ea3632e0b605bf206a5ae59eba42401dbc36603073eec2117374293d2675a9847d91f1c71deeeeee7c5202840a1ea,5,5,3.0448436737060547,0.16557892560958862,2.879264748096466
hindi,9929c6f2b01a8c28f2e56c628d79399fb1e541643209aa4c5e28768681147947cad19a67ec59f260cf85a4586e3d35fe427119ab932c78c14583d719abff7062,3,3,4.569146235783895,-2.029934803644816,6.599081039428711
hindi,9960686415eb494ee9537261d6666881f9ba972c52152db480cd96dd07d7bf619cd2f1f9d30815cdc61bbbd4eb031b57cf2297022021dc923732cd69a3a4a5d4,5,5,4.8774943351745605,1.9661411553621293,2.9113531798124312
hindi,9a862e8c754a334f2c39963b8da67e4e6e46ef2889e6ac772bb3e3847c4e1586e46be4d21adf569a90009925022013d8900d5ec065a6eaf767a5f0c3f1317f6d,4,4,-2.712438866496086,-5.7696391344070435,3.0572002679109573
hindi,9be22651e8bee8e72a3187d9a27f0e9ed24c178b528062b4ae5d6a2a32dbb8c6001f6d3f15d60270fefa422a2c58426a2c915931d43266eb48a2d15836111a95,5,5,3.491787910461426,2.8057511329650877,0.6860367774963381
hindi,9c12887b11ae7ce76bcb5c4ca6b56f174e89c82f02c52c05b93ac7a40b6fb7b28d8474241a7dc36b3ad5b36eab48a209bf7e68a905ca64ac40b89e9311dec25d,5,5,4.51087121963501,4.633220422267914,-0.12234920263290405
hindi,9daf98d1ee349378718aead0f9edd13b1352e0fe0e72a2d71aa458a79d9f474c8680549bf1d62115d59c13d52d97364c5672adb795ac73db59b709c92cb7870e,4,4,0.5164401978254318,-1.7353784441947937,2.2518186420202255
hindi,9f2ff0bc50ccd0ab79eed640359ccb9c1016d458fcfda044203f727fd8063bca505d1f650c0a66a096c753381ca88026043ab86554e6f9229362771eb98cebad,2,2,4.954552412033081,3.947436809539795,1.0071156024932861
hindi,a066789aa8ea6303bb07718d19b64857704e55535723a8dd43b6976195e18e9adc3a825f268a88ccc32ef7316d710fad8123af7ba21fb7c93daa171de917a426,2,2,0.23809373378753673,-0.05776320397853851,0.29585693776607525
hindi,a1210b5258159b5fb5fda311977b3a1b077b5d1749ce67b7b03278d590973497324f9e4e7a0b17b1f52fc7639965c53871f3e0598c8743f3dd9b8671d147cdac,1,1,6.044454097747803,-0.5910106897354126,6.635464787483215
hindi,a260ddbc5acffed848007a0a9ec6b79936f77999c825631f8f7eb91c11e3369d404de512eb961b464b0208a5da2d4a8cf154dba0a4d11010520e02dbf6039b2f,5,5,-3.259081220626831,-4.175011396408081,0.9159301757812499
hindi,a2b044a3cc841c74db098b363426777071a763d77db580920c5fc4e1955a9099b5c35c47b7e4225544e88c454349e2877524aacedf99fc459bfd50146fcb48d3,1,1,3.2547380924224854,-1.3476687669754028,4.602406859397888
hindi,a2c28d117539109b28276d5e5540bdbecbb41fa7636feb31c13b30ef682d84510bc4f850d7f3fa14d4304d61267d1c8f3f6352ae409d69df77f10dbb657a9c01,1,1,-4.5854997634887695,-3.989675521850586,-0.5958242416381836
hindi,a3069630fb79df0d9eae6fb7c0ed4c47a06faa08d3fe8be08872d56597dc9e31932cf3ffb9d63c47880e76dd8364d7ab7cfa1fe4021aa681218a4854c60fbf45,1,1,4.7842206954956055,6.25311803817749,-1.4688973426818848
hindi,a34b3f5fa057f54bc74179593acc5d316145622c5ece92f2e9b2d74a2de7fa87ed863a9061955f68625d580b33faa23dcd31f9c5a6f9c1e1dd8790a4ba671f57,4,4,3.5611216723918915,-2.278163567185402,5.839285239577293
hindi,a3c9eb18e51d74ec5fbf9ca9ca1d5edf24c691d0f685ef2ffc8689d107710a300eec2172a79cc039b119ebc451ab794cb8519ce2d3c37209c7f24649089a7fc2,5,5,4.5467630386352536,3.1781587183475493,1.3686043202877043
hindi,a4a1040c8228b7c4f4f6d82e4db994894b669b51b15980a75e3c7f8f91169c13973557c4f950a4eef6447617ff114233bc495632040f6b24694c4127cc9a86b9,1,1,5.010245800018311,0.5516966581344604,4.458549141883851
hindi,a6d08697c738730178993390c6a57ba2b8e2944e43cf91bc222be8589b56ae2271a0e072fadd7f735cc7479c0ea16887e186a8e4a478276381c1d96dcd49e461,2,2,3.1213012039661407,7.02904748916626,-3.907746285200119
hindi,a71fe4c8c51459edc23fad3c7288e0216049d06b3ffb15d556328a42b3d18daf25ac6d1566a0037209e321081df2632dfca7bbeabd547b9eeef87ddf1e6ad329,5,5,5.419945240020752,-0.5617391347885132,5.981684374809265
hindi,a77463c4923319faa0aa9e316c75a0c0b8b57506ca68d5ae159872b937710f58e5559c8f319e0d9b23c3c80f7bff29a739634859ac38c3cb38e1f278cc7d4b97,5,5,0.9002696633338928,1.8397706679999828,-0.93950100466609
hindi,a8cef7bd6abaf998566f0ccf8db1ec57de7ea766b6d81496d00a45d203ac4c57386b31d9c6d11d1a9db94b00c5c32594ece3fe7e08bc5f00ae7a043c8a74d9cd,1,1,-1.8795603513717647,-3.4079432487487797,1.528382897377015
hindi,aa9327f862e22c8a7e7c1cc05e596b019cb19e79329dfd7495112ab3dafda315d4ab663885cb951c63be27858c37f1aa245b0907d689b37ee4db113148053cc6,5,5,0.952959144115448,-2.2753262281417848,3.2282853722572327
hindi,aabd80b27714da5c6b5d4592a6f29f161db3cb06672ab14afb56eaf550ac0be0c14536ba5df7358621f018a4bc767c8c8477eaa4746830cf31ec4cdbcc2193fc,5,5,0.041078392416238785,5.549678707122803,-5.508600314706564
hindi,aae384c088b18eed8da9fe141de09f584054ad55ee2a6514c682c1bd425784ed886c928e35a66fa611ccad98b44274839b2b5f7c3fe678e1c8740cfc90389187,4,4,1.1175664961338043,-3.343575179576874,4.461141675710678
hindi,aaf6b52267451edd43f92433e040803b7c695022ac637484427c841d61dddefbc79acf6b684ebc2769e18c649d9b7a520a0041ecb7898d3f7e49d804f477a3ac,5,5,-2.8341023445129396,6.057781219482422,-8.89188356399536
hindi,aafda704e52784565ee078117b2a7941d822e96444d43cfe115de75e654f8c08c23b050eebe7b4264498537464b6e45cd0624f23aec65f904b156464d5056d52,5,5,3.121105933189392,-0.7655241549015045,3.8866300880908966
hindi,ac38b13197dccd9b8389b7ea08fa62f18a0ad7549e1dcb0ac6d9a05f3c3cf0e1a38c50b32020c420310616620b70345d1c7ec60431e9af8f1dd471d271dd2c81,5,5,-2.53274577781558,-3.663622534275055,1.1308767564594748
hindi,ad5e39137a4e6b3d63af8cb8c0616cf40e99a3d4e3b2d21118d8229a2c45c9cf229a042465be9620e596282b99a880abfc64e732d2898b8e3264a6a3e1871102,1,1,3.0981011390686035,4.771488189697266,-1.673387050628662
hindi,ae0207e1b992822da425c226998ea35fa5a75ad2e871945773ba6a3a2a1198e2b949343a3576e4840ddbf58db73c345288cca62ba4835d8a03bf508c2d06f3d6,2,2,1.5203585624694824,-1.067602664232254,2.5879612267017365
hindi,ae0a0fe60554522906f5f10d702870d8b639c50f99a9ba0d357814bdce5f39421c6e2ac11f10a3e1b2d1bc606b887b6fc12d2b50fa34afe36a725b6191d5ab4b,2,2,-0.30822119861841196,-1.393950343132019,1.085729144513607
hindi,ae1ae84ba2341eb4c7c3fa47026ddc0b784387b58fa28c0a69f32c966e590141de3da70921c65c3477fb49575fab03213843d087f177422adb685978ca5c4b13,4,4,5.59371030330658,-2.3715761452913284,7.965286448597908
hindi,aff2956ed66065c2040906c6e11253e54ffc0b308716a128efaa77f3d6e3556995079d82c9e63b19a0ab8b910eee082f68314b87acfd5c070341b6b9e1bda5bf,2,2,-1.1271629333496094,0.07585442066192627,-1.2030173540115356
hindi,b3384290eb1959d422480362d83e5209c28470116f7c5b10b0306ace4c6c34fec56325a07bec155e841663e775d0573922c4e90dd59bad4795f5d75530c6732e,3,3,4.059493621190389,-0.5581444700558981,4.617638091246286
hindi,b3a9d00791dae63b944756627fdb96c21c53f4d69beef3a56780607d83e56d0a6faf52d5d704c925bb323f8b2c9a168a87c2cd94fcc3d3abf6b034c9e7f5cd77,5,5,5.037562322616577,-0.6090887546539306,5.646651077270508
hindi,b4069adc243cc7836a2bf30d44984b772c144f867bb92b4226209bcdc0783ee26b25bf51d2c4e42b8af14bfe3d183fb5aed4fd783bddc50d124f0970cce3dcd8,5,5,2.6881546497344972,-0.8335944414138794,3.5217490911483766
hindi,b4c5626549de1a6d4b4aba5a71a46743d0f4d2d8e112428305e445a3d5b788f2ef545a304cb9af7dea34e244041ba584beebde36bf5d5c4f816500371016a63d,1,1,1.7945314645767212,-3.388124227523804,5.182655692100525
hindi,b4dcba6c853f94a6e9abf98d501e79af3eec51ee1635fb1529bb4103e9fa495c7c937b7c4e4219bf3d414b549d2476904d15ff5feeb26b478b01bdc367f61bb2,2,2,3.0339392125606537,-0.005883038043975858,3.0398222506046295
hindi,b4f42e39378d93e8dbfced78bbf812a8cc9189b8dfbb1c6645703265e04ab91bedc692dbfa2b975577e7674dd6c8f12fb351477a3655c9646374d3f3b3fbc1a6,1,1,6.167591094970703,5.351820468902588,0.8157706260681152
hindi,b5368a2dff773c397ef5c49e62c79de17d88d95d2079d13c22dfd061e40dd1528406716bf6158aee618664f8bd5cd01289e1e410afda482364672472b003fd9b,5,5,-1.0529731273651124,1.1410013854503631,-2.1939745128154753
hindi,b64c2976e1395e1a65c549fed8cab613af6f6cf8e2f34416a1933b4c64f0b29ffcb82150ee5e396dab451f109f414930ff4938b4241d97e8919fe9f99a02893d,1,1,4.099482536315918,-2.5613129138946533,6.660795450210571
hindi,b69e010df6113e5d308dc62955e0f00639179e3f7074a50ff065d102adab88d624810f4c5bb6e59977dd65ba69bdff66ff08dc72ff47bd0dbd8dace3e3c392d7,3,3,5.588730176289876,3.8908331394195557,1.6978970368703203
hindi,b726b76c3576ad4edb7eeec20cfca6ae5b5ce074dd7e042da97ec800dc152b6fc7d0c462260dde20cea9d99782632cdd7a47c83c615cfcc3324c9b890fc12ee9,1,1,5.253767967224121,-5.379336357116699,10.63310432434082
hindi,b78cf5eebb8ae39161b94c37c3e8aa39f57e5639997972f1ec983cb9f44fcefc18f1c4227b3d8b263477f3444fe05696da0cbd5dacd3cb3900b2cbcf2370b155,5,5,4.054390525817871,-1.8611679553985596,5.91555848121643
hindi,b7fde8b01808baf29c65724c04b9461381f7985ce4825b5663eb776d15da60e04453179bb8655290425de10178de70a1bd3e57b2381901578b63e663e90c0628,1,1,5.890954971313477,4.792298316955566,1.0986566543579102
hindi,b9854a362f9f2796f98c3105310553f5d5b1d2aea5f247080a0d9ab5d329ac51e5e519bad74bd68b022867bb103a42741c9523a32ce80c3a4ac8ed64c4bde957,5,5,0.20837152004241943,-0.004092174023389817,0.21246369406580926
hindi,b9e669f9010e60c988c15c6c357649706d91c33219725e9a2b12fe7903fa536fc8b34a51ea158f2ba92027617b4944a2514cfa7beb4249f26b23754403940006,5,5,-0.3367988348007202,-4.458388686180115,4.121589851379395
hindi,bbc6419b468f96f9a81d7c8c0eeb06dc2ef630ef810662472bff59d9df3e43bc26b9d784d84faaa541a3d2e1541014302610a7426fb91797046b37d96bacaf2e,2,2,2.891641855239868,3.008748769760132,-0.11710691452026367
hindi,bbf090e6e283e4e37184a2e8d18c4e8b316a072a5565f942ab1fe209609ce93499859b1bc6b7111be2f33203c2746e5c37c57a3fcff52e9a7f38780d6fc39a26,5,5,0.8727239608764649,-0.9495598614215851,1.82228382229805
hindi,bd008914e8d61f280ef49d1b81b9ba5feafa0195842fb73953d414962085d13881380f143efa9cc3014fb5083f2ca49ec0ac216b23e48f676493303b320d17d3,5,5,5.271485900878906,0.5637428671121597,4.7077430337667465
hindi,be10029504aaa30796d27938620d08189f19a31701c9f552f60c99eff87dddfbf804efc53af08d2670685aeaeeb295c9f3326c85b8127b0ad0d1232f03bc1781,5,5,0.4567650079727173,-3.406455326080322,3.8632203340530396
hindi,be71c5c863d6de0f351032d62a7be08c92ba176b5062de0dafb4440746492bbcf9cd33f72220ff106d4b21f86dd04bb624bf109c7252900c3f92b4303d603af1,3,3,5.298230012257894,5.709144115447998,-0.41091410319010446
hindi,bec3277c6c8dbacb7aa7ba04a9c35f956190d6a1d2fdff7d1f82854e93ec3ec507db37e34e75f4b99337491f09abeabf9d41eabbc90cd14cb24790a508fbb712,1,1,-1.7697261571884155,-3.634590148925781,1.8648639917373653
hindi,c0c130a042ca336930590bd4ee7ac3a1ddc31953a4a5848ca2b8dc92142e738a1624463ce88100c1acf4fd19242bfcfc04b6c62c0f89e7a958ff9f02f6520a51,2,2,5.488057613372803,0.5760723948478699,4.911985218524933
hindi,c0fce8f25f23b41ed1321b49a5940b20f8b61130c14559d79ddf3816e5a433e06cad1469ff786911ce97ba8ea234da6b623881f3bb65339d1d3dd296e477a193,5,5,3.9142404079437254,-1.9799002289772034,5.894140636920929
hindi,c127090a8261671f4e68cc31639996579099a014bbd65dc05c580ea8961637ae6978ac28c265bbba5145400258f062bf70f582aac610a13525cacf73579563bd,5,5,-0.3930752038955688,-5.172198677062989,4.77912347316742
hindi,c1edd0ef566e809ba01bf1a3011df6cd0fbf6a1675ba8002e671dd7b16588ea30ff434c78aaae27b190d16c6d7bd32bdd4a6b1ca631c0b3f819e807b3cdef585,5,5,1.456160218268633,6.670258522033691,-5.214098303765058
hindi,c23750233f36c49e4bd285f7ea96c015a9c0fa1055cc2e3ee658ab3d0c7bb39963cc35135c8a024638d1789f2cbdc707f40441d5f6a13cf69e31d9abae8a130a,3,3,2.46887214978536,-2.9714488983154297,5.44032104810079
hindi,c3b879809a9ebf0d819103be644fbf3fee1c8cafd1e2c2f905c8d6d5c2497bcd47b0cb932bb4106b5729479e89ca660253ad1158181c72462d1ce0499047db90,4,4,-1.757606737315655,-0.20192568004131317,-1.5556810572743418
hindi,c3ef3ab4323cf25135e6b13c5baf4f313c3c59fea4cf21337ecb956e033b5b79db26a65c4279f7092dda2c2d1a5175e591e08ba495a247500fe295c3b8cc5327,2,2,-3.0755828619003296,0.2561582326889038,-3.3317410945892334
hindi,c45d64f4a9ad8d1efb4d802830abc40f0e0e29e23a1d399fb4e668a1781d60c7b6329f4ed2b4ee75586b7ef748b73a373cb36707965a2b5785d7e9ce6196f390,5,5,2.473316974937916,0.5037457652390004,1.9695712096989153
hindi,c61dfdcb5c80424483b0d50a3dfa425610d6b7850a341571bd0e34c8a4d96fd3e8c53d963dd19f7a44a40cde8c84d2e0ac7043114c9f70604f378dcb27a96199,2,2,1.211426019668579,3.306228220462799,-2.09480220079422
hindi,c7a77aac9398049c593a06e3bde552061eb033612d2266a548202cc8790a06dd5c5c4fb002e8013ef38f94abed95b3bea0e56c4cb6aa8deecf7c63373764826d,5,5,-3.328668510913849,-2.401933741569519,-0.9267347693443297
hindi,c7c4e5ded1e6121c38594d1e3bbb5a49f1d269f96c2591f9e2d4da7cf5c9cdc7598248c5d24452c832160a2503d344167242cafabc1dc3936e1a6065b281ae77,5,5,-0.5386721372604371,-4.320372009277344,3.7816998720169073
hindi,c88824395561074e0eb0ebc1280d4866dbc29f01c026899e205a1db558ba1be8d683a10dc5e1f8117571ea0794f699ebe359e833d714ad66942a429a2112a5a6,5,5,5.5109453201293945,6.52055778503418,-1.0096124649047855
hindi,c8eabd52eef7e16e14998264ec78831ec7b891135ad93c446e459d4643b02c721b412f4fc828522a478fdbd2d5f4ca9838991a89368c78cb7f0617b3837a00ca,3,3,-3.5153017044067383,2.5237266222635903,-6.039028326670328
hindi,c9e3c968c1d5b3622fc320ddfee5e4f9ab20a053ad60bc247ae48a626a9989bc2687e3e054f55a444c9ccb71e2ddce887fc8fdfa617ebb5e9d4771676d8074b4,3,3,0.6317334224780401,1.9384626547495525,-1.3067292322715125
hindi,ca6156fb12800e3b3fc41f9907777531141ebf8f445b70901bc7137ffd0e5516c2229f3c8c695423887299cdfe5b9160cea313d614a4ba540d5ff4102dda821e,5,5,2.9918760538101195,-1.2393925070762635,4.231268560886383
hindi,ca96256894b92e0525b6f8bf5bac013efa869bfe9b8ec767a84d2e0b6f9f3108886cad7b3c9e622cc74ce7c803c4f9d96080e182713805211464db35f0adb51e,5,5,3.1561362504959107,-0.09639432430267333,3.252530574798584
hindi,cb191bbd6bef46c81c9d5a49421a071897ee938b184fb94525d71950769ff71a8e4c5380bac3087cf73f11082371a95a9e76e594ba58d9520d5892e39d9d167e,5,5,1.562875545024872,-3.7575681686401365,5.320443713665009
hindi,cb80d11c3532ab20b83037029cb1c2394ea6339f697e7101b9288365e3387903da82dc7d32bb6f1a45d5659f6ffacc187711e06195561c5e4f09721683bbd761,4,4,5.223497986793518,-1.9206334501504898,7.144131436944008
hindi,cb974805e163f0eec357012f483d57476c8229c9aca280469ccd5adc74516c39f36d16c23091c86bb18522064887048eb5d8c5b9259503a6de95d555745793b7,2,2,1.9253435730934143,-0.8545195013284683,2.7798630744218826
hindi,cba73505723d31fe1d355fd9c1ba00f36d72661f667b151bb2e4db347100a72793ca3d5351e0293af666bf35d2684deb3e4bbc6fe630ffabe699d80709a0ea07,4,4,1.777262032032013,5.999814033508301,-4.222552001476288
hindi,cc1693f2d0cabb0990f6510436b2406fbe0c4858c27f2c0b104c5f5c2499816770058f47af5d1bee60ed9027a18d60ad2e9dec2e2c3476373afe61afa078a3a4,2,2,6.044328689575195,4.1212533712387085,1.9230753183364868
hindi,ccd20bfc67c11f3e895626eb3d7e07e2eecb1ce583467fa1a70d8bda435a9fc5cf14c4a421d7811cf579acb2397447cbd649ac6eaaa8073a71a7d04ccb90882b,5,5,4.9172547340393065,-1.4724410057067872,6.389695739746093
hindi,cea40007071ea914e41633e74d05142fd1f5f8f49c154534816017cf89ce625657c804fe479fe87c08854ecd847697d6ca0fb6bcf424006c307f65430c34785e,5,5,4.005003929138184,0.3920656479895114,3.612938281148672
hindi,cf3aeeacb5f17296626b5c4098ec5eac55e41cd4794e1b866c7c42ccda4ff82ab59144d9af79e6479243e61724113d6c7ccccb7dc02e7a235f5ff37eee99c5d8,5,5,2.3298147559165954,5.006782191991806,-2.6769674360752105
hindi,d002200225d5b38de9dd8b95e9fb77c24724f8a56ee0b31f6ee2260b5636a1e23c0fadcae1156f88b703128798bd749901930f35e839ea2a2bb2bcb8afe5cc74,5,5,2.345997142791748,-4.096179342269897,6.442176485061645
hindi,d09397973383a68b428b2de77fa5f97b990441e1d4f668eca001e162425c7928eb19441bc4e961b80af9f9414a3d1ce66d15cc8fde6c11fbb24bf65ac1eddcf0,3,3,1.0653076966603596,-4.7659681638081866,5.831275860468546
hindi,d192fd4bb779d1c8e5006b02b4b82bfaa138fb6144943652fd48c408f1aff082c598289da03fd50a9cabc570d0eb2df77146a3f27445d5e239a24fe016386fed,1,1,4.972382545471191,5.976006031036377,-1.0036234855651855
hindi,d1d9c267ebee74a32597d31c9167b2edb1f99cb7f4aa13501a5cc3bd519deaa2516058fb40da1e55deef24bb43e231ab5f17484bb11468d631c90e3bf29b76d4,4,4,1.7990037500858307,6.919449329376221,-5.12044557929039
hindi,d24af5ee15190d3fc14dfc4ee3c75c75fe66fb537d4c7cf94e0e7d489ba442240b112a68a9dcd921ed48aaf17649bacd187e913bf4f22c1471cdc0fd263e9aa7,4,4,3.6033528447151184,-1.7706860229372978,5.374038867652416
hindi,d39d516dfccbf4297a953030579625b84d76314cdd257472c46f3116b9f0238183eaa531151e2a8bd4968015c10fb293e815f5a2c36475f899e88f5ed90676ea,4,4,3.8149486780166626,0.04935449734330177,3.765594180673361
hindi,d4c2879ab41c9e74ea638e9cb5b2a557d5683744a6c2eb0fed1f4c7adef59c90f549a18287b7f8e6b74136651dafda58acaccbf4fb627728befbe6573a61f4b8,2,2,4.43236517906189,-2.99454402923584,7.4269092082977295
hindi,d5417347b8d450c2aefa6ac74539b48c943a0d94b866457184e18c67074d8c2eb785e7191abf9c2199ef4db0873ef3ca503bfeaee470f6ab2506b8c2120a6669,4,4,-3.9906710386276245,-5.048938095569611,1.058267056941986
hindi,d5880664e0b201cf24b4972ea9890b801afe05af05cd4302d95952f06934198872328efbf6eb11bf51e169d4c62a0e8756088bbe001fc353a9b6d080ed9ee3dc,5,5,-1.8587729424238204,-5.08289737701416,3.22412443459034
hindi,d70eec2d8533e3a33d9b86756515c60f981b91fec38baaad39f756259fc08103cb6a12f82c2cc01189e8c8558b9ca80d52fc0cd6ebe18cab27de267929b51584,3,3,4.792545795440674,0.3981821537017822,4.394363641738892
hindi,d90832cc68e035bb366f526063da0ab186f06a937ef3231ab75fc53435821a112d7bb6d7115d594de6dfbd621d82acbd51ea43de2dd65619fe4b023cdf759fc9,1,1,0.5115036368370056,-5.021361351013184,5.532864987850189
hindi,d9d2a0b48b179528017a72b8ddc2dc3fcfec66ad3984ef77d31cb4e91d3bbe810b2e85c67a0595462dcf4aa3d5653604e81327308b583c6789202342d84adc00,1,1,-1.8188189268112185,3.658815860748291,-5.477634787559509
hindi,da10f782c53d93ec1dbf793a1f5404dbdfd390c9abdacd218d0c47e2366a569d50841b5ad9075f9b83e2c16b9194ab1be1f91e407a546218999fa14e2b49a3eb,5,5,5.494060134887695,-3.256463718414307,8.750523853302003
hindi,daa76944376a4ffb1588dd2a305c507bc1b8e14eafbbb1784aba0d0e901a3ceccaa5f1d84909bc13f2ff0ab6c7facb2ac2e487daed3470c7fe44022f33cd2a26,3,3,4.554046710332234,1.5325194994608562,3.021527210871378
hindi,db99ff8c0fa5f332a55cf562817f27833925bf83271532f90ecc088ffe11617a28606fb228d4141231dcc26af3b0b52af5256e3aa720feabe7797623552c295e,1,1,4.733346462249756,3.4561548233032227,1.2771916389465332
hindi,dbe55388d2e8bae8e64412f527e29fa3691a1c13adcaa6b80313b3e475d2df28d0428a6151d9cd42018d943718c830d69a80c5bf8a6a88200e4c6ba36ad6a748,3,3,1.8433513442675273,-0.3055592775344847,2.148910621802012
hindi,ddc0ae40d79e0f3980eb00cedd80e03d7a0cbf3ab7880588429060f50c16895262e0a1874caae85ee39e8bdd72e5ac94830df955d0cf0ec817d50ce83d61f055,2,2,0.04769909381866455,-4.215975403785706,4.26367449760437
hindi,df520ae6630f89c5941ffecf315f19953bdca51d6b7beb825aacd71405cc44f29ad01463f8b079cb10faf201b544d74dfd136f3353babacd39f80623d2c64bb7,3,3,4.855685234069824,-2.0686981280644736,6.924383362134298
hindi,e0a36ee267ea8131975092e3f0b285cc85c2ecf0e47fa58a4f81eea8ef911bc2e939a2fe85859b96f77623060400a6ad1157350fd138ac8523288698254e8c4e,4,4,0.13770117796957493,0.5850928649306297,-0.4473916869610548
hindi,e0a47331065c4e1a9ffd6eed4cb902b631814a6130faf9401d447eba044cf1af767ff9a242e7c97886c74ac130ec73716192fd074e4abca825e77caca52e0ca0,5,5,5.155315017700195,-2.92317134141922,8.078486359119415
hindi,e0b0d9bee4bc7b503aa80e3cc2b981cba7d2cd3493201182fda6cfaf6bd0f3c06ed4dece1470c13e0a96e60f29ff7be6ceb53724edc3973a8e5594a8b8f2fb13,4,4,2.996648818254471,1.2333047576248646,1.7633440606296062
hindi,e13c23ee2d8500b3cffa2cdf67ef9d827331c36238411c839fe39b077736953b55de43cff6bb2d96066fb6660cc6542db53e3e5abe00c2cb8d79cf3bc38b22fb,4,4,4.992603600025177,6.413282871246338,-1.4206792712211609
hindi,e1687c2dade4c9e56bf74181a1c6eabd5d85fb05e2ded2d7f443e3cdf646f19b835db4fd303c73f3b7e94b0d03f6d27c4429abdaf1a56ee81e35ee7bc67bc67c,4,4,1.5332371443510056,2.6994290947914124,-1.1661919504404068
hindi,e2de24c9d3a10973bd81a43c7e81d2b7747c4395b5c28a66daed073de149a6e5d8cc3da3877c75c105e7ffa814d8ad54ef34008e39a9bbab1df11bbc31bfd2fb,2,2,1.4891424775123596,-3.20337975025177,4.69252222776413
hindi,e3d7f69caea5efb2f5319a49faacdc76440549b08282bef1d81bc2ce2e823cf05f2bbb7d1ec46ef4f681113376a098b117c1ac6a8b1dfe88acf27fa6a9961f31,3,3,4.567436218261719,-3.0052860975265503,7.572722315788269
hindi,e6aef31fac7411f3f1b15c566dede061e3024cde1382d7ca1a860a093ad5b0b9c87aaa13c749ef9982c688d7a8d715c11aee89c2e3d541b9ba3dc73c5ec5cb85,4,4,3.574777841567993,-1.5381970219314098,5.112974863499403
hindi,e6d5ef06a5a765e29cc111294dcf0542f6faa74f367ad10200bd7e609e89ca4dbc72ad11540880b3b155d3a0c19eff6fd865a688d96a340e8e4f23cc9baff93b,1,1,-6.160283088684082,-3.7295308113098153,-2.4307522773742667
hindi,e6f76063e0bed01647274603154c6319e89caf2d63a94e0c72490f58e3bca473aba94f53d264079979a367057af8c6e8152ef88087ac70720ea6175f8f9e4970,2,2,-0.5377718359231949,-1.8721079230308533,1.3343360871076584
hindi,e811478820937736d1074ae0c51bf72791cd1029b63b639e8dd3ab8f6d8ce46e9eed447dd3edfeca171695425e9496970dbbe5f3cb9b07cba7fed66459eff2c3,4,4,-0.10980841517448425,0.4813019521534443,-0.5911103673279285
hindi,ea8ef3168cd29cf3bb33c603fc49336a1b58747fac2bdd17b4f6d59f24ed30a903a1b574e5d276035f8c3141478664e8f36c46a55fb6637e08b183a0969615a0,5,5,3.2700254790484906,-2.748531150817871,6.018556629866362
hindi,ea8f8541a19f474c4246d33005ad2c365f8b82b7a9b214bc39bd7b0ea6469e6d17fc574bce867f5fa60612c98df61735b7e95bf0d9c731a290e4c4bd515098bb,4,4,5.6042938232421875,-0.7276604175567627,6.33195424079895
hindi,eadc13b88ea5631a21a2beb0917e9be628171b8aaae29918cb08b2afa62e820e01d0a5e21154b643f10067864ae138783bc31abf1a13b86bcb072fa0f0df4d40,5,5,1.4706975400447846,2.03005171045661,-0.5593541704118252
hindi,eb0cf518c980fbaafc44b52459e6edc777cf01758412dc63e1de49438b83b2d292941510deee22dd7111854884991b9e9fc276183f07dc59d4a6c8174d8da2dd,5,5,4.669313216209412,-1.7407846748828888,6.410097891092301
hindi,ec1882fc4ac252c0d462191a4703bb6c913b73dd21950682e8327a6a076c8333f4c5708f7d9426b51a98435d5f79d26ca06428a64a6ac9513537409eb663f5af,2,2,0.8454108238220215,6.127895355224609,-5.282484531402588
hindi,ec293248c910c28091014fec13d47bb69cc84f0b265ad0536d7e39390f3de510ab879fa3c23797defe85d8c846a4e148c971e28da6a90a647a9bc37eb03362bc,5,5,4.862413024902343,1.8227123141288757,3.0397007107734675
hindi,ec78af2b863dab21a727f2ae9acf3ca8000403bcaaa82e800686048efeb2dcd359c7afd61fc63ea272d52e127546ccc8650a9df372bdb8f30a4df59e828cc263,3,3,-0.20808660984039307,2.752963900566101,-2.961050510406494
hindi,ec98bf4f4c7ebeb53552af57da3d7a49f21818abc1725b040a1b968399e00793bb92c3c43fc8a718ebdf2cd08df8a20903f45474f2545ae873ddfb15c6a759c5,3,3,2.0566443602244058,-2.7382300285001597,4.7948743887245655
hindi,ecc7e59a32c148c0940caf49e33b11c6c9cbcd065d19c3a636df8798f9a2b79eec188e8b8ec5c0ba3212d762cde863f145957a01d44291181826e1579efbcf79,4,4,0.9073754101991653,6.6106791496276855,-5.70330373942852
hindi,ed5627c36413bada41ea1e6c75f249a22863f90dfe81b12b40587549b6f59442964cae88a1db7d7b111bdf5baee22c51842eefbfa75af862de09d7609b6e3af2,2,2,4.111160635948181,-2.47529998421669,6.586460620164871
hindi,ef72dad515c406393c07ffac9b57e6cd1e83073c82a001d49ea19a30fd9976d0d50d4c5cffcfdbec8ea222c152695775d85c227194f2e56516531e1c8e76ff70,4,4,5.591292858123779,0.0913807600736618,5.4999120980501175
hindi,f1b62e5d3473776b945ef79fbad0a46a621fb136b143d7aeb75a7cb854ebe0807524eee04fe8d83b3311152dad97e341e18ed5b8981b3cf322fec4e0700894bb,5,5,3.85272159576416,2.199979639053345,1.6527419567108153
hindi,f256033e55a3f902c9673806428f07a4f2e61c31363d603299c889d62c3b896f2f34134d5e6c248c49a24c541239226452e69dbe19678a0790f926f335ee508a,1,1,5.07905387878418,-5.664815425872803,10.743869304656982
hindi,f26e5928f716985bc8f4d827952dad56a5ef30e0da734a77a5224d9a0868ec78bfa430efda3ea5dd5bf4c69c0c60cff5d80782822ec2df77ce10f2cd82712f53,1,1,-2.1356539726257324,0.0498492419719696,-2.185503214597702
hindi,f398e532c4307d0fb6f23dda4b599e05c8483a5211aab4dba56e24a0acc89810af5b98cc96afe0b55fdee3b41250c05571fa3d170e517213e71e52e481a80df1,5,5,3.011738729476929,-2.4509317517280578,5.462670481204986
hindi,f4276b793d63656aa644af3755eec97ff45d8df43323576969e1722c9b9f099002febe4c6f3a9401ad2a7011623e315d775ae5c19f3901dfc9cb44d20a5c91df,3,3,3.7962170441945395,-0.8881646394729614,4.684381683667501
hindi,f446689d92087b875d07eaa1d98e4b7e07ec4f8651762d73d8e0ecbae21be60e60a3b7356828d24a8c9071f872f21361ca196ae017820a2908412966f0a59df2,5,5,1.4269636392593383,4.918572747707367,-3.4916091084480287
hindi,f45c7af99cc930fd6608f77ecb2d546727ab3df3d36731c90215b9a72ff548ff082f57c38aa6e6b7f2c905aa9f92f4f5dff3c954449ce05e56f8604bf1753618,3,3,5.555536111195882,6.01650333404541,-0.4609672228495283
hindi,f46c93c748a0c35594f074957a1b3ee72c090d5d18df96adad96f0ce2b54206b31c17b71d8553a83b3e053869270a1823fdc46be2f35cb0fd9f65d05cf8c568e,3,3,1.966225226720174,1.180862918496132,0.7853623082240422
hindi,f4acf13791d1ffc57965afc160c66ab08985a745fc07997aced0be646a308c8b8c3f851c7143204d02449b094fd7811bc980a05b337acdadb7e2a83dd9c9c2bb,4,4,-6.153735876083374,-2.456436224281788,-3.697299651801586
hindi,f4be1316ad0e2da63cc723ae7822391bf5e9bebab20d134595b5dfaa0fcfc42a3907fb02b5ee992a496c84610d4d015a0b2f1e8240dc27a431cd55d69b1ab7e3,2,2,0.2203071117401123,2.8630794882774353,-2.642772376537323
hindi,f4eaf1a4c5d9c519a8d70d41f155c73661ababef448156ca952ac016a8013ac82f6d765947af61b517bd0ad1a29465bf17532c32ee0e7bd019fbcaf940e151fb,1,1,-2.3384339809417725,-0.6872523427009583,-1.6511816382408142
hindi,f4ee604449f0bccf330b0b3dec1201e20aa4db5a9eac3094d6847aa2304802a101515b61a081228f8507d9f298afe4d275da66279b222ccdcb4d2e7c2eda850e,1,1,3.839305877685547,0.5742877125740051,3.2650181651115417
hindi,f552d4cedc22293c27ab4a86fc3985ecf1bd8fe9e6664f6a835675acf4173fa94bfa392ddccd06a177ae2bf6e412212f42973dec10c26a7cfa02c48ddd7c7978,4,4,0.7898722290992737,-0.5762692503631115,1.3661414794623852
hindi,f59a2dc4d475bfb45d9b9628faa8b0e53570d46a05fd85dd8542559975c8cd75bf87c02f557d7ecd3e4eda2872a7e4a57adc699bc30e819c9e5c1c9e520cd02b,4,4,4.518447995185852,1.9837482012808323,2.5346997939050198
hindi,f6205d298cf73f58f9a8b6143306057cb6cb0a2afc8d9c1963994c402ace8e45853577ae85659c63894301de4054de938d5b045251b6051e1c0766949d3a0ed1,2,2,2.1495054960250854,2.1252690702676773,0.024236425757408142
hindi,f7e4c76ee18115342ce951e969ae7be895523c1249240808025273db43ef06eff07f846de9b3a24d822ac09b3fcc9a6655535a3e0adb370bde8640f64560620b,5,5,-2.973635959625244,-3.9134702682495117,0.9398343086242678
hindi,f80e8e7256ea5492f4348976b84ada48d5eb23b88fcdf8d91416a71dd893fe5b04b8d3499d1f7b32520a99532ccf8246cf21e077ae08b65d5d16f4edd11601dc,1,1,-0.4924373030662536,6.809511184692383,-7.3019484877586365
hindi,f89f624bbe2e7860966d20ca60b8ef08a9b08ea84c224ff76204e3515dfb28f9e33074ba2fd5eb511dfe99778475abdee119ccd25fdfb33f1ae1685a307dfe3f,1,1,2.4886045455932617,2.18618392944336,0.3024206161499019
hindi,f8c05fcdb50a537ce73d8e72c60b569d19a31b8e0792bf6ea46d66c769fb708c0087e260a59f3e48f8272304ee14cb57fecdf53a2873f5d72ca5a3378a149caa,3,3,-0.8917512893676758,-4.500626126925151,3.608874837557475
hindi,f8d4690343aebc46b5b4f761cbee6d5cd597474f021f677c62c03c23da03907c8e42536fdd96e5ead2cdf210f62bca5450c4902a6ca872aec66acc854084cb5f,1,1,-2.4110958576202397,-0.0876133888959884,-2.3234824687242512
hindi,fa0e5eaef7ca1de58387002c2b682b7b480943dbad6e36170c4c3dabf85516e30d2a6332548e734128bc69878186e8820b707e22b7de10ba7cd80ed20cbe8f81,2,2,-0.7133159339427948,5.156033992767334,-5.869349926710129
hindi,fab15f5f87bd26a0f326787f96d92497bbfb5aea170dd8a415966cb8f7a5a7011bcb0b50bc9d46cdcf3edecaa6cf6753be6afd814aa420c9fd4e4ab3a40e7faa,4,4,5.08505380153656,-2.358694702386856,7.443748503923416
hindi,fb9238da4a8e2de73d33aea159760300d3ec17f24329ad1fd35ab53c3d452ac1fa903c1488c73bf0daeb50763d260efbf7fcf79c1453a1558722a64e0a69afbe,3,3,4.529063860575358,-0.7502315441767374,5.279295404752096
hindi,ff8d1bfdc7d8be2fd275f506691f3ba70d9d60666488ab551bcbb76c3fe93c7cfaa703f465f40b60131807d73913eb37830221336b6803114df015fb7caed36e,5,5,0.875442624092102,1.279595410823822,-0.40415278673172006
hindi,ff8f23f061245d69de7cccf1ee33e0ebd713c56e08f5a4a2f4732746be391af221f711cf9aee47cf8cc4c6402985c5231bff4ac03eaaa1e1a1cef4e1cdaf2936,5,5,-4.5079909563064575,-1.011760085821152,-3.496230870485306
hindi,ffb5eeb570d2ef310e46742868405151da6adb390253787708f24b730c59c01b34656465701e80b1157e9b0f9421b9a06a454f56e2a3a4bdfbf5c6c64addad11,5,5,4.5746318101882935,-1.234012746810913,5.808644556999207
hindi,ffcbc3951f469a43cf363b5df83d56ab30c65a40bb5bf05ee2ae8f98f55d6c76d8cf505d8bd32cf189c373ef1e0a52d01d2fc3cfeea863dd3ea1546eb2ef68cf,3,3,4.116530259450276,-2.555601199467977,6.672131458918253
