language,pair_id,analysis_cluster,label,bonafide_logit
english,5,8e3c3472fcd01198c79948ec91b37ad9bfbfafde08e87dc56eaf70a15188ab263aa3a85f01ad2dfdf623e1d4053bc56fbb5e0ad820a8b77444d6c3dc1d24e7fb,1,-4.852222442626953
english,5,8e3c3472fcd01198c79948ec91b37ad9bfbfafde08e87dc56eaf70a15188ab263aa3a85f01ad2dfdf623e1d4053bc56fbb5e0ad820a8b77444d6c3dc1d24e7fb,0,-5.639717102050781
english,17,1fc06ae2858fe60314b607d8728ce36d5dcd8f22f6f13b106b6c4a346da6e0d00fa406883a1bfa9a0973fa46de07b02b471559048f76b07fd708d71dbac8907c,1,-5.940998554229736
english,17,1fc06ae2858fe60314b607d8728ce36d5dcd8f22f6f13b106b6c4a346da6e0d00fa406883a1bfa9a0973fa46de07b02b471559048f76b07fd708d71dbac8907c,0,-6.0526442527771
english,20,6325c76fb5e68d55674df688a91178a08ce91db4b3927b94d908b67680d9548f006ce4ca4564203006a4ffb6d5aa44dfa55bc63e6a740432bd060181c6418d42,1,5.689349174499512
english,20,6325c76fb5e68d55674df688a91178a08ce91db4b3927b94d908b67680d9548f006ce4ca4564203006a4ffb6d5aa44dfa55bc63e6a740432bd060181c6418d42,0,-4.897642135620117
english,23,7d253c6592f60c2d569618ff419996fc9d6c62add2c6a3c8b9be36bd09e27e775a8bf4dcb99497fa8c81670ae500e79e6056106b5c34b01fd562301f0729f9e9,1,5.027508735656738
english,23,7d253c6592f60c2d569618ff419996fc9d6c62add2c6a3c8b9be36bd09e27e775a8bf4dcb99497fa8c81670ae500e79e6056106b5c34b01fd562301f0729f9e9,0,-5.126720905303955
english,26,9c9f9dccc7daa91a521fbafd9034be60b8ff297054102d2fdb87ba9209468736b3d3f387ea0712eaf6081eaaf986b10eedf03639a7dae6f842c4cb214e10fd43,1,3.1669111251831055
english,26,9c9f9dccc7daa91a521fbafd9034be60b8ff297054102d2fdb87ba9209468736b3d3f387ea0712eaf6081eaaf986b10eedf03639a7dae6f842c4cb214e10fd43,0,-6.027141571044922
english,27,0bd650fb7e4a1bce7ccd2c8ff253e80ea7b561b24ebb011fb1988568bec51d6e6c7a453780ea55f75769d664a0910d496135d3d49a4bddf135fce8dfd60bd360,1,0.04968184605240822
english,27,0bd650fb7e4a1bce7ccd2c8ff253e80ea7b561b24ebb011fb1988568bec51d6e6c7a453780ea55f75769d664a0910d496135d3d49a4bddf135fce8dfd60bd360,0,-5.940505027770996
english,31,666d8a75b930da2206db122b9d213c565802c88080a92d1d4c31581ebc51c3c7e8df6c7e8c448e3ed85b88c2e5aaf23eb3a58c7e14d82dce0f7ae66b0ca65431,1,1.4808349609375
english,31,666d8a75b930da2206db122b9d213c565802c88080a92d1d4c31581ebc51c3c7e8df6c7e8c448e3ed85b88c2e5aaf23eb3a58c7e14d82dce0f7ae66b0ca65431,0,-6.04750919342041
english,33,c41dd22e62ebbf278d1247d7b4cc49e06bad2e5f7c5e11a2b72580e6575d667e87d89dfffc6dd1194e2ff81c0e2583b09932914c94d3ca2bd829e0099b068f65,1,-0.1480388194322586
english,33,c41dd22e62ebbf278d1247d7b4cc49e06bad2e5f7c5e11a2b72580e6575d667e87d89dfffc6dd1194e2ff81c0e2583b09932914c94d3ca2bd829e0099b068f65,0,-0.41182273626327515
english,38,a942a99db0a31c334859aab7f8f8278eb3d69f3d2c08df1936609711ae779253e3e750550948ac65e2897cbd31418c48315fdbb1f002bf9040a73660f9e75d19,1,-0.16786785423755646
english,38,a942a99db0a31c334859aab7f8f8278eb3d69f3d2c08df1936609711ae779253e3e750550948ac65e2897cbd31418c48315fdbb1f002bf9040a73660f9e75d19,0,-3.542393207550049
english,44,462a1dfd6ea4a5090780cb8a128008151be674c1f63184b68d49b0988f0c8d04ddd958066b2f8f56f9121b8e0bec49ce8780ea333fc931d1c28bfec8771aae3b,1,2.457153797149658
english,44,462a1dfd6ea4a5090780cb8a128008151be674c1f63184b68d49b0988f0c8d04ddd958066b2f8f56f9121b8e0bec49ce8780ea333fc931d1c28bfec8771aae3b,0,-6.052403450012207
english,53,afd0e736eb59ae41d5773ac2acef8b1ac029c151a342bbfce1c9b9cd381331515bc4449ee2a47e4b2d4aa57501f9ae9356bbac6c9c4d1b6a12277fd2d1f7b22a,1,0.263217031955719
english,53,afd0e736eb59ae41d5773ac2acef8b1ac029c151a342bbfce1c9b9cd381331515bc4449ee2a47e4b2d4aa57501f9ae9356bbac6c9c4d1b6a12277fd2d1f7b22a,0,-6.113080978393555
english,57,ca0348333dece6734ede5c33af061108bfa2b0a7919e724541e335610530022b50a068a1794200e1115af544c1470fccf69adb550ce12b875ea30514276db5b9,1,4.263999938964844
english,57,ca0348333dece6734ede5c33af061108bfa2b0a7919e724541e335610530022b50a068a1794200e1115af544c1470fccf69adb550ce12b875ea30514276db5b9,0,-0.5885612964630127
english,60,e2292237c77b576132df4cdbb79155e854aeff199c96095ab6db95684d8fa140ff1f42fe9cf87b811f15ce8039d6563a304b507926ca4a641d04765a70b79d91,1,4.55063009262085
english,60,e2292237c77b576132df4cdbb79155e854aeff199c96095ab6db95684d8fa140ff1f42fe9cf87b811f15ce8039d6563a304b507926ca4a641d04765a70b79d91,0,-3.868208408355713
english,69,fce6c1765bc5e8a1b520ce0fb037b680a46bb6515a34cfca60856229a4c85b99f76578773e6a1318ba817db77c0d7fca0d84100fc0b7567a708678c867b78544,1,5.24752140045166
english,69,fce6c1765bc5e8a1b520ce0fb037b680a46bb6515a34cfca60856229a4c85b99f76578773e6a1318ba817db77c0d7fca0d84100fc0b7567a708678c867b78544,0,-2.178399085998535
english,80,d8fd588f573a5616b70d4d5bf04e8b05ba8d549eff1eee152c897eec9a083803e513b8ae14db930ada386c4b7a75d07cf046704ca00c04bbffb7bc098e9abc40,1,1.1311088800430298
english,80,d8fd588f573a5616b70d4d5bf04e8b05ba8d549eff1eee152c897eec9a083803e513b8ae14db930ada386c4b7a75d07cf046704ca00c04bbffb7bc098e9abc40,0,-6.026856422424316
english,81,d217a4989ef8dc1fffa7b5fa05d50f37eb6e1292a5848960763123d153b66e2656de3e616e108632589da87cfb4c05562c7ff34adea378302b15d6ff9d575706,1,0.7914422750473022
english,81,d217a4989ef8dc1fffa7b5fa05d50f37eb6e1292a5848960763123d153b66e2656de3e616e108632589da87cfb4c05562c7ff34adea378302b15d6ff9d575706,0,-5.744786262512207
english,85,b15e81b74f3a01152401371744ce17a419c45a9415478075dd9d5dab5818374ad025c732871b55b1d5242f40357f577ab2dfd02950081c195bf04dd7b8aa7910,1,-0.5330585241317749
english,85,b15e81b74f3a01152401371744ce17a419c45a9415478075dd9d5dab5818374ad025c732871b55b1d5242f40357f577ab2dfd02950081c195bf04dd7b8aa7910,0,-6.082623481750488
english,87,b87dd0680063cbd3dc57f5b9b20c14f020f511c3f18467d52e816db909dbe2be05b8ea36a4bca91179503817a1b093a9e6036abb514c6ad1aaf1ffa71b3d32ce,1,0.00249592587351799
english,87,b87dd0680063cbd3dc57f5b9b20c14f020f511c3f18467d52e816db909dbe2be05b8ea36a4bca91179503817a1b093a9e6036abb514c6ad1aaf1ffa71b3d32ce,0,-4.077663421630859
english,96,7586972828cb14b30651404265baa4b9b8893ea7627c753195db738c56f356dfc218bf49b97bc25be6d57e89b64e9a58a92b077f9836bda09c405c0bd5f6d992,1,0.23059354722499847
english,96,7586972828cb14b30651404265baa4b9b8893ea7627c753195db738c56f356dfc218bf49b97bc25be6d57e89b64e9a58a92b077f9836bda09c405c0bd5f6d992,0,-5.945116996765137
english,105,a85aa03c89c431793d59f0b85b64ae4ecf2ac5499d39fe90eef2c838577f8df4b9fdd8b8273467e369fee60d78660990ed7af0f2425ea962fe611aad0b372c38,1,1.65581476688385
english,105,a85aa03c89c431793d59f0b85b64ae4ecf2ac5499d39fe90eef2c838577f8df4b9fdd8b8273467e369fee60d78660990ed7af0f2425ea962fe611aad0b372c38,0,-4.86562442779541
english,108,7bf8e335b222c8f3eceaee7f9a0e4ada4d4de7d2fa39b6503a2fddb8334e437ba9cd1c7ad266a08048d0a324e2e1147e57b7befa84d4abdaa17a7209b9854567,1,3.049072504043579
english,108,7bf8e335b222c8f3eceaee7f9a0e4ada4d4de7d2fa39b6503a2fddb8334e437ba9cd1c7ad266a08048d0a324e2e1147e57b7befa84d4abdaa17a7209b9854567,0,-4.104831695556641
english,112,21580cd2b189178fd1a54f973b311c2c17d9c9c22551bc474aac3ff99a050ef1bf1a09ed2349495ff4454366e998c863a4d766d456ca56f7e711f3f5c06d55c6,1,5.112785816192627
english,112,21580cd2b189178fd1a54f973b311c2c17d9c9c22551bc474aac3ff99a050ef1bf1a09ed2349495ff4454366e998c863a4d766d456ca56f7e711f3f5c06d55c6,0,-5.761693000793457
english,113,9c08dc6149dbb8f8308a5c383d34ab4637ed7fe1a9609e59d193cedb16c652716b6615184dfc6897be7e21f904ce1f1a9b58db97f543075f88c128f2c24da8b2,1,-0.5512635111808777
english,113,9c08dc6149dbb8f8308a5c383d34ab4637ed7fe1a9609e59d193cedb16c652716b6615184dfc6897be7e21f904ce1f1a9b58db97f543075f88c128f2c24da8b2,0,-5.892471790313721
english,115,4f39a2a1bf29515c3558f4f1ebeed7431073dbb9f73b6fae537831b75960fedc7fb1673f638dbb7d6ded8bc61be63fd864ec7e0a52f67158e7522620892e1b63,1,2.510652780532837
english,115,4f39a2a1bf29515c3558f4f1ebeed7431073dbb9f73b6fae537831b75960fedc7fb1673f638dbb7d6ded8bc61be63fd864ec7e0a52f67158e7522620892e1b63,0,-1.5742779970169067
english,122,3ebf97dff152377ac23a819a5dba264b0f8994354b69c559206858276e263c410183fcd25ae83a2467477a87821e8fddd714322d589ad8363efdcc90712d396e,1,-0.5288203358650208
english,122,3ebf97dff152377ac23a819a5dba264b0f8994354b69c559206858276e263c410183fcd25ae83a2467477a87821e8fddd714322d589ad8363efdcc90712d396e,0,-5.920734405517578
english,124,70c21ca1cc3de05f3c23b11615cd7d5dd078e03cda0cd46224c802cb358d2bddc9df76042f0f15fe5c3d655d19f20193db107b130128af209e229afabf047b54,1,3.638726234436035
english,124,70c21ca1cc3de05f3c23b11615cd7d5dd078e03cda0cd46224c802cb358d2bddc9df76042f0f15fe5c3d655d19f20193db107b130128af209e229afabf047b54,0,-5.970548629760742
english,145,db8af4ef43a418be9147981cea5ed3c6b99c392e830693f6d449d58a2e3e4d05a4a26691c015c65651c5fb0533d5b20908909491fffbe0de6d05fb90b9cb686d,1,4.840208053588867
english,145,db8af4ef43a418be9147981cea5ed3c6b99c392e830693f6d449d58a2e3e4d05a4a26691c015c65651c5fb0533d5b20908909491fffbe0de6d05fb90b9cb686d,0,-5.289556503295898
english,150,ef8a7e381403cafaaab438e3fd97ded825aa263fc66561e8d78f016b00b258895bc872e35bcf20b69b87ec6826e570cabba1fa7a2e7230f807e090c0b623b75e,1,5.20355224609375
english,150,ef8a7e381403cafaaab438e3fd97ded825aa263fc66561e8d78f016b00b258895bc872e35bcf20b69b87ec6826e570cabba1fa7a2e7230f807e090c0b623b75e,0,-3.981207847595215
english,151,5fe7a6b09d14eb1d5e12758e2843d5567afce5a6b757a0d9abbf33a9b87e72fd010fe0c813365ac68ae68744ee9772854c2a2d5d781f120f82c553278fc61e0c,1,1.3352941274642944
english,151,5fe7a6b09d14eb1d5e12758e2843d5567afce5a6b757a0d9abbf33a9b87e72fd010fe0c813365ac68ae68744ee9772854c2a2d5d781f120f82c553278fc61e0c,0,-1.5204683542251587
english,170,440ff550e981d6f0d8443126b3d67c8de85e05614f419aed4b7c61e2a5cc6781233a1f30b3d2e6855d19f9c037946d297f20705f8456bd3dd7611b2751b8de75,1,3.3479666709899902
english,170,440ff550e981d6f0d8443126b3d67c8de85e05614f419aed4b7c61e2a5cc6781233a1f30b3d2e6855d19f9c037946d297f20705f8456bd3dd7611b2751b8de75,0,-5.8682861328125
english,177,32e100352f08fed1d691558a6fe313f3b3bd13ee580bba61afb87d5e20bb5b8d6a9110dff78645259d8e6a48bf220eb2bd784286cc67a8a565051ed3fed74dea,1,5.172595024108887
english,177,32e100352f08fed1d691558a6fe313f3b3bd13ee580bba61afb87d5e20bb5b8d6a9110dff78645259d8e6a48bf220eb2bd784286cc67a8a565051ed3fed74dea,0,-4.76540470123291
english,193,34d57429883aac7d0241cbc867c0be9e2f4a5a63f68384e353b4e2a9845eb2ed6a3b66980b7d43d47aab4cb9dd1ac40bf93fc75b4311b87516b98410516807f7,1,2.3501265048980713
english,193,34d57429883aac7d0241cbc867c0be9e2f4a5a63f68384e353b4e2a9845eb2ed6a3b66980b7d43d47aab4cb9dd1ac40bf93fc75b4311b87516b98410516807f7,0,-5.825366973876953
english,195,a96281f5e2805ca59660e7caed1d355893e2cd686946a226be44cc38ca934495f4c6511a7a5a72846e09495d7792e66bacc43d933f92b05431f30c2647e8cffa,1,1.7020684480667114
english,195,a96281f5e2805ca59660e7caed1d355893e2cd686946a226be44cc38ca934495f4c6511a7a5a72846e09495d7792e66bacc43d933f92b05431f30c2647e8cffa,0,6.41983699798584
english,197,8255fad3520e654ede731f40f3501ec48a9add93775d5081d146065a11a94be19a3c6ee5cac546061e9cde328e9c4982ba6000716371458c40c1ab365b93207c,1,4.164607048034668
english,197,8255fad3520e654ede731f40f3501ec48a9add93775d5081d146065a11a94be19a3c6ee5cac546061e9cde328e9c4982ba6000716371458c40c1ab365b93207c,0,-6.105508804321289
english,203,5b6da28793f5d084ab55a3ba94aa903ec2d6d406d8fbeebb1c3abedf76dfd98d5a98aeef62cffd555832dbaff979f736e31e4861213aedaf6a1e7e4b361cccb8,1,5.102365016937256
english,203,5b6da28793f5d084ab55a3ba94aa903ec2d6d406d8fbeebb1c3abedf76dfd98d5a98aeef62cffd555832dbaff979f736e31e4861213aedaf6a1e7e4b361cccb8,0,-3.9027678966522217
english,205,cae301b389d76bf2203ffb243ae9d80423981d24eee4d167217fad0ac377704a410570107ba23a6aaf26d11345cad96829e2e44d250c537501597638c03d6864,1,-5.67926025390625
english,205,cae301b389d76bf2203ffb243ae9d80423981d24eee4d167217fad0ac377704a410570107ba23a6aaf26d11345cad96829e2e44d250c537501597638c03d6864,0,-5.648840427398682
english,207,551d5ea36eb46269c7a7710255ff0cab38e68cd8360ad3d7b3c566e71573c778819d6d1161422130875f138f6caf9bf7e29c972fbf0bf5352ab63029a7dce8f7,1,1.328053593635559
english,207,551d5ea36eb46269c7a7710255ff0cab38e68cd8360ad3d7b3c566e71573c778819d6d1161422130875f138f6caf9bf7e29c972fbf0bf5352ab63029a7dce8f7,0,-5.681242942810059
english,208,cc3564ba9160b09d78f20c91f7c875f51a2e7e6eb150f1f331159fbb023eeba2b040c3ee286d53f1994347fca1a636ba6343078b7b1d67dab83d60271ea994da,1,0.2776726186275482
english,208,cc3564ba9160b09d78f20c91f7c875f51a2e7e6eb150f1f331159fbb023eeba2b040c3ee286d53f1994347fca1a636ba6343078b7b1d67dab83d60271ea994da,0,-5.969332218170166
english,212,2260012da3141f7794e6d0c1bb750d1b9cf0b861e1e69a858f8e7da7e617c49f8333d56ceba58fe645e0cfacfe5c296712c399faecd319d4bdedc7c1134f2014,1,5.17777156829834
english,212,2260012da3141f7794e6d0c1bb750d1b9cf0b861e1e69a858f8e7da7e617c49f8333d56ceba58fe645e0cfacfe5c296712c399faecd319d4bdedc7c1134f2014,0,-5.118952751159668
english,213,49518b0d6dc530fcb03351c761b8b69aba18a29400ec4510ccfc214f1905114cc6fb992128c51bbba73e54db9cb9e534446ebc5f27748ea922d1913e0635ac2e,1,5.351391792297363
english,213,49518b0d6dc530fcb03351c761b8b69aba18a29400ec4510ccfc214f1905114cc6fb992128c51bbba73e54db9cb9e534446ebc5f27748ea922d1913e0635ac2e,0,-5.669619083404541
english,219,372293e65cdab88771e028a4351651ab2eff64438ddafc211e089247dcdccca350153465eb5409ce708081d9ad384af45d1dc57bbe030ae1a2c0edd561322fb8,1,1.5022599697113037
english,219,372293e65cdab88771e028a4351651ab2eff64438ddafc211e089247dcdccca350153465eb5409ce708081d9ad384af45d1dc57bbe030ae1a2c0edd561322fb8,0,0.12314723432064056
english,226,b1269dc8d0e02db75f8a7cadb9b3acf905466aeebeca01ab84fccc333853bbaf8c55b3542b334080695865fa8e7e6b092b132667c110708bef83b1599f00c485,1,4.510746002197266
english,226,b1269dc8d0e02db75f8a7cadb9b3acf905466aeebeca01ab84fccc333853bbaf8c55b3542b334080695865fa8e7e6b092b132667c110708bef83b1599f00c485,0,3.0398664474487305
english,230,94796df469d4a3dc6594d9d759a97275d001a4aabd862b04e5bb10bb6d1991c349084f6e5120e28213bab509cfc1a892321b96ac5d0a50d5496385a32abcd94d,1,3.568264961242676
english,230,94796df469d4a3dc6594d9d759a97275d001a4aabd862b04e5bb10bb6d1991c349084f6e5120e28213bab509cfc1a892321b96ac5d0a50d5496385a32abcd94d,0,-5.653400421142578
english,235,57d9be2eeda5fbaad0290c45f4e95813da95e09633d5fd84df35a758151788abec644a351cdf610c7b792561d1db0ac6f122dbc94404646941967bd6f0befd44,1,-1.497717022895813
english,235,57d9be2eeda5fbaad0290c45f4e95813da95e09633d5fd84df35a758151788abec644a351cdf610c7b792561d1db0ac6f122dbc94404646941967bd6f0befd44,0,-5.886279106140137
english,243,0b3d55acf115fdf88131d7324fa9a7e1a26542405b0671d5ec0d9ed34b40fa0158576fd51ee9cc937a41b1c529f49cfb23fec693ae1382f21ec8fed796a9dece,1,-1.2787114381790161
english,243,0b3d55acf115fdf88131d7324fa9a7e1a26542405b0671d5ec0d9ed34b40fa0158576fd51ee9cc937a41b1c529f49cfb23fec693ae1382f21ec8fed796a9dece,0,-5.406841278076172
english,246,372293e65cdab88771e028a4351651ab2eff64438ddafc211e089247dcdccca350153465eb5409ce708081d9ad384af45d1dc57bbe030ae1a2c0edd561322fb8,1,2.995272159576416
english,246,372293e65cdab88771e028a4351651ab2eff64438ddafc211e089247dcdccca350153465eb5409ce708081d9ad384af45d1dc57bbe030ae1a2c0edd561322fb8,0,-2.1460516452789307
english,250,8ed70305c08e4cefabd9c6318f06cc0bee432be06368c05063358b8aee0bde4d1dbb8a8800c1992033f7c1579dd6849fe78c89c2a91f9a315b597dec5cd4f4c7,1,-0.30533090233802795
english,250,8ed70305c08e4cefabd9c6318f06cc0bee432be06368c05063358b8aee0bde4d1dbb8a8800c1992033f7c1579dd6849fe78c89c2a91f9a315b597dec5cd4f4c7,0,-5.6919026374816895
english,252,593fa660ba3cdf5373c014e3510d8a4bfb9ca19cc044fa6b1bb0579b48659bf531c66b2c51062d1e11ebf2a1f031f2da74f10e4cffd65f8f3fc13c2910cf3214,1,-2.150644302368164
english,252,593fa660ba3cdf5373c014e3510d8a4bfb9ca19cc044fa6b1bb0579b48659bf531c66b2c51062d1e11ebf2a1f031f2da74f10e4cffd65f8f3fc13c2910cf3214,0,-5.913679122924805
english,253,f1211724d3b99480431da8bbc122acba5fe1e6bcfaf59b5089c2a401ec4a58ff4cbc22d52755691ffbd023bee4f429da08f5545bdf3c375f6f4761abe420af0d,1,0.9664782881736755
english,253,f1211724d3b99480431da8bbc122acba5fe1e6bcfaf59b5089c2a401ec4a58ff4cbc22d52755691ffbd023bee4f429da08f5545bdf3c375f6f4761abe420af0d,0,-6.115657806396484
english,255,11200b09d937629ec2acd5985480d5ea5bb815a3c945fe8420f107e771643fa59b68d3510f72c7ef93f872002ff3cb4a3528db5c087b0c741772d3c8a0176592,1,5.0457987785339355
english,255,11200b09d937629ec2acd5985480d5ea5bb815a3c945fe8420f107e771643fa59b68d3510f72c7ef93f872002ff3cb4a3528db5c087b0c741772d3c8a0176592,0,-0.41214877367019653
english,260,60c3485ff9cf8cc7eb91e3acf16452687ea88d47b366643d4d25174709c280e472950521210df86f8f220e0bd56f972c9351be08f714fda6f7676fc7a0218e20,1,1.4495474100112915
english,260,60c3485ff9cf8cc7eb91e3acf16452687ea88d47b366643d4d25174709c280e472950521210df86f8f220e0bd56f972c9351be08f714fda6f7676fc7a0218e20,0,-3.6952297687530518
english,268,0e7296e2b35235ec7f1443bd4ab0fe37a80db4af428d7f53ed2732b5196e3831ed43e8ee922e4b06b3c896e7b981b2ccf54555edcadee9b71e7f3e35c58317d7,1,0.4159259498119354
english,268,0e7296e2b35235ec7f1443bd4ab0fe37a80db4af428d7f53ed2732b5196e3831ed43e8ee922e4b06b3c896e7b981b2ccf54555edcadee9b71e7f3e35c58317d7,0,-6.049872398376465
english,269,d503ee813a5b2b50dc4a1f576d818de156387f41beb3c5fcaa7a3195bcfc5be5217861f7cfe3ebde3d5a5dbf9d12502232842e1b88b0af2f196292b6a35712f4,1,5.183716773986816
english,269,d503ee813a5b2b50dc4a1f576d818de156387f41beb3c5fcaa7a3195bcfc5be5217861f7cfe3ebde3d5a5dbf9d12502232842e1b88b0af2f196292b6a35712f4,0,-0.8916947841644287
english,277,0984a33b3e7c7c83b9bf5d58fa8ed856030f3e947bd7a0a403e5de510b9b2feb5d4f2c9215ee449b0db7b39462375a77873ebf6ed35f5751267821d71e2814ff,1,5.32403564453125
english,277,0984a33b3e7c7c83b9bf5d58fa8ed856030f3e947bd7a0a403e5de510b9b2feb5d4f2c9215ee449b0db7b39462375a77873ebf6ed35f5751267821d71e2814ff,0,-0.6239829063415527
english,278,e6dbbe39377aa0fe2851852b2c695c9c31094c80c9ccd244bac8dfdc8a523b2a114362d4c717bd9d628499fe1d3c11971221be5ec4dadce15c9ff8c5254ae368,1,-5.101337909698486
english,278,e6dbbe39377aa0fe2851852b2c695c9c31094c80c9ccd244bac8dfdc8a523b2a114362d4c717bd9d628499fe1d3c11971221be5ec4dadce15c9ff8c5254ae368,0,-6.027340888977051
english,280,45c3a80d20ce8cc477c701ae20f456cbc05e99505c846a445c89e5d27da654093ad1efca4473c006a1b326e35eef9b2e298eb1aa1fb226ad071214a0d55582b7,1,-2.1374175548553467
english,280,45c3a80d20ce8cc477c701ae20f456cbc05e99505c846a445c89e5d27da654093ad1efca4473c006a1b326e35eef9b2e298eb1aa1fb226ad071214a0d55582b7,0,-5.718400478363037
english,284,79fa734d263b132bce8a462216182199ca518f4ebbf60104d9b1d75f40a5680d5c9ba34dbc7443252066f4373cbf304ad82ff8dcf61b26bdf63adf0674afba65,1,1.7628514766693115
english,284,79fa734d263b132bce8a462216182199ca518f4ebbf60104d9b1d75f40a5680d5c9ba34dbc7443252066f4373cbf304ad82ff8dcf61b26bdf63adf0674afba65,0,-5.819404602050781
english,285,762c7dafe9556820136d0cd1ff8f73f2bf92af3ed884c85ffbbdcb43091a2bd103fd1b1b4d71d1eda3bdbf31659a2553847982f19a368a29d2612c829194374f,1,1.8658859729766846
english,285,762c7dafe9556820136d0cd1ff8f73f2bf92af3ed884c85ffbbdcb43091a2bd103fd1b1b4d71d1eda3bdbf31659a2553847982f19a368a29d2612c829194374f,0,-4.989490985870361
english,286,1654137c09ef3d251c6fef85be6a6575954e0ee47db5ed2cc2e4a7f5898e9ee5f0167dcfae518c4613fcfa6c7ca3f2b1e8672ea3f6b01008060a789e74ac626d,1,-3.187133550643921
english,286,1654137c09ef3d251c6fef85be6a6575954e0ee47db5ed2cc2e4a7f5898e9ee5f0167dcfae518c4613fcfa6c7ca3f2b1e8672ea3f6b01008060a789e74ac626d,0,-5.912665367126465
english,296,16c4d595dc9574177290c4bbc3ddea6ab322d79a107820c18586583b2d2026ccefd79c6bf4129d5323ae72a32a334b9f5f589ab6791c151a2ea3579106d7e255,1,-2.0196595191955566
english,296,16c4d595dc9574177290c4bbc3ddea6ab322d79a107820c18586583b2d2026ccefd79c6bf4129d5323ae72a32a334b9f5f589ab6791c151a2ea3579106d7e255,0,-6.0953779220581055
english,299,b8bcffaf1cdebe1d40027bb0d73a9fdaa37b94869cb64497676ad5880a74d854049cd7df22095943f92555722e8be24aabf074e37c0f7fa7831a9892552709ef,1,-3.1300482749938965
english,299,b8bcffaf1cdebe1d40027bb0d73a9fdaa37b94869cb64497676ad5880a74d854049cd7df22095943f92555722e8be24aabf074e37c0f7fa7831a9892552709ef,0,-6.104015827178955
english,301,4a171ad649708eea4fde382bfd0fe038c72f9d6e8236e5a576ce58be9e93369f12b98ad1cfacb1be727f0e772b66785b26e932b82f55d95b48cf5be9f14b4842,1,-4.195326805114746
english,301,4a171ad649708eea4fde382bfd0fe038c72f9d6e8236e5a576ce58be9e93369f12b98ad1cfacb1be727f0e772b66785b26e932b82f55d95b48cf5be9f14b4842,0,-6.121093273162842
english,312,0556918792c0a32f83c9d55abc07c607aa28d5e811ac231b6d57c67aab4dc15f6352290903cc79962a3b210b6538b5c13231ab4e94722205da80e4ed57558be0,1,-0.8143903017044067
english,312,0556918792c0a32f83c9d55abc07c607aa28d5e811ac231b6d57c67aab4dc15f6352290903cc79962a3b210b6538b5c13231ab4e94722205da80e4ed57558be0,0,-5.950555801391602
english,315,8a88ce7c5875e0b6e962efb97743d174f3c826710500fb9f1c048d7569e3a9759427403d4c2fc787d9080a77a83336cdc0fb73626675fd5703b7c765ed2041e1,1,5.623250961303711
english,315,8a88ce7c5875e0b6e962efb97743d174f3c826710500fb9f1c048d7569e3a9759427403d4c2fc787d9080a77a83336cdc0fb73626675fd5703b7c765ed2041e1,0,-0.7144287824630737
english,316,13c89c2ea706f95eda5bcd4b8f60027d6356c13ec1084daddea3f3ab3c3161c45087f4f1b0298e04fbe6a854877753f2bff74d60c112e735914ac03eb6ea3269,1,3.2059998512268066
english,316,13c89c2ea706f95eda5bcd4b8f60027d6356c13ec1084daddea3f3ab3c3161c45087f4f1b0298e04fbe6a854877753f2bff74d60c112e735914ac03eb6ea3269,0,-3.278876304626465
english,318,6fd2f535ccb2da2f960530d463ecf95b0da6561324169a54682396c131f05b1ed7f2124bb26ec9ab432713b5ea1e1a539e61bdb42f42d7ed9650729a92e424df,1,3.562021493911743
english,318,6fd2f535ccb2da2f960530d463ecf95b0da6561324169a54682396c131f05b1ed7f2124bb26ec9ab432713b5ea1e1a539e61bdb42f42d7ed9650729a92e424df,0,-4.225110054016113
english,319,e6dbbe39377aa0fe2851852b2c695c9c31094c80c9ccd244bac8dfdc8a523b2a114362d4c717bd9d628499fe1d3c11971221be5ec4dadce15c9ff8c5254ae368,1,-0.9458286762237549
english,319,e6dbbe39377aa0fe2851852b2c695c9c31094c80c9ccd244bac8dfdc8a523b2a114362d4c717bd9d628499fe1d3c11971221be5ec4dadce15c9ff8c5254ae368,0,-5.89271354675293
english,323,74199ae3910ea8eeac883bf073fdfd04091bbac31ac04caeae6c40bc2bc43f73e8ab6e829332741e27895bdc8c4083c09831b1fdc00d978661495bab555f6816,1,1.7430092096328735
english,323,74199ae3910ea8eeac883bf073fdfd04091bbac31ac04caeae6c40bc2bc43f73e8ab6e829332741e27895bdc8c4083c09831b1fdc00d978661495bab555f6816,0,-5.974061965942383
english,324,abf6f2930167fc56c0a38052e0e4d22ad6d63ae70e455f6b458d283e3bb03588e0f3c488becb27d2c14028f9ed431c68666691e2cc5e558dcc4d2759dcf634ca,1,5.868671417236328
english,324,abf6f2930167fc56c0a38052e0e4d22ad6d63ae70e455f6b458d283e3bb03588e0f3c488becb27d2c14028f9ed431c68666691e2cc5e558dcc4d2759dcf634ca,0,-0.4351893663406372
english,331,c1206bb942777bfc4cf8e787877659889c14a2a33b3ce2b6a753a89adde6afa669648d986d1914310c707edc76198af4a2492b5252fabbcfe343165388976fab,1,-5.96975564956665
english,331,c1206bb942777bfc4cf8e787877659889c14a2a33b3ce2b6a753a89adde6afa669648d986d1914310c707edc76198af4a2492b5252fabbcfe343165388976fab,0,-6.025964736938477
english,335,505d3052b731e49ad6c4f40931ba42bff7a9046b894c676803a4044fead6272d3340ac3ea1fdf441cfed2fc4b1c81b85bd1fab484d7d9d86357b0affbd0739ee,1,3.5358119010925293
english,335,505d3052b731e49ad6c4f40931ba42bff7a9046b894c676803a4044fead6272d3340ac3ea1fdf441cfed2fc4b1c81b85bd1fab484d7d9d86357b0affbd0739ee,0,-5.958816051483154
english,338,ccf426b54d5a1d7c96254d4bbeb6c0da8d2923224687fecbe8eb1fa8cb4485d5864e742547a56b69fbaea0378c5f14c2e676df005fca1e27d09cd8d99c796fdf,1,4.421777725219727
english,338,ccf426b54d5a1d7c96254d4bbeb6c0da8d2923224687fecbe8eb1fa8cb4485d5864e742547a56b69fbaea0378c5f14c2e676df005fca1e27d09cd8d99c796fdf,0,-5.724505424499512
english,339,8635c63b90be096299283dc2537701c72f3cdfa4f53fd8f2296ebb0e7f98070588f4418850439af6b511605d86b516235585769481494c3c7381531f82896080,1,4.221566200256348
english,339,8635c63b90be096299283dc2537701c72f3cdfa4f53fd8f2296ebb0e7f98070588f4418850439af6b511605d86b516235585769481494c3c7381531f82896080,0,-6.054155349731445
english,340,6f008f76e112454c7db1ca4ec51ac285889dba840e90390f0321f83b8fb346d01d70cb6f0c5a748d9ea112b13a502a496211b3796eee499640af71c6b06a2aa5,1,4.354282379150391
english,340,6f008f76e112454c7db1ca4ec51ac285889dba840e90390f0321f83b8fb346d01d70cb6f0c5a748d9ea112b13a502a496211b3796eee499640af71c6b06a2aa5,0,-4.389997959136963
english,347,30cf92caa81bb2bef0f868e2e97e200dc6f77a01d6f188c1977cdace5bba9eb317190fd2c260eba1c3cb9f6ab22c6733a8a228049e1ad115fbcc13f4d3f53943,1,-2.615105628967285
english,347,30cf92caa81bb2bef0f868e2e97e200dc6f77a01d6f188c1977cdace5bba9eb317190fd2c260eba1c3cb9f6ab22c6733a8a228049e1ad115fbcc13f4d3f53943,0,-5.968447208404541
english,351,e5c4f6ca3b3f072f7d83f84015ff8afab5fb91b7d7b1b724a5045642aa5f9aad4c9c92898891633961279f00304de7fba346d83a5aa040d12d91afbbeff396e7,1,-0.7046507596969604
english,351,e5c4f6ca3b3f072f7d83f84015ff8afab5fb91b7d7b1b724a5045642aa5f9aad4c9c92898891633961279f00304de7fba346d83a5aa040d12d91afbbeff396e7,0,-6.02702522277832
english,356,af12240a19a64ee65e1e26e430946b19146e3f0b1576dd24b0e242423648c09fa1dd893dbac201f21648bf1996592f8661689873dc9d81c9397f08516d49af1c,1,3.532160520553589
english,356,af12240a19a64ee65e1e26e430946b19146e3f0b1576dd24b0e242423648c09fa1dd893dbac201f21648bf1996592f8661689873dc9d81c9397f08516d49af1c,0,-4.383514404296875
english,364,8635c63b90be096299283dc2537701c72f3cdfa4f53fd8f2296ebb0e7f98070588f4418850439af6b511605d86b516235585769481494c3c7381531f82896080,1,4.018984317779541
english,364,8635c63b90be096299283dc2537701c72f3cdfa4f53fd8f2296ebb0e7f98070588f4418850439af6b511605d86b516235585769481494c3c7381531f82896080,0,-5.978434085845947
english,369,36b83dc2895ee7ca3860332467eae1004c2b17adbd25614e15f889989fc897b8c9e5760d973eaad41a0e88bf8bf7846b75184b636cc58a1601a2fe7b3034b84c,1,1.8454917669296265
english,369,36b83dc2895ee7ca3860332467eae1004c2b17adbd25614e15f889989fc897b8c9e5760d973eaad41a0e88bf8bf7846b75184b636cc58a1601a2fe7b3034b84c,0,-0.578693687915802
english,377,5cd95c7c22c6fd21f386f93b700187d1559ab9a63eab1b44b4af4717e61bee61dbf54a0de0d35e3014a441bc557f5a0a4d36ad4e3a815d4bd3c395c9e98daade,1,2.09934139251709
english,377,5cd95c7c22c6fd21f386f93b700187d1559ab9a63eab1b44b4af4717e61bee61dbf54a0de0d35e3014a441bc557f5a0a4d36ad4e3a815d4bd3c395c9e98daade,0,-3.59763503074646
english,378,57d9be2eeda5fbaad0290c45f4e95813da95e09633d5fd84df35a758151788abec644a351cdf610c7b792561d1db0ac6f122dbc94404646941967bd6f0befd44,1,-2.5134077072143555
english,378,57d9be2eeda5fbaad0290c45f4e95813da95e09633d5fd84df35a758151788abec644a351cdf610c7b792561d1db0ac6f122dbc94404646941967bd6f0befd44,0,-5.898337364196777
english,379,ab72e9ab22713aec03a3189202a0713e56016ea07569b3041fcd65d77c9eb3f8c692f7ccaec75c16bbc62476d528f434d829193994cf07fcde9e3b1e4a2fa93a,1,3.655424118041992
english,379,ab72e9ab22713aec03a3189202a0713e56016ea07569b3041fcd65d77c9eb3f8c692f7ccaec75c16bbc62476d528f434d829193994cf07fcde9e3b1e4a2fa93a,0,-6.014853000640869
english,380,e790d1a6d652b49b74172d96fca249c1d46c38806613534de93e324492059b41bb491639158ff5b5efe117d167447b1dca743bff0b32dcfe07b12a43fb13a86e,1,3.4977774620056152
english,380,e790d1a6d652b49b74172d96fca249c1d46c38806613534de93e324492059b41bb491639158ff5b5efe117d167447b1dca743bff0b32dcfe07b12a43fb13a86e,0,-2.960608959197998
english,383,46d77d3fbfea436f143ae65cba26452c7be0a4a0314b5e49c8d9b0c55be530bd286c422e6226a8c0b2b5a17c2e0c8690c6c46b4c9218301f74ae548ddc42843e,1,4.741400718688965
english,383,46d77d3fbfea436f143ae65cba26452c7be0a4a0314b5e49c8d9b0c55be530bd286c422e6226a8c0b2b5a17c2e0c8690c6c46b4c9218301f74ae548ddc42843e,0,0.16834209859371185
english,385,c499e99d3ed16615d50b0b558787cac861b76f6c402b0adcc7e4450abb4204f7b791e3846469c794392075f96897b128371585758173bcdcac3dbd961c0d70b8,1,4.021803855895996
english,385,c499e99d3ed16615d50b0b558787cac861b76f6c402b0adcc7e4450abb4204f7b791e3846469c794392075f96897b128371585758173bcdcac3dbd961c0d70b8,0,-3.174189567565918
english,403,0e6ec9bfb7f8c22563f28d52608c891dfd8db2d34b6a44c389bf97bd50185f89edb76c21cd9bb15ff64735f1b5afe34c94a1a693aa188fb04632e0d9500e82c3,1,3.3889660835266113
english,403,0e6ec9bfb7f8c22563f28d52608c891dfd8db2d34b6a44c389bf97bd50185f89edb76c21cd9bb15ff64735f1b5afe34c94a1a693aa188fb04632e0d9500e82c3,0,-5.238125801086426
english,406,81f6c6f90817a8f196da1843163f8aeebc92a3ab259c95b0fa8803dcab26b190ccc5ff9531baae3a70e4523c599892277801a3de49d96e30c62c48d1d71287fd,1,3.2163643836975098
english,406,81f6c6f90817a8f196da1843163f8aeebc92a3ab259c95b0fa8803dcab26b190ccc5ff9531baae3a70e4523c599892277801a3de49d96e30c62c48d1d71287fd,0,-3.3486318588256836
english,410,1388cb1f3417dd1f60b17bda236dcc9ed5cfc93aa45619439319465dae04b2fe36c5f56a15a93d13bda5bff6903a4cf8b262a2748e39a2c4e3c3c552eaa167c3,1,4.61121129989624
english,410,1388cb1f3417dd1f60b17bda236dcc9ed5cfc93aa45619439319465dae04b2fe36c5f56a15a93d13bda5bff6903a4cf8b262a2748e39a2c4e3c3c552eaa167c3,0,-5.021994590759277
english,419,b6245332d4bf33d8f3e5954b0839a1e36dce401840294260f16179ee3e9441deeb35f84aa146309bd113a647baf7ef33a72d9616b56669187c6ee4de014651da,1,-1.7286418676376343
english,419,b6245332d4bf33d8f3e5954b0839a1e36dce401840294260f16179ee3e9441deeb35f84aa146309bd113a647baf7ef33a72d9616b56669187c6ee4de014651da,0,-6.070082664489746
english,426,70c21ca1cc3de05f3c23b11615cd7d5dd078e03cda0cd46224c802cb358d2bddc9df76042f0f15fe5c3d655d19f20193db107b130128af209e229afabf047b54,1,3.373006820678711
english,426,70c21ca1cc3de05f3c23b11615cd7d5dd078e03cda0cd46224c802cb358d2bddc9df76042f0f15fe5c3d655d19f20193db107b130128af209e229afabf047b54,0,-6.003029823303223
english,427,959c769d9a0863ebd10e46ba1e1e76b06250e53d5c5baab568fa47e09785ac1298a229d104c41a297faa1d3115cf601810b3b11366da8a2af3b2f450aab3f040,1,4.675575256347656
english,427,959c769d9a0863ebd10e46ba1e1e76b06250e53d5c5baab568fa47e09785ac1298a229d104c41a297faa1d3115cf601810b3b11366da8a2af3b2f450aab3f040,0,-0.7167375087738037
english,429,a69b78a5b405ec7ecbc99ce1b2a7c8d6a27d871eaabfa4217f9b59125c9a0f77503f07218d5ec5f14a6da2006ddf8e3af363ce4d017b468d0a7428dc2ff30d66,1,4.378788948059082
english,429,a69b78a5b405ec7ecbc99ce1b2a7c8d6a27d871eaabfa4217f9b59125c9a0f77503f07218d5ec5f14a6da2006ddf8e3af363ce4d017b468d0a7428dc2ff30d66,0,-3.731609344482422
english,431,cf166b2a376b2518887f5a2e3c347a69f495260309ac27cc1b860d599c86cf85ebf2f20f4dbee126894eecf204d9ef657ffd494c46e75ba0d5c4a227396385eb,1,4.521345138549805
english,431,cf166b2a376b2518887f5a2e3c347a69f495260309ac27cc1b860d599c86cf85ebf2f20f4dbee126894eecf204d9ef657ffd494c46e75ba0d5c4a227396385eb,0,-6.009792804718018
english,434,29b8505586cd43382cd695da6b943f401104be710a5b60e814ac5fe7e06b39459cf8fe1701ca83f8154b3ccd749df7c2aef33ff23950bb1a135b1e1c393dbcf6,1,-2.658930540084839
english,434,29b8505586cd43382cd695da6b943f401104be710a5b60e814ac5fe7e06b39459cf8fe1701ca83f8154b3ccd749df7c2aef33ff23950bb1a135b1e1c393dbcf6,0,-5.9170684814453125
english,445,1d8a5a86ea20aa36ecf601cae7c6cdaf25cface549454f3f365cdd1a36c0d36008c4f37b5c9f9823f50bc946fadd1f803ef7a70f74f613d2eedfd455caa9e595,1,-4.496786117553711
english,445,1d8a5a86ea20aa36ecf601cae7c6cdaf25cface549454f3f365cdd1a36c0d36008c4f37b5c9f9823f50bc946fadd1f803ef7a70f74f613d2eedfd455caa9e595,0,-5.9332780838012695
english,447,c46b47eb5d1c58daa8212ea8ef73c27d0f4ff0f44d8a0e63b0f3114f7a4f2074e010af4cb5df24bbf29dc3e0fd52f637964602d3f50fa1007a3bc2bd7dbb9690,1,-0.42499876022338867
english,447,c46b47eb5d1c58daa8212ea8ef73c27d0f4ff0f44d8a0e63b0f3114f7a4f2074e010af4cb5df24bbf29dc3e0fd52f637964602d3f50fa1007a3bc2bd7dbb9690,0,-4.671394348144531
english,456,8449194e8b74b81d761d7a3786cdd5d099aff4f33737c7f476edf3435c3eb483ff6d6515d153c7cfb9193821f01a3a0bd6b049740b029acd7b1488df9bd579d8,1,1.9614845514297485
english,456,8449194e8b74b81d761d7a3786cdd5d099aff4f33737c7f476edf3435c3eb483ff6d6515d153c7cfb9193821f01a3a0bd6b049740b029acd7b1488df9bd579d8,0,-5.257176399230957
english,458,140267d219fd5d8913048138a73fa9bbe10d77830c76d1b6837c6300b1f60ccc941e6a60c624dd1f4e930a309051766c83643ebe1f139bbdf0cdfbacfcc3dd0d,1,4.727934837341309
english,458,140267d219fd5d8913048138a73fa9bbe10d77830c76d1b6837c6300b1f60ccc941e6a60c624dd1f4e930a309051766c83643ebe1f139bbdf0cdfbacfcc3dd0d,0,-3.6968560218811035
english,459,9f2b9395e751ef4782769f152e94167863c2d2879a5871f4c917af7ad894e565f63f794b07740f55c6b83bc7c866f3a181c65dc9907bc55529d679249231fc5d,1,5.258771896362305
english,459,9f2b9395e751ef4782769f152e94167863c2d2879a5871f4c917af7ad894e565f63f794b07740f55c6b83bc7c866f3a181c65dc9907bc55529d679249231fc5d,0,-5.397421836853027
english,462,29b1e5a58d1667d4ac45832ec195356598a69f66680877b0d5ee465ce2404c0186affc81ffe4a29df35203fc07a0fc5714c60d914a88aa36d7f84c94dc381d2f,1,5.417238235473633
english,462,29b1e5a58d1667d4ac45832ec195356598a69f66680877b0d5ee465ce2404c0186affc81ffe4a29df35203fc07a0fc5714c60d914a88aa36d7f84c94dc381d2f,0,-3.5825698375701904
english,467,1c61115fbc6f3daefa72def59418f4bd92910c9ced85a251880bd882759fc79b61cfc94733eb2fe4cb7fc30700c98a6cc981d590b7bd5efd41b4fc47b7168bcd,1,4.2630767822265625
english,467,1c61115fbc6f3daefa72def59418f4bd92910c9ced85a251880bd882759fc79b61cfc94733eb2fe4cb7fc30700c98a6cc981d590b7bd5efd41b4fc47b7168bcd,0,-5.743280410766602
english,469,77eb706fb5dd161c836b90da6cb1d8646d593ac244c4bece480178b3ddf7ef408f5a38397eb4eff91b85747abfcc275dce6c8031bd548fa8a2867505292b54cb,1,5.113864421844482
english,469,77eb706fb5dd161c836b90da6cb1d8646d593ac244c4bece480178b3ddf7ef408f5a38397eb4eff91b85747abfcc275dce6c8031bd548fa8a2867505292b54cb,0,-1.8166587352752686
english,470,ac033bcb388b843d9826ed30f7b6bcbce5f9e8202097f796c10aff8c58d5e766bbb828804ce3d725b5354221db9b376d486fc0248be1e565d70f6a9bf77701de,1,3.9788451194763184
english,470,ac033bcb388b843d9826ed30f7b6bcbce5f9e8202097f796c10aff8c58d5e766bbb828804ce3d725b5354221db9b376d486fc0248be1e565d70f6a9bf77701de,0,-5.832271575927734
english,472,cbeae2c03dab0460ad75b3d4233ee944e95534f0feacbd491d4356ad0c98b8cd9d159b69b9e9aa6db2e237cb1762c1092c44c7890fa0e9200f61173e90c7b5f7,1,0.6143681406974792
english,472,cbeae2c03dab0460ad75b3d4233ee944e95534f0feacbd491d4356ad0c98b8cd9d159b69b9e9aa6db2e237cb1762c1092c44c7890fa0e9200f61173e90c7b5f7,0,-5.686060905456543
english,481,3db4d991b3de584e9bf5ebdaffba6dcc4aff31cc074b46bb3fd174a97ebb679be42e747df634081b3fda5aebdf5ee528ec08751b67f698bc6c9ad5fadfc60c76,1,3.4030399322509766
english,481,3db4d991b3de584e9bf5ebdaffba6dcc4aff31cc074b46bb3fd174a97ebb679be42e747df634081b3fda5aebdf5ee528ec08751b67f698bc6c9ad5fadfc60c76,0,-5.868727684020996
english,488,2d0e152e5c3736951873b259c7e9e0e657716506e80b46075cf128a522ed95bd4eabd672fc31432924cf0d8632e48aaa4c791e517be06235a7d0d1a9e84f7b55,1,4.002148628234863
english,488,2d0e152e5c3736951873b259c7e9e0e657716506e80b46075cf128a522ed95bd4eabd672fc31432924cf0d8632e48aaa4c791e517be06235a7d0d1a9e84f7b55,0,-4.156557083129883
english,497,79ce8451fea8968eae6f84f6814187a7a9d4a4da089294de5565c6872ff1f951ebdcfb6b74c51cd7c08a2745c89c5ae67c5464dd4c0b22e55b2d4b1d7c0181bf,1,5.183045387268066
english,497,79ce8451fea8968eae6f84f6814187a7a9d4a4da089294de5565c6872ff1f951ebdcfb6b74c51cd7c08a2745c89c5ae67c5464dd4c0b22e55b2d4b1d7c0181bf,0,-4.985776424407959
english,498,3a3a12ef79a5ae168e17630ddee4bc75ac379e7a4bd0a2c01e9dfef7f09c47891f3ab3c3943a9b3255d4962453f314a139edc4c88d3e71a3128f49ef85947a79,1,5.574698448181152
english,498,3a3a12ef79a5ae168e17630ddee4bc75ac379e7a4bd0a2c01e9dfef7f09c47891f3ab3c3943a9b3255d4962453f314a139edc4c88d3e71a3128f49ef85947a79,0,-3.3363797664642334
english,504,c7fa9b2502b716b516b076ca89ff79e29d183ac0c006ce10ce33b61b0cd08542049535c83a89ff71168375d4a3bbbca2bcc25ecf5cc5f0653563862b73121cd2,1,0.288039892911911
english,504,c7fa9b2502b716b516b076ca89ff79e29d183ac0c006ce10ce33b61b0cd08542049535c83a89ff71168375d4a3bbbca2bcc25ecf5cc5f0653563862b73121cd2,0,-3.883676290512085
english,506,df4eb895370c0c7cf250acd7cdf604699f726ad7df1c54695226494cd2661e1cd02bde1a991637381b670c1d6c6870a87ab1d8e270ed5b3d459cd5dcbc01bac5,1,3.726290225982666
english,506,df4eb895370c0c7cf250acd7cdf604699f726ad7df1c54695226494cd2661e1cd02bde1a991637381b670c1d6c6870a87ab1d8e270ed5b3d459cd5dcbc01bac5,0,-4.081852912902832
english,507,1892185a5f450b7b4659e791cf442591bcd1809f6461f80914e4335a0b4ab38ee71b55e86e0c068cf0358397c58a295bd583691234b5ee98aafc775dff2b33b0,1,4.865230560302734
english,507,1892185a5f450b7b4659e791cf442591bcd1809f6461f80914e4335a0b4ab38ee71b55e86e0c068cf0358397c58a295bd583691234b5ee98aafc775dff2b33b0,0,-2.287789821624756
english,509,ab72e9ab22713aec03a3189202a0713e56016ea07569b3041fcd65d77c9eb3f8c692f7ccaec75c16bbc62476d528f434d829193994cf07fcde9e3b1e4a2fa93a,1,5.537810325622559
english,509,ab72e9ab22713aec03a3189202a0713e56016ea07569b3041fcd65d77c9eb3f8c692f7ccaec75c16bbc62476d528f434d829193994cf07fcde9e3b1e4a2fa93a,0,-5.878256797790527
english,512,cc3564ba9160b09d78f20c91f7c875f51a2e7e6eb150f1f331159fbb023eeba2b040c3ee286d53f1994347fca1a636ba6343078b7b1d67dab83d60271ea994da,1,1.6461225748062134
english,512,cc3564ba9160b09d78f20c91f7c875f51a2e7e6eb150f1f331159fbb023eeba2b040c3ee286d53f1994347fca1a636ba6343078b7b1d67dab83d60271ea994da,0,-5.962638854980469
english,515,790d3c7dca38df38badf91b9f25b8d9a7680b57ca71e70d73b341fdc7591dca9e7941eacdc34a0e9962bf5bdb04a0cc9b166f90c908682086dd2256e3bc6344c,1,-0.24825714528560638
english,515,790d3c7dca38df38badf91b9f25b8d9a7680b57ca71e70d73b341fdc7591dca9e7941eacdc34a0e9962bf5bdb04a0cc9b166f90c908682086dd2256e3bc6344c,0,-5.930026054382324
english,527,f55c6165fa5861bdc125327d4b843577e9a8bfb7ea35c342c2ede9afdc2712162e9837cfd1d48ceee25cd5c8be7cf8eb044b8bc738d2849e392fc0a843f67079,1,-3.6977179050445557
english,527,f55c6165fa5861bdc125327d4b843577e9a8bfb7ea35c342c2ede9afdc2712162e9837cfd1d48ceee25cd5c8be7cf8eb044b8bc738d2849e392fc0a843f67079,0,-5.918457984924316
english,533,3edf4b5a0cbf9980fc696cc1f71c5ea73ff6a7bdfadac46c2965325ece452b575cd5a51551251456d4fbfc3d621d23a13c32b856241bc0d37134acb2327deab3,1,1.8502880334854126
english,533,3edf4b5a0cbf9980fc696cc1f71c5ea73ff6a7bdfadac46c2965325ece452b575cd5a51551251456d4fbfc3d621d23a13c32b856241bc0d37134acb2327deab3,0,-5.759923458099365
english,534,a2a22d751c2843ab999936591f3b6f94656a5aa1b21bb26d2c3fc105b934579966c219aac6c85f4157974d99f90fed9479d21c5c2342d7a2d0e80e711384af84,1,5.254117965698242
english,534,a2a22d751c2843ab999936591f3b6f94656a5aa1b21bb26d2c3fc105b934579966c219aac6c85f4157974d99f90fed9479d21c5c2342d7a2d0e80e711384af84,0,-4.711496353149414
english,540,c948b5166ffa7f0a17b7d067f7f99418cfe1cf101ee9b845047cdcb43911af6bc2c5f775f5099e60052e8edf9d59a2a0fdd906095c9ea0f02c8af763b2088235,1,-0.5983242988586426
english,540,c948b5166ffa7f0a17b7d067f7f99418cfe1cf101ee9b845047cdcb43911af6bc2c5f775f5099e60052e8edf9d59a2a0fdd906095c9ea0f02c8af763b2088235,0,-4.325289726257324
english,541,ab84a621f52d398150ac593392424f8d99e265cf69a25aef10d8222187d4da096854b3302504ba3e568d2febed4234eda0d3c85280b58ad5a2c063e82a8d3379,1,5.154067516326904
english,541,ab84a621f52d398150ac593392424f8d99e265cf69a25aef10d8222187d4da096854b3302504ba3e568d2febed4234eda0d3c85280b58ad5a2c063e82a8d3379,0,-5.8848981857299805
english,557,fa552041006acdb1700d1a4faca1565aa4190cc21242eb67cf459af1a7dc235ff7b65c6fd024e21419e84b3fc9246005b9614c0d41ff2745e6c05d4d79b53066,1,5.273159980773926
english,557,fa552041006acdb1700d1a4faca1565aa4190cc21242eb67cf459af1a7dc235ff7b65c6fd024e21419e84b3fc9246005b9614c0d41ff2745e6c05d4d79b53066,0,-3.510335922241211
english,560,5400ece6c5494d2d3b17aa3a8d41017c3ed6192bf7563ec4df3aec50a2147fcbc26fefef4724fd1e4aa9b3bdc9b315798443e2edc690b9ff40ab3f073a21a13c,1,-2.692866325378418
english,560,5400ece6c5494d2d3b17aa3a8d41017c3ed6192bf7563ec4df3aec50a2147fcbc26fefef4724fd1e4aa9b3bdc9b315798443e2edc690b9ff40ab3f073a21a13c,0,0.3462158441543579
english,566,dd19cf19ebf1de1608fc82002902a7b5ed3d6a661aee43fb7ead0ecd4d91ab28d9f4898c0ae0db469b9988981a46f5f23d72487587d043bfdace9bf9043329c5,1,0.873818039894104
english,566,dd19cf19ebf1de1608fc82002902a7b5ed3d6a661aee43fb7ead0ecd4d91ab28d9f4898c0ae0db469b9988981a46f5f23d72487587d043bfdace9bf9043329c5,0,-5.8996429443359375
english,576,cb8c70e028fbef95a09b2d733debc284bd025bd30d530da681db17c45a97286e66d5ba0a62fb84cd3d02516384f1a8871926ce1ce8af0fd46948d170b18f4d0a,1,3.155449867248535
english,576,cb8c70e028fbef95a09b2d733debc284bd025bd30d530da681db17c45a97286e66d5ba0a62fb84cd3d02516384f1a8871926ce1ce8af0fd46948d170b18f4d0a,0,-4.810554027557373
english,592,2fcc2acb0b72afeb7c58fbe878b11a6ccde1576faea16056138081e560383cb3c2653ee754ba2d4ca9ac7e34a9c8257c4444bbf964fac77ae209e644e2301162,1,-1.625158667564392
english,592,2fcc2acb0b72afeb7c58fbe878b11a6ccde1576faea16056138081e560383cb3c2653ee754ba2d4ca9ac7e34a9c8257c4444bbf964fac77ae209e644e2301162,0,-5.6580657958984375
english,596,965364936b9289493f45c92df686d7a74d8408b792d4cbe0e26b97081039c6223385390c736188d76c8bd4b81e682cfc0f2390e4426cb5e0d34ae4c6ab4f0a71,1,0.1879315823316574
english,596,965364936b9289493f45c92df686d7a74d8408b792d4cbe0e26b97081039c6223385390c736188d76c8bd4b81e682cfc0f2390e4426cb5e0d34ae4c6ab4f0a71,0,-5.933136940002441
english,600,c0db48545d02751a7ed265f690e88a493a7640146f541a6d4b526b541dc9bed47b9760eb43912080a9e11816489dad0c719bae172ab800bdeb7f3bdb9d6ead73,1,-1.8774394989013672
english,600,c0db48545d02751a7ed265f690e88a493a7640146f541a6d4b526b541dc9bed47b9760eb43912080a9e11816489dad0c719bae172ab800bdeb7f3bdb9d6ead73,0,-6.019738674163818
english,617,2a6b4159f54e2c66b20eadffd33e20742a7db35e932fbac7dfec4c167901fb3904c6bfc69df429ac91827c744442143a31b54407b8ac6ba439c4057cf18d5ed1,1,4.799139976501465
english,617,2a6b4159f54e2c66b20eadffd33e20742a7db35e932fbac7dfec4c167901fb3904c6bfc69df429ac91827c744442143a31b54407b8ac6ba439c4057cf18d5ed1,0,-0.25063246488571167
english,618,faf58637592369d770c1e99d28e3bb236d605fb5b9698c416ae3e5d5e7ed183994e3ffd2b0797dfe740081986f41f79ba0d3694de35933e435632a5b4ff0a773,1,5.545184135437012
english,618,faf58637592369d770c1e99d28e3bb236d605fb5b9698c416ae3e5d5e7ed183994e3ffd2b0797dfe740081986f41f79ba0d3694de35933e435632a5b4ff0a773,0,-4.69394588470459
english,620,c4215a63594a310a1f1003e4cc4a990ad4c7475e8cb46582a77860e27dc59993062e0d817ccd56b5eea9c8f436b1ab5140e7b4a616264571c5836dfd87080ca9,1,2.4008255004882812
english,620,c4215a63594a310a1f1003e4cc4a990ad4c7475e8cb46582a77860e27dc59993062e0d817ccd56b5eea9c8f436b1ab5140e7b4a616264571c5836dfd87080ca9,0,-3.916733980178833
english,622,35ccc4e99ddb267d35f75aa058b23f6ea3c9da20e74e9c2745ddb1f41605964743e052a272f1a80b9f4578e231280c399e434f92a933241c713594971da70557,1,1.9272748231887817
english,622,35ccc4e99ddb267d35f75aa058b23f6ea3c9da20e74e9c2745ddb1f41605964743e052a272f1a80b9f4578e231280c399e434f92a933241c713594971da70557,0,-5.4019365310668945
english,624,db3a2a5958d594e6dd2d0f4663c3bda5b9a56f53e0b0a2b2d6404d6b0b37a2383557a711ad512b1f844c0585caa02979f3f3f2548e63baaf4c2060641bdeffc7,1,0.6458524465560913
english,624,db3a2a5958d594e6dd2d0f4663c3bda5b9a56f53e0b0a2b2d6404d6b0b37a2383557a711ad512b1f844c0585caa02979f3f3f2548e63baaf4c2060641bdeffc7,0,-1.6503342390060425
english,627,295294c457d8341c05921b7e51ed90f2ba6ca4501929920d36ec1a91d4cb46fe02072ff2669237db9e901c49d77b98e68af2a2ee9db11952eee71e902d30d4f4,1,4.465290069580078
english,627,295294c457d8341c05921b7e51ed90f2ba6ca4501929920d36ec1a91d4cb46fe02072ff2669237db9e901c49d77b98e68af2a2ee9db11952eee71e902d30d4f4,0,-5.888682842254639
english,632,aa0e926a1b5b4f9e38599c533beffe173e3c0031f2aecc94aad4737e575f93dc519ac5f730913e21fb3db182326a06ade5c8e140fc78b5358b7e5203cd04e2e0,1,2.3249096870422363
english,632,aa0e926a1b5b4f9e38599c533beffe173e3c0031f2aecc94aad4737e575f93dc519ac5f730913e21fb3db182326a06ade5c8e140fc78b5358b7e5203cd04e2e0,0,-4.865129470825195
english,635,0b64cedb9abde3a51be4e679e74e75dc2726d689a370f82d53443b199de885672c4c1e8f0c57d73199cbf70d001bf9f68c15140c687d03eaa60de472f2cd1139,1,-2.511664390563965
english,635,0b64cedb9abde3a51be4e679e74e75dc2726d689a370f82d53443b199de885672c4c1e8f0c57d73199cbf70d001bf9f68c15140c687d03eaa60de472f2cd1139,0,-5.406581401824951
english,637,8cbea52aa26bdf09b7e3df2221e07657d07d85edad0ca02aae3d1aa4d4754e9f6c48cb67e67228dfb2a86e37ef7fe93fbe4511d41e06c01cc34c9d0c5de6491b,1,5.614295959472656
english,637,8cbea52aa26bdf09b7e3df2221e07657d07d85edad0ca02aae3d1aa4d4754e9f6c48cb67e67228dfb2a86e37ef7fe93fbe4511d41e06c01cc34c9d0c5de6491b,0,-2.399465560913086
english,642,afabb771d70fa7e22d77f0a5722e6ef736236fcc635836efcd7e6aaa2f84233202abed349809594be11a7bc0b2dc6ccb060bc1a029ffdfa1fcd5c307ca289dc3,1,5.713340759277344
english,642,afabb771d70fa7e22d77f0a5722e6ef736236fcc635836efcd7e6aaa2f84233202abed349809594be11a7bc0b2dc6ccb060bc1a029ffdfa1fcd5c307ca289dc3,0,-3.4343690872192383
english,646,613ed1b8523a49e0efc61fc7d81787a253c40ad9fea2ae583c62fe0a083bc6659eeb46a5381b690c502d96ea1868a257aacba32534460a1347cc74aa59471a9a,1,1.4824289083480835
english,646,613ed1b8523a49e0efc61fc7d81787a253c40ad9fea2ae583c62fe0a083bc6659eeb46a5381b690c502d96ea1868a257aacba32534460a1347cc74aa59471a9a,0,-5.921627044677734
english,651,87303335495e24fe793e71c7c273bedc2e089e4b883e26b89f9b523e81acf74c995bcdb53a4a045a44e2ada70276e3b369bb03dfdb53ff0e1ea33f99ae765474,1,-2.3337228298187256
english,651,87303335495e24fe793e71c7c273bedc2e089e4b883e26b89f9b523e81acf74c995bcdb53a4a045a44e2ada70276e3b369bb03dfdb53ff0e1ea33f99ae765474,0,-5.926708221435547
english,655,9e6707223d942aa738eb439e1d188ea972862c0ca1b345e4d4fa7c67fa8bb27957bcc175288acd2294dc57cd7daf8e7da8834e94702ed08c9ed2426e049e7972,1,3.927750825881958
english,655,9e6707223d942aa738eb439e1d188ea972862c0ca1b345e4d4fa7c67fa8bb27957bcc175288acd2294dc57cd7daf8e7da8834e94702ed08c9ed2426e049e7972,0,-5.994190216064453
english,656,1744cff9d33b70420c7e5517881e81ec4bab1ac475e3b8a679a9a6fbd46953075741df42b0c6c0b80d66dc72c01297c3cc55e5e5fc7f53e84a435bf555987863,1,3.6447792053222656
english,656,1744cff9d33b70420c7e5517881e81ec4bab1ac475e3b8a679a9a6fbd46953075741df42b0c6c0b80d66dc72c01297c3cc55e5e5fc7f53e84a435bf555987863,0,-6.139647483825684
english,657,e23b6366c67dd6a08b588c479df4ea2a32a8e8109a1cc646a1316ab1f10668f441f881faf3f11c82ea44d3711d5f5a7f879a8442ae4d3ce5c99be1b94226c829,1,0.16797518730163574
english,657,e23b6366c67dd6a08b588c479df4ea2a32a8e8109a1cc646a1316ab1f10668f441f881faf3f11c82ea44d3711d5f5a7f879a8442ae4d3ce5c99be1b94226c829,0,-6.036054611206055
english,669,1431a7074cef726568fdee65a648aaade99ac3907b809d12dc30851364c2b16f1058cb8ad442418441d1f4b589e11747904a0d77c297ec7f0d886d1d67f3de0b,1,3.9864444732666016
english,669,1431a7074cef726568fdee65a648aaade99ac3907b809d12dc30851364c2b16f1058cb8ad442418441d1f4b589e11747904a0d77c297ec7f0d886d1d67f3de0b,0,-2.5568060874938965
english,673,0e158b24aeef0c21c6864108c70ea9fae815e865916fd6fa7a4dca42ad7694d46c3aa47d22d1946623e718ab6f5cdc030f244b0362e5553f81c8f22c25082b22,1,2.6998953819274902
english,673,0e158b24aeef0c21c6864108c70ea9fae815e865916fd6fa7a4dca42ad7694d46c3aa47d22d1946623e718ab6f5cdc030f244b0362e5553f81c8f22c25082b22,0,-6.044916152954102
english,678,b419faab633f2099c6405ff157b4d9fb5675219570f2683a4d08cbadeac4431e9d9b30dfa9b04f79aad9d8e3f75fda964809f3aa72ae9d0a4a025c59417f3dd1,1,5.510509490966797
english,678,b419faab633f2099c6405ff157b4d9fb5675219570f2683a4d08cbadeac4431e9d9b30dfa9b04f79aad9d8e3f75fda964809f3aa72ae9d0a4a025c59417f3dd1,0,-5.707374095916748
english,680,7713d46c0fe18be2d186ebc2b8ff9d13fd8ec68ca42832381983ffe9fa05b38754cdc187f3346f8ab2b626fb74b8d475381fe5c11ebf8bcb4dffdec9aeaa60c6,1,4.2957234382629395
english,680,7713d46c0fe18be2d186ebc2b8ff9d13fd8ec68ca42832381983ffe9fa05b38754cdc187f3346f8ab2b626fb74b8d475381fe5c11ebf8bcb4dffdec9aeaa60c6,0,-1.489728569984436
english,683,e790d1a6d652b49b74172d96fca249c1d46c38806613534de93e324492059b41bb491639158ff5b5efe117d167447b1dca743bff0b32dcfe07b12a43fb13a86e,1,0.4113123118877411
english,683,e790d1a6d652b49b74172d96fca249c1d46c38806613534de93e324492059b41bb491639158ff5b5efe117d167447b1dca743bff0b32dcfe07b12a43fb13a86e,0,-5.818300724029541
english,684,b576116e091d7fea2d297c83cd3f70b6d318ce0cc2b92f5c76340a3a3e07d1d58df1abec9467802cab25ca2690be3933202ed851e74c01a0ab40a12b95a05836,1,-3.335714817047119
english,684,b576116e091d7fea2d297c83cd3f70b6d318ce0cc2b92f5c76340a3a3e07d1d58df1abec9467802cab25ca2690be3933202ed851e74c01a0ab40a12b95a05836,0,-6.09803581237793
english,690,65a3247e71ea8dbb7e6a66257e49e5a661f1234c087092eb7f5e82d8058775130471743bad317b082afa1a0917f5f9c3d5ea3e874c4e2730a4227913a4967bb6,1,-0.06490400433540344
english,690,65a3247e71ea8dbb7e6a66257e49e5a661f1234c087092eb7f5e82d8058775130471743bad317b082afa1a0917f5f9c3d5ea3e874c4e2730a4227913a4967bb6,0,-4.420316696166992
english,703,4a8ca5468142b119b1ffddec7649917346593c561957a163c4d1cf605ad4386cd049335f46a303403290804a6803d7e41c166fd67773536bc4cb9937f6dac450,1,6.018884658813477
english,703,4a8ca5468142b119b1ffddec7649917346593c561957a163c4d1cf605ad4386cd049335f46a303403290804a6803d7e41c166fd67773536bc4cb9937f6dac450,0,3.316885471343994
english,706,dc3db1a53620d85b9664bf89a66c12905ad39c9c4cd2bf52b2a9c731b0935ec25efa72329932cda761f94c235839ecdd57623571630451a40704ca86cf75b218,1,3.4297070503234863
english,706,dc3db1a53620d85b9664bf89a66c12905ad39c9c4cd2bf52b2a9c731b0935ec25efa72329932cda761f94c235839ecdd57623571630451a40704ca86cf75b218,0,-5.960082054138184
english,713,a1573f20b82d1823b5a8db60e86c33cc97b7f9218ef77edbb9526d7bc1d4fbfacd6c436ea0e25b86a5cb79c59593ca09407b67e2256d712f76912fc86c8a76df,1,5.929654121398926
english,713,a1573f20b82d1823b5a8db60e86c33cc97b7f9218ef77edbb9526d7bc1d4fbfacd6c436ea0e25b86a5cb79c59593ca09407b67e2256d712f76912fc86c8a76df,0,-0.889313817024231
english,719,d1813b3a39bbd5d6f35e04e8e2151930a40e56cefcc57eb71351d6cde06a360b99e6c7791989ff337b308103b8dd7f2f705c01f88506ec4146042276b5a122ce,1,-0.1319240778684616
english,719,d1813b3a39bbd5d6f35e04e8e2151930a40e56cefcc57eb71351d6cde06a360b99e6c7791989ff337b308103b8dd7f2f705c01f88506ec4146042276b5a122ce,0,-2.9427289962768555
english,720,700776cf6647cf502615fc138780c544dab5a3079778a7762e7819eedc18f3d6c278a791b527efe51b60dd00f50400995f8194f0ec77ecfc4c1b781796c1b7ad,1,5.197061538696289
english,720,700776cf6647cf502615fc138780c544dab5a3079778a7762e7819eedc18f3d6c278a791b527efe51b60dd00f50400995f8194f0ec77ecfc4c1b781796c1b7ad,0,-0.47683000564575195
english,728,5c02a9ca889957e43e024cb5a149bccd6a6964f4c27674cf00781c97e041b9703fd1a31a26556c13a7bb873a198531d4dbcf5ffb1f884e00f2570b782b5e3dae,1,0.7146515250205994
english,728,5c02a9ca889957e43e024cb5a149bccd6a6964f4c27674cf00781c97e041b9703fd1a31a26556c13a7bb873a198531d4dbcf5ffb1f884e00f2570b782b5e3dae,0,-6.0034379959106445
english,732,30cd7a526019c81da505760e51e6708329718e2104481f22bcd2b3de33079a4adc29d59966c5fea2caa77444232f41e0de20360d68a5dc1bf20308b3a519c162,1,1.2829433679580688
english,732,30cd7a526019c81da505760e51e6708329718e2104481f22bcd2b3de33079a4adc29d59966c5fea2caa77444232f41e0de20360d68a5dc1bf20308b3a519c162,0,-5.453944206237793
english,736,e6fee26e65b516e1eb3a270be759604126f129c9b354103d5fadd5a2f8ee1547369c204d9c7b81034bfcdc986c04081a906a207e84adedb0b506f51c15dfc7c3,1,4.1647820472717285
english,736,e6fee26e65b516e1eb3a270be759604126f129c9b354103d5fadd5a2f8ee1547369c204d9c7b81034bfcdc986c04081a906a207e84adedb0b506f51c15dfc7c3,0,-0.7266077399253845
english,744,fdb77e50196cf7d74c2e21915bd9bc495f816adf36fb10430ff94bc329dbd3a78cd9535473ecfc8892f3c4b02c5ee4864c51bbeac2da20650b20ab3c7a363a8e,1,-0.6402317881584167
english,744,fdb77e50196cf7d74c2e21915bd9bc495f816adf36fb10430ff94bc329dbd3a78cd9535473ecfc8892f3c4b02c5ee4864c51bbeac2da20650b20ab3c7a363a8e,0,6.381047248840332
english,747,d2e4ad0496aabd52f399d27989be23ad0be0bb0af6522d076a0176522c5a0d081e17771d62d82ff618c8c9de6ebecaf91a9d473ded4819ce3a11247093b75da6,1,4.069400787353516
english,747,d2e4ad0496aabd52f399d27989be23ad0be0bb0af6522d076a0176522c5a0d081e17771d62d82ff618c8c9de6ebecaf91a9d473ded4819ce3a11247093b75da6,0,-5.593029022216797
english,748,dd72354c03ab84af23953f82fe5108b17f2d9fbb0d5bfb4cfdcad2c42cf2d911363b69a3ea0423e0621580124c5dc183f356844a28a1ac4fc64984e94077970f,1,-4.402315139770508
english,748,dd72354c03ab84af23953f82fe5108b17f2d9fbb0d5bfb4cfdcad2c42cf2d911363b69a3ea0423e0621580124c5dc183f356844a28a1ac4fc64984e94077970f,0,-6.0930681228637695
english,751,7963691c43c8cc498c58f117527522bf772c76c38530570bc55ef04834f67fb7a9227bd0fa1f13e64e8de1cde6594f3501e172ab86559697c08726cac26f4c6f,1,3.2921314239501953
english,751,7963691c43c8cc498c58f117527522bf772c76c38530570bc55ef04834f67fb7a9227bd0fa1f13e64e8de1cde6594f3501e172ab86559697c08726cac26f4c6f,0,-5.960010051727295
english,755,f093d3978c8bad4ab036fdc51400b95ae8ee3717ae7f89c18a61da17fd7ca7d80266e22862cc5fa7050b288cf5b7df8b0c031a1e94c620c789070c620ba5e807,1,3.47818660736084
english,755,f093d3978c8bad4ab036fdc51400b95ae8ee3717ae7f89c18a61da17fd7ca7d80266e22862cc5fa7050b288cf5b7df8b0c031a1e94c620c789070c620ba5e807,0,-0.6469453573226929
english,757,10cdce246e990bae29f8547c038bc65278906935b312dfba267869b6edc3a0538a1ac13e3f58b264a9a66673d083c86ce307894c844dd85d3087784539fbe3fa,1,5.188006401062012
english,757,10cdce246e990bae29f8547c038bc65278906935b312dfba267869b6edc3a0538a1ac13e3f58b264a9a66673d083c86ce307894c844dd85d3087784539fbe3fa,0,-6.114710807800293
english,767,29b8505586cd43382cd695da6b943f401104be710a5b60e814ac5fe7e06b39459cf8fe1701ca83f8154b3ccd749df7c2aef33ff23950bb1a135b1e1c393dbcf6,1,-0.31631410121917725
english,767,29b8505586cd43382cd695da6b943f401104be710a5b60e814ac5fe7e06b39459cf8fe1701ca83f8154b3ccd749df7c2aef33ff23950bb1a135b1e1c393dbcf6,0,-5.920821666717529
english,769,4acb5d34eb7041591652c837bab4162e8b6bfb9aa8e65aa052a7e1eeee4597b7fe36eddfa47f3f20e411ee31e0076c7b63c2aa8ba92bbe163c79dcb5d8311395,1,3.801894187927246
english,769,4acb5d34eb7041591652c837bab4162e8b6bfb9aa8e65aa052a7e1eeee4597b7fe36eddfa47f3f20e411ee31e0076c7b63c2aa8ba92bbe163c79dcb5d8311395,0,-6.0281829833984375
english,773,a008c2bbab02a3b00e5d284f1750dcda96802a8b7ddd5946fd672caae31ab48bf586944a29c675b7c44aaa14fc3b9bb3f4820c177cc7db550f9acf1b524e9bca,1,-0.4546830356121063
english,773,a008c2bbab02a3b00e5d284f1750dcda96802a8b7ddd5946fd672caae31ab48bf586944a29c675b7c44aaa14fc3b9bb3f4820c177cc7db550f9acf1b524e9bca,0,-5.624353408813477
english,774,7c0d14e3385e52014f26ffdf47a2a747199f91c1f6f92cf887691df9c12f177fbd8695b112f174e3c20840cdb702e8ba708cbfe1e0959e046233193a977c3c86,1,1.3476911783218384
english,774,7c0d14e3385e52014f26ffdf47a2a747199f91c1f6f92cf887691df9c12f177fbd8695b112f174e3c20840cdb702e8ba708cbfe1e0959e046233193a977c3c86,0,-5.697620391845703
english,784,0f705f5d06ffe231b773c6e24f70b60fbacba33f80ff4bd0e2fbadcb8707f2bf28f25302a93e5221af60e510530971371500a4328a6f24f08788ba42a1a1d562,1,-4.858274936676025
english,784,0f705f5d06ffe231b773c6e24f70b60fbacba33f80ff4bd0e2fbadcb8707f2bf28f25302a93e5221af60e510530971371500a4328a6f24f08788ba42a1a1d562,0,-6.040278434753418
english,790,a1960f07d823fcb9e8eccca859b92483011823383ed30bf4493ba24237cf283f0d0ab396f9094d310e825006f8480f0bd0cd5bd867bcabc45acce93a3a8325a2,1,0.811314046382904
english,790,a1960f07d823fcb9e8eccca859b92483011823383ed30bf4493ba24237cf283f0d0ab396f9094d310e825006f8480f0bd0cd5bd867bcabc45acce93a3a8325a2,0,-6.090028762817383
english,793,b87dd0680063cbd3dc57f5b9b20c14f020f511c3f18467d52e816db909dbe2be05b8ea36a4bca91179503817a1b093a9e6036abb514c6ad1aaf1ffa71b3d32ce,1,3.77457594871521
english,793,b87dd0680063cbd3dc57f5b9b20c14f020f511c3f18467d52e816db909dbe2be05b8ea36a4bca91179503817a1b093a9e6036abb514c6ad1aaf1ffa71b3d32ce,0,-2.4576144218444824
english,794,a68fadba7d3da3006c0133368483ecf2a26b1c369333435ebeb962dab9fd16d2f5d57404f1da0d0a19aca63b3c56c0c74eb6399d6f441bb8c042c61526c48dd4,1,0.828355610370636
english,794,a68fadba7d3da3006c0133368483ecf2a26b1c369333435ebeb962dab9fd16d2f5d57404f1da0d0a19aca63b3c56c0c74eb6399d6f441bb8c042c61526c48dd4,0,-5.831419944763184
english,796,1a89d88e5613b49b8ada61f3f2012ceb01ca9304c37739f9f4466d5ba7dee91b22f0b3669bf3a5d265b3735e6a66155d146b9c2a9ec44fb60e5880dcc20c444d,1,-0.17983977496623993
english,796,1a89d88e5613b49b8ada61f3f2012ceb01ca9304c37739f9f4466d5ba7dee91b22f0b3669bf3a5d265b3735e6a66155d146b9c2a9ec44fb60e5880dcc20c444d,0,-2.533864974975586
english,816,4f395f279ed6a513e09da0279b08b2cfcea8ac5f8921c5aa33e99ed4465b50e074e54031e19e85e61b88637490db77e74e97a7906c58f4b201b5f4a9e6d39462,1,4.611983776092529
english,816,4f395f279ed6a513e09da0279b08b2cfcea8ac5f8921c5aa33e99ed4465b50e074e54031e19e85e61b88637490db77e74e97a7906c58f4b201b5f4a9e6d39462,0,-5.088511943817139
english,820,87b42e85779256f12cd8467a8790384f4d1ba3aa2c3821b798e151f94702c8fecb77a8f125195bf02e72b9c5cf01c3d6ddda5e6d3aa87b4bc525756a8c2b8807,1,4.054877281188965
english,820,87b42e85779256f12cd8467a8790384f4d1ba3aa2c3821b798e151f94702c8fecb77a8f125195bf02e72b9c5cf01c3d6ddda5e6d3aa87b4bc525756a8c2b8807,0,-5.974347114562988
english,827,c948b5166ffa7f0a17b7d067f7f99418cfe1cf101ee9b845047cdcb43911af6bc2c5f775f5099e60052e8edf9d59a2a0fdd906095c9ea0f02c8af763b2088235,1,-0.8494453430175781
english,827,c948b5166ffa7f0a17b7d067f7f99418cfe1cf101ee9b845047cdcb43911af6bc2c5f775f5099e60052e8edf9d59a2a0fdd906095c9ea0f02c8af763b2088235,0,-5.087274551391602
english,831,701a0466c1eb4e16c45ceb7ef33fac66e2ec11fdfb02431ce7cce1d051e77685a83ae42d4921273c2bf6530b987c63e517b72b9e409249b60e555681fdac72e8,1,1.4058383703231812
english,831,701a0466c1eb4e16c45ceb7ef33fac66e2ec11fdfb02431ce7cce1d051e77685a83ae42d4921273c2bf6530b987c63e517b72b9e409249b60e555681fdac72e8,0,-6.002416610717773
english,834,f02077f36c9f0e54f79c6c31410d3f0f6480760d8098e5a7bff5026cb776c81af12e0bc2f6c80b5c7a6064626b85fc6852a224f6e45a33c6a5ef4aabe9206ad6,1,3.8354620933532715
english,834,f02077f36c9f0e54f79c6c31410d3f0f6480760d8098e5a7bff5026cb776c81af12e0bc2f6c80b5c7a6064626b85fc6852a224f6e45a33c6a5ef4aabe9206ad6,0,-4.469915390014648
english,837,7b078d68ac8c3a795a3b4a28afef165712db00c8e4c825e663625fee37443747d11985c26bf5b29a94d5ebeb1acfddbf0b514980b7d9052a6ec0f4fac1f7f658,1,3.8147029876708984
english,837,7b078d68ac8c3a795a3b4a28afef165712db00c8e4c825e663625fee37443747d11985c26bf5b29a94d5ebeb1acfddbf0b514980b7d9052a6ec0f4fac1f7f658,0,-4.984262466430664
english,844,d13e3108d8a06b9d137d31f1f316e23c76b2390e5249950e5838db2ac85aaa589e85340fe2ce8d17d0329b541e57a5abba13a857998ad85e135175a621ae6561,1,4.655595779418945
english,844,d13e3108d8a06b9d137d31f1f316e23c76b2390e5249950e5838db2ac85aaa589e85340fe2ce8d17d0329b541e57a5abba13a857998ad85e135175a621ae6561,0,-1.8955341577529907
english,848,a38c683ea3889ad8403d1d5920c1a8673c206145f16151267d0efcf470b032337bbd162e9f13ecf16be07c4628f90ab8a744b14792366a5272a726ffd97ecd8d,1,4.78811502456665
english,848,a38c683ea3889ad8403d1d5920c1a8673c206145f16151267d0efcf470b032337bbd162e9f13ecf16be07c4628f90ab8a744b14792366a5272a726ffd97ecd8d,0,-2.4485182762145996
english,850,198a51fa2f4a7bf5d5946ec1f826b9f8389bab768b237252ead78feb7492069ff2162a7e13545f9c65650b39a26849181fe4ef0c7501bb166a71b4a6e526e9c8,1,5.148614406585693
english,850,198a51fa2f4a7bf5d5946ec1f826b9f8389bab768b237252ead78feb7492069ff2162a7e13545f9c65650b39a26849181fe4ef0c7501bb166a71b4a6e526e9c8,0,-4.067647457122803
english,851,655b9c2bbedc9e0a19d9ede62c678d3af37d9b0da1264f5a9d0e3e32ca102c7636b91ac97e1bafb44402c5380f241f26259abb456534a0b772dabb25012e30c3,1,0.48930954933166504
english,851,655b9c2bbedc9e0a19d9ede62c678d3af37d9b0da1264f5a9d0e3e32ca102c7636b91ac97e1bafb44402c5380f241f26259abb456534a0b772dabb25012e30c3,0,-6.085613250732422
english,852,f2575ffc7d2d220100354a6074025b53f756f3fb7e9dfe544ef0e2f7334da8f01c03470829b2dd7f4b55a01321aa67c6b25533528dace02f0ede613c558df300,1,0.7434868812561035
english,852,f2575ffc7d2d220100354a6074025b53f756f3fb7e9dfe544ef0e2f7334da8f01c03470829b2dd7f4b55a01321aa67c6b25533528dace02f0ede613c558df300,0,-3.403860569000244
english,855,ab0a6e5aa9103a870766bd4c2c3f9515ce145b252494b279d93e5439455859f3c9613b553abee80316486c8153b34c42b68c323e119e547c5f62b75a6030d192,1,-0.9735511541366577
english,855,ab0a6e5aa9103a870766bd4c2c3f9515ce145b252494b279d93e5439455859f3c9613b553abee80316486c8153b34c42b68c323e119e547c5f62b75a6030d192,0,-5.960704803466797
english,856,fd52910d24299328945044ddd49dd2d79ef95c7b0d6e38d06d65a1d9330f64f45a8426cf556ed10a705307dcf622e1fe152ee48d5bd2e38b89b4da815b5c38a6,1,-2.4871554374694824
english,856,fd52910d24299328945044ddd49dd2d79ef95c7b0d6e38d06d65a1d9330f64f45a8426cf556ed10a705307dcf622e1fe152ee48d5bd2e38b89b4da815b5c38a6,0,-6.020120620727539
english,859,ae2bbec69aab1485eb55e2aaa2ed856f5e6288752532928ff41c9c832644b3e042b7748c95efa842645fa5a7531866abf1d9325ed52d74310c7abb88c4b738ec,1,-3.3346621990203857
english,859,ae2bbec69aab1485eb55e2aaa2ed856f5e6288752532928ff41c9c832644b3e042b7748c95efa842645fa5a7531866abf1d9325ed52d74310c7abb88c4b738ec,0,-6.032026290893555
english,861,b15e81b74f3a01152401371744ce17a419c45a9415478075dd9d5dab5818374ad025c732871b55b1d5242f40357f577ab2dfd02950081c195bf04dd7b8aa7910,1,0.6054694652557373
english,861,b15e81b74f3a01152401371744ce17a419c45a9415478075dd9d5dab5818374ad025c732871b55b1d5242f40357f577ab2dfd02950081c195bf04dd7b8aa7910,0,-5.973137855529785
english,862,a4af86783d53105aac4b6b62daad1f025209812be5334dfcac32446b7188f7d3e3d27e9a922472a79cce05ac99670fa5c040b97cdfbace708453023f449cfe4f,1,1.7330538034439087
english,862,a4af86783d53105aac4b6b62daad1f025209812be5334dfcac32446b7188f7d3e3d27e9a922472a79cce05ac99670fa5c040b97cdfbace708453023f449cfe4f,0,-1.5625700950622559
english,866,4fe313b29861b4b597ad455c89a5075abbde5a78592e26c63c7bf1d17f4e7314b5c06bfafbc36ceea3b7410160d022aabe9f642707492f93d2dfa809829f11ab,1,5.16031551361084
english,866,4fe313b29861b4b597ad455c89a5075abbde5a78592e26c63c7bf1d17f4e7314b5c06bfafbc36ceea3b7410160d022aabe9f642707492f93d2dfa809829f11ab,0,-4.5645551681518555
english,868,cf166b2a376b2518887f5a2e3c347a69f495260309ac27cc1b860d599c86cf85ebf2f20f4dbee126894eecf204d9ef657ffd494c46e75ba0d5c4a227396385eb,1,3.275783061981201
english,868,cf166b2a376b2518887f5a2e3c347a69f495260309ac27cc1b860d599c86cf85ebf2f20f4dbee126894eecf204d9ef657ffd494c46e75ba0d5c4a227396385eb,0,-6.0780768394470215
english,873,94e0029173b383f6bb8e6e5e8dfef3626d3d9d994a196e8e7bbdb0f34af77e25895e9b7c513b8a5f34db29084fb00838670bdf2e7735d34c53ed30363e8d7a17,1,5.24219274520874
english,873,94e0029173b383f6bb8e6e5e8dfef3626d3d9d994a196e8e7bbdb0f34af77e25895e9b7c513b8a5f34db29084fb00838670bdf2e7735d34c53ed30363e8d7a17,0,-1.1042972803115845
english,876,f95c9f478228e092e2955d5f9ac7f3ed04e8e3d6dae1cde6bb7ff2906bd5196e116ed863adfbbe02dd7c2012665a5d5d3f85d447a1c9cc58d293eeded5ee1763,1,-4.356964588165283
english,876,f95c9f478228e092e2955d5f9ac7f3ed04e8e3d6dae1cde6bb7ff2906bd5196e116ed863adfbbe02dd7c2012665a5d5d3f85d447a1c9cc58d293eeded5ee1763,0,-6.030561447143555
english,877,446a17a9c0c83bd0f1f9b25dfd8e097e8773bc164a7081854ac4b7e9003bde34bccf4c7c3687fa5b6cda5afa30ae8898f66f87843168ded29ff65a97689d3fce,1,6.2490668296813965
english,877,446a17a9c0c83bd0f1f9b25dfd8e097e8773bc164a7081854ac4b7e9003bde34bccf4c7c3687fa5b6cda5afa30ae8898f66f87843168ded29ff65a97689d3fce,0,-1.0479532480239868
english,882,1e6f4b0a04b5d0d1b9bad571e182b5818bc5b161cf990136f19dbdf083c12681dfb19fac99c01f89d075dd0f9df319a654cd5d3452442a4c6945428db099766c,1,1.6144238710403442
english,882,1e6f4b0a04b5d0d1b9bad571e182b5818bc5b161cf990136f19dbdf083c12681dfb19fac99c01f89d075dd0f9df319a654cd5d3452442a4c6945428db099766c,0,-5.243527412414551
english,894,2648b9233842ccd399c847f426963172fd89176e6dbe3b4cbbaf113c5051801d1fb165bab5fe541158070dc75c49a889d33e524a078de7ee7c8de087b6fc920e,1,-0.806621253490448
english,894,2648b9233842ccd399c847f426963172fd89176e6dbe3b4cbbaf113c5051801d1fb165bab5fe541158070dc75c49a889d33e524a078de7ee7c8de087b6fc920e,0,-5.114526271820068
english,896,99eff2a26dd921ba0702130d8ba09ba245538852f2b45112a6bc394bbd2a99b4ae826748a9df907ce7ead060ee31daa4b19c9a7b271f25e7a3e66017464a5893,1,4.066830635070801
english,896,99eff2a26dd921ba0702130d8ba09ba245538852f2b45112a6bc394bbd2a99b4ae826748a9df907ce7ead060ee31daa4b19c9a7b271f25e7a3e66017464a5893,0,-0.57267165184021
english,897,d1813b3a39bbd5d6f35e04e8e2151930a40e56cefcc57eb71351d6cde06a360b99e6c7791989ff337b308103b8dd7f2f705c01f88506ec4146042276b5a122ce,1,1.0678750276565552
english,897,d1813b3a39bbd5d6f35e04e8e2151930a40e56cefcc57eb71351d6cde06a360b99e6c7791989ff337b308103b8dd7f2f705c01f88506ec4146042276b5a122ce,0,-0.0679527074098587
english,904,a41b49f8d6eeb4e645b0a2bda92ae9eca9b7e1ab97810f77041c7f813463519cf45983f4605f81d12857a23d579b70596d00e8a3a7563aa10d42115fe3a73d47,1,5.085536003112793
english,904,a41b49f8d6eeb4e645b0a2bda92ae9eca9b7e1ab97810f77041c7f813463519cf45983f4605f81d12857a23d579b70596d00e8a3a7563aa10d42115fe3a73d47,0,-2.7271852493286133
english,905,cbbf0b4896d532ed8bfad4d3a82e356c699d62cc1f88faaaae8cfeca06bb2376e81af1802e342dfedc6673c08b59d030e0892299d0d516938fc4b40c0b9396fe,1,3.7680463790893555
english,905,cbbf0b4896d532ed8bfad4d3a82e356c699d62cc1f88faaaae8cfeca06bb2376e81af1802e342dfedc6673c08b59d030e0892299d0d516938fc4b40c0b9396fe,0,-6.064431190490723
english,906,344c8d7e1e6fd996d881232606c3742cd344cae9e25cad0dbdb46e42d2ff74e8434deb4c6da13efd6e735ad95cbbc88b310ecacdeec47af5945e56caa2583651,1,3.6644973754882812
english,906,344c8d7e1e6fd996d881232606c3742cd344cae9e25cad0dbdb46e42d2ff74e8434deb4c6da13efd6e735ad95cbbc88b310ecacdeec47af5945e56caa2583651,0,-0.1796889454126358
english,907,e873e7a2b27ce654de6921916a75fd32f3addbe2f0d3debde9c8ac68a0fc624e039368043edd2f2dd5ae19f5e311c3a228d1cad655c55713d88366f7026ed09a,1,3.459141254425049
english,907,e873e7a2b27ce654de6921916a75fd32f3addbe2f0d3debde9c8ac68a0fc624e039368043edd2f2dd5ae19f5e311c3a228d1cad655c55713d88366f7026ed09a,0,-5.961143493652344
english,921,84f3198c4b413e6a7cab24d48529584c694f3501efa7e1605531153f9bfc82d8d3892b44db6bcf3dd0a946854917a5e265a10ff20d56bdf24a56ffd3dbbabb69,1,-0.6317044496536255
english,921,84f3198c4b413e6a7cab24d48529584c694f3501efa7e1605531153f9bfc82d8d3892b44db6bcf3dd0a946854917a5e265a10ff20d56bdf24a56ffd3dbbabb69,0,-5.867848873138428
english,926,56c9515f7f1653269380879c4755c059963960f4bcfe79fff2d0fd20c5c4832c44d8eac0f652bb29cac4932d60cfb03395932b05c179d20a59e1969eae8b980c,1,3.5890910625457764
english,926,56c9515f7f1653269380879c4755c059963960f4bcfe79fff2d0fd20c5c4832c44d8eac0f652bb29cac4932d60cfb03395932b05c179d20a59e1969eae8b980c,0,-5.2474164962768555
english,927,933590530e2425f0c01dac30ccf6a87ad6432637401fe8e599e9942768181f805da879cb732c790f604368998dffeab3bbbd68f980483df4bec42c3f2df45944,1,0.8781412839889526
english,927,933590530e2425f0c01dac30ccf6a87ad6432637401fe8e599e9942768181f805da879cb732c790f604368998dffeab3bbbd68f980483df4bec42c3f2df45944,0,-5.713690757751465
english,929,d2f20344739505c6c1a141fc3a5268d572656b8c5cbd40d7e5a7f00dc95bf1b600cf69e78b3c9320d230df9075614100752464d75f37774053bad565b72cb88b,1,3.362938404083252
english,929,d2f20344739505c6c1a141fc3a5268d572656b8c5cbd40d7e5a7f00dc95bf1b600cf69e78b3c9320d230df9075614100752464d75f37774053bad565b72cb88b,0,-1.3902474641799927
english,931,f86623298d3dbab0187cbb055721fd4596c8665c4e19fd49626680bad857630e33db565c426d2d648df7136e1e3374004d18f072ce5da469596f6a1ebe8f5e62,1,3.135847568511963
english,931,f86623298d3dbab0187cbb055721fd4596c8665c4e19fd49626680bad857630e33db565c426d2d648df7136e1e3374004d18f072ce5da469596f6a1ebe8f5e62,0,-5.970763206481934
english,932,fdf0df76b287ef6d4405d81a740d3adaf9308b9feeceb55a0e58a4f82852f21a45f4255fde374b857c2e994020205692012ef84db6ccfe9bef7b9ba58853f3a2,1,4.036532878875732
english,932,fdf0df76b287ef6d4405d81a740d3adaf9308b9feeceb55a0e58a4f82852f21a45f4255fde374b857c2e994020205692012ef84db6ccfe9bef7b9ba58853f3a2,0,-5.645816802978516
english,933,0014a05b7983f18441b13ce4e4949b6d5d93ffabc11009b3808e9823f0e0ac52d1616f1d029a69581bb57dc83084d9f0edd9761948b4648ecf67d0647bda11e8,1,5.551015853881836
english,933,0014a05b7983f18441b13ce4e4949b6d5d93ffabc11009b3808e9823f0e0ac52d1616f1d029a69581bb57dc83084d9f0edd9761948b4648ecf67d0647bda11e8,0,-2.2841639518737793
english,937,15f4b2d89fd6ef677ad0cf16118393247db64e892060c2b238c09fa625e31ed5d5c4b4e05b0de21c6fc2202db2a2ebf567b2fd032758dbfbeb9897aecb2ab555,1,3.362311363220215
english,937,15f4b2d89fd6ef677ad0cf16118393247db64e892060c2b238c09fa625e31ed5d5c4b4e05b0de21c6fc2202db2a2ebf567b2fd032758dbfbeb9897aecb2ab555,0,-5.849017143249512
english,938,97b0a8cafca94ad000c2f7319bb44bb0fc2e8c6304db9c52adc1e338521d8289bd86eaef23b214695595059f6a65914fa781be7ab74dbefaa2cf87ae0ae40a9f,1,3.1180214881896973
english,938,97b0a8cafca94ad000c2f7319bb44bb0fc2e8c6304db9c52adc1e338521d8289bd86eaef23b214695595059f6a65914fa781be7ab74dbefaa2cf87ae0ae40a9f,0,-5.664426803588867
english,940,d2a2d01fb1f7f6eea38d6e8851dc0e3e8d3340bad2a04b8543c9cda7e10c8131f01a96bfa57702b6f75ba1aa7f2ec5a5aaa23b7fab1de385fad60ce99e9e6c5c,1,0.2527657151222229
english,940,d2a2d01fb1f7f6eea38d6e8851dc0e3e8d3340bad2a04b8543c9cda7e10c8131f01a96bfa57702b6f75ba1aa7f2ec5a5aaa23b7fab1de385fad60ce99e9e6c5c,0,-5.936351776123047
english,941,eac3a80b2371b110ded6551ce8466c8fbdec5bb202ac04390b23d14c84bf3bfb03682de4e28ae53f38cf06ba57debd1b40eed2c8a759c6e6d7a28c48206ca82d,1,0.23595160245895386
english,941,eac3a80b2371b110ded6551ce8466c8fbdec5bb202ac04390b23d14c84bf3bfb03682de4e28ae53f38cf06ba57debd1b40eed2c8a759c6e6d7a28c48206ca82d,0,-5.788958549499512
english,950,18ae3b317f15a738e98fc195f953e7f975a9f2ec9bd739e3cdf054c7bafdded24be9b549f9fffa5cc1a9446ae31619cfbd832c74597b9e1e5bc97cef15cc5081,1,4.574889183044434
english,950,18ae3b317f15a738e98fc195f953e7f975a9f2ec9bd739e3cdf054c7bafdded24be9b549f9fffa5cc1a9446ae31619cfbd832c74597b9e1e5bc97cef15cc5081,0,-4.891352653503418
english,951,109e12ab3ca92cd964fefd14305011059350f817a0f73591a1c51f39eda6cb25775e2de18ec7ec4cd48df939b7c94177768faa496457d2ea42531f7d8a65af34,1,3.421919345855713
english,951,109e12ab3ca92cd964fefd14305011059350f817a0f73591a1c51f39eda6cb25775e2de18ec7ec4cd48df939b7c94177768faa496457d2ea42531f7d8a65af34,0,-1.8494163751602173
english,955,b15e81b74f3a01152401371744ce17a419c45a9415478075dd9d5dab5818374ad025c732871b55b1d5242f40357f577ab2dfd02950081c195bf04dd7b8aa7910,1,1.281814694404602
english,955,b15e81b74f3a01152401371744ce17a419c45a9415478075dd9d5dab5818374ad025c732871b55b1d5242f40357f577ab2dfd02950081c195bf04dd7b8aa7910,0,-6.001345634460449
english,956,a97730f86fa90560ae105669364412a9ad393b32839d0151236604af188212aab60bf5168a7975fdd0a448dd3131543f5c0032e737a7164b41e9d9d85ffd6660,1,-4.868351936340332
english,956,a97730f86fa90560ae105669364412a9ad393b32839d0151236604af188212aab60bf5168a7975fdd0a448dd3131543f5c0032e737a7164b41e9d9d85ffd6660,0,-5.945300102233887
english,957,e76bf275d7fa70296086fa2910e6a819e61d8454440b9546c15fe81e26ab615464303e4553c11c864f70f33967ed366b10048ce3e89ff4d6a3930f77384d25a3,1,-1.7787853479385376
english,957,e76bf275d7fa70296086fa2910e6a819e61d8454440b9546c15fe81e26ab615464303e4553c11c864f70f33967ed366b10048ce3e89ff4d6a3930f77384d25a3,0,-5.952823638916016
english,966,39c7f4a092c239dd28b5af1f5d2478b19641bae496c30909b4d3eaa73bdcb6e1ccfa348210a57be42889112d2eb3f99efc3d142574f6bb9174ce2be1c3781066,1,3.270590305328369
english,966,39c7f4a092c239dd28b5af1f5d2478b19641bae496c30909b4d3eaa73bdcb6e1ccfa348210a57be42889112d2eb3f99efc3d142574f6bb9174ce2be1c3781066,0,-3.818446636199951
english,967,57d9be2eeda5fbaad0290c45f4e95813da95e09633d5fd84df35a758151788abec644a351cdf610c7b792561d1db0ac6f122dbc94404646941967bd6f0befd44,1,-0.3139488697052002
english,967,57d9be2eeda5fbaad0290c45f4e95813da95e09633d5fd84df35a758151788abec644a351cdf610c7b792561d1db0ac6f122dbc94404646941967bd6f0befd44,0,-5.297274589538574
english,969,bf35656a89be5e1cff674565dbf2957250385cfde9d9bca4542c6cd6e935788443e41d4e200f71926398c380c8d38f5b244a59c4b3c34c3557a3761890bdf363,1,3.182494878768921
english,969,bf35656a89be5e1cff674565dbf2957250385cfde9d9bca4542c6cd6e935788443e41d4e200f71926398c380c8d38f5b244a59c4b3c34c3557a3761890bdf363,0,-6.098818778991699
english,973,af294a21d920e11013661f4735c1ebd5df298b0c73074b35ae4c3ea490ee8e630766fc629741346f123353256859ef7d055ee8dcce07e48a091cc8bedec671e3,1,2.360865592956543
english,973,af294a21d920e11013661f4735c1ebd5df298b0c73074b35ae4c3ea490ee8e630766fc629741346f123353256859ef7d055ee8dcce07e48a091cc8bedec671e3,0,-5.393912315368652
english,978,a33782132330fc941b615d0f8adb052f76e3fbf97db0cd6315c66aeef5035e5606e448d813c6d5f99f89ab8c6aa0bd9ae28e5b1df2ceaa77af9f7226ff95e3ac,1,4.720648765563965
english,978,a33782132330fc941b615d0f8adb052f76e3fbf97db0cd6315c66aeef5035e5606e448d813c6d5f99f89ab8c6aa0bd9ae28e5b1df2ceaa77af9f7226ff95e3ac,0,-0.4196217954158783
english,987,34426206799bc4092f403c29a19865e64a408245ca869fc3ba79ba6d48ad6290c7d7aab7b3f1ea421290ebe31bded6a36f04fedf0720b2ff4df64a6098d1702d,1,1.5064064264297485
english,987,34426206799bc4092f403c29a19865e64a408245ca869fc3ba79ba6d48ad6290c7d7aab7b3f1ea421290ebe31bded6a36f04fedf0720b2ff4df64a6098d1702d,0,-6.074170112609863
english,998,1eff4631dc269207618994527c66eb15c32fe75cdd16f377e1d46d17ffc037100b75d92cd77f84caa6ebee2c8542164edcaa42c3ac4a4548208a6ed93eeb1a66,1,-3.1209802627563477
english,998,1eff4631dc269207618994527c66eb15c32fe75cdd16f377e1d46d17ffc037100b75d92cd77f84caa6ebee2c8542164edcaa42c3ac4a4548208a6ed93eeb1a66,0,-5.860715389251709
english,1005,e0e2a4b0b6d984bb3d0b3bbf39f81d5a2a6e475ab7201ea87ad6a862e4b59a75ac7c4f3d2b1f487bab13d4bcfbd672b5df88ac44768e78eb85eb481e6e2555c0,1,5.323740482330322
english,1005,e0e2a4b0b6d984bb3d0b3bbf39f81d5a2a6e475ab7201ea87ad6a862e4b59a75ac7c4f3d2b1f487bab13d4bcfbd672b5df88ac44768e78eb85eb481e6e2555c0,0,-3.9915733337402344
english,1007,9951ecb742632b5f8a1f7261773a64ea24d42f0996ee9f146ee52603983754d7154ad60f3fc5efd069a6cb2afd95f899e8843c0b082016fed5ba7394fc096270,1,3.1713991165161133
english,1007,9951ecb742632b5f8a1f7261773a64ea24d42f0996ee9f146ee52603983754d7154ad60f3fc5efd069a6cb2afd95f899e8843c0b082016fed5ba7394fc096270,0,-6.085541725158691
english,1008,ea7d4f67f5be8964a8531f9379b02798ce8d690f5a4223b5821485d66307d8218feec1a8aa5e509cc795faefb2e731e80a18f241360ac43362115069814579a4,1,-2.4861340522766113
english,1008,ea7d4f67f5be8964a8531f9379b02798ce8d690f5a4223b5821485d66307d8218feec1a8aa5e509cc795faefb2e731e80a18f241360ac43362115069814579a4,0,-6.071547985076904
english,1011,372293e65cdab88771e028a4351651ab2eff64438ddafc211e089247dcdccca350153465eb5409ce708081d9ad384af45d1dc57bbe030ae1a2c0edd561322fb8,1,-0.6171284914016724
english,1011,372293e65cdab88771e028a4351651ab2eff64438ddafc211e089247dcdccca350153465eb5409ce708081d9ad384af45d1dc57bbe030ae1a2c0edd561322fb8,0,-4.263047218322754
english,1012,5597b775cae1114a1a3c97619b375561277b50a7ae07186db8ccb9ea77390d29cfc9fd118ca12b84ea2aa47019d247ce3ee378265cfa7bbc417e436001d59269,1,1.1760576963424683
english,1012,5597b775cae1114a1a3c97619b375561277b50a7ae07186db8ccb9ea77390d29cfc9fd118ca12b84ea2aa47019d247ce3ee378265cfa7bbc417e436001d59269,0,-5.782600402832031
english,1018,423ab9ec4bfd2aeeb3bc9fda4a472672b0f3763fd5d9fe7ec3cf4587b8509be550f5e52f204ecc731d30ee36114e66fc0cd23d8281248067d017967ee1a15422,1,5.430237293243408
english,1018,423ab9ec4bfd2aeeb3bc9fda4a472672b0f3763fd5d9fe7ec3cf4587b8509be550f5e52f204ecc731d30ee36114e66fc0cd23d8281248067d017967ee1a15422,0,-1.4706025123596191
english,1019,1f8a4142e72f09451b4070b0443674c6e7c2ce291e5fe5bc8f30fc22646e2eb71c11a1520957abca5715c5505f3be8197e80445dd847c1d39105bf5b18467e36,1,0.8134634494781494
english,1019,1f8a4142e72f09451b4070b0443674c6e7c2ce291e5fe5bc8f30fc22646e2eb71c11a1520957abca5715c5505f3be8197e80445dd847c1d39105bf5b18467e36,0,-3.5316662788391113
english,1037,b7a61d12e5df27da729ede26093609d5a904f3f3518089a5ab5e55f991d095245fc0db9cf4565ce408507d37457b06fdeca27b03c1bf4ee1f50b5d65271dfea2,1,-1.174677848815918
english,1037,b7a61d12e5df27da729ede26093609d5a904f3f3518089a5ab5e55f991d095245fc0db9cf4565ce408507d37457b06fdeca27b03c1bf4ee1f50b5d65271dfea2,0,-4.716736316680908
english,1043,c9a53379f05baeec4de2c763c78f16983bfe09957fc61b3807658ef31cc44739a046aee30875dbb554762b47b832f2b53bda37a5d09aedc45fe9c9bb42fa8c99,1,-0.5924193859100342
english,1043,c9a53379f05baeec4de2c763c78f16983bfe09957fc61b3807658ef31cc44739a046aee30875dbb554762b47b832f2b53bda37a5d09aedc45fe9c9bb42fa8c99,0,-6.0980658531188965
english,1046,e769288996b62166131fee52a9c7243e7b2cc0c5a4851d0f7255ab95b92b62afea0f1e7a307a1caa5dd523023fca574ff7175065b356ec799bc337fef80ee1f0,1,2.236215829849243
english,1046,e769288996b62166131fee52a9c7243e7b2cc0c5a4851d0f7255ab95b92b62afea0f1e7a307a1caa5dd523023fca574ff7175065b356ec799bc337fef80ee1f0,0,-6.000149726867676
english,1051,c7fa9b2502b716b516b076ca89ff79e29d183ac0c006ce10ce33b61b0cd08542049535c83a89ff71168375d4a3bbbca2bcc25ecf5cc5f0653563862b73121cd2,1,-1.211799144744873
english,1051,c7fa9b2502b716b516b076ca89ff79e29d183ac0c006ce10ce33b61b0cd08542049535c83a89ff71168375d4a3bbbca2bcc25ecf5cc5f0653563862b73121cd2,0,-3.6046719551086426
english,1058,b91749a4dc04cd412c5f85dfd0d53e4588a23ca6033fee0a3b81099a9fe6f6aeaf0ef42e2a10fa6ec926526e26cb7bd813e3704a4a9d8f534228930b3dfa171d,1,3.399355888366699
english,1058,b91749a4dc04cd412c5f85dfd0d53e4588a23ca6033fee0a3b81099a9fe6f6aeaf0ef42e2a10fa6ec926526e26cb7bd813e3704a4a9d8f534228930b3dfa171d,0,-6.085123538970947
english,1067,d9685b3072e3c4a70a6b40148754add887a267c29f421ccd5bb35938588bef7e04510e6a6eb27c23568bf7ad0b4cbfb6d6271ac4b3d16eefc6f62c36c26ad2c3,1,5.542696952819824
english,1067,d9685b3072e3c4a70a6b40148754add887a267c29f421ccd5bb35938588bef7e04510e6a6eb27c23568bf7ad0b4cbfb6d6271ac4b3d16eefc6f62c36c26ad2c3,0,0.3586389124393463
english,1068,62fe38605370af736776af0cf066ab4ecda0c9e8728cfed5af765d5a867d833be5aad777dab6264b2334aaaae106e2e7d9644caff94d066e0611d7175218305f,1,0.4902697205543518
english,1068,62fe38605370af736776af0cf066ab4ecda0c9e8728cfed5af765d5a867d833be5aad777dab6264b2334aaaae106e2e7d9644caff94d066e0611d7175218305f,0,-5.7832746505737305
english,1071,1c6b510e4b94655025d950b34448a9da9e8904360decd22c4d5dd1286f79228c712367e82499042498fdf2bb4c71032981fd78deefaa5d82fe5f9b372432aa2b,1,-3.417785167694092
english,1071,1c6b510e4b94655025d950b34448a9da9e8904360decd22c4d5dd1286f79228c712367e82499042498fdf2bb4c71032981fd78deefaa5d82fe5f9b372432aa2b,0,-5.8160200119018555
english,1074,b21dc0eecff2a84748f469c5fe062c9c81a94e85aecd943288f52eb736af8a1b096d68c20890fe7091ba7360ac8a876c07cf66be0eb1931be75ebfca44a06e41,1,5.463911533355713
english,1074,b21dc0eecff2a84748f469c5fe062c9c81a94e85aecd943288f52eb736af8a1b096d68c20890fe7091ba7360ac8a876c07cf66be0eb1931be75ebfca44a06e41,0,-0.38875025510787964
english,1086,a0eef2ebc57b40edf9a0fa5ce6fc4dc6631d41cc0ac1ff74811ff1e3d0186484eddcafd78f4173d556ec6a272964e568ee34e43020ee27254eeda3b6c999363a,1,3.5889923572540283
english,1086,a0eef2ebc57b40edf9a0fa5ce6fc4dc6631d41cc0ac1ff74811ff1e3d0186484eddcafd78f4173d556ec6a272964e568ee34e43020ee27254eeda3b6c999363a,0,-0.993266224861145
english,1096,af9c15b78f47fc932ee4a2fab15488dd4295f87b2a3359c855aad4f383b20bced882b0bb7ffa51fe7a08897bcd7370705108bb2cd7dd3919806d7d39f2209c7f,1,4.393072605133057
english,1096,af9c15b78f47fc932ee4a2fab15488dd4295f87b2a3359c855aad4f383b20bced882b0bb7ffa51fe7a08897bcd7370705108bb2cd7dd3919806d7d39f2209c7f,0,-0.6957659721374512
english,1097,341ce7bb8bca97ea26dbb3fe4bb111a51e5b2173cf305527dbc4155064cf046baab8c77c7fd1dc924893b6282332542e289382f4fc1ba0094799ec30c4d2401c,1,0.5658395290374756
english,1097,341ce7bb8bca97ea26dbb3fe4bb111a51e5b2173cf305527dbc4155064cf046baab8c77c7fd1dc924893b6282332542e289382f4fc1ba0094799ec30c4d2401c,0,-1.1244100332260132
english,1099,aec0db8667fd63471da924559b9c2024ef9b7362db5d7936a1ca97a6d9534becf2d0aabc2a8750e67ddc44c02e9865565be7c5bdf4c944d9a12353a0c4a1bee2,1,1.8861576318740845
english,1099,aec0db8667fd63471da924559b9c2024ef9b7362db5d7936a1ca97a6d9534becf2d0aabc2a8750e67ddc44c02e9865565be7c5bdf4c944d9a12353a0c4a1bee2,0,-5.997174263000488
english,1100,bb11b3d2b69d5c672eb4924af6bf46447a193f29e08ae1bc0a834a271aaea698c9ab4583bb2cfef9d18d10a4ac043db1624968a1eb5fe33ded79f7e4e737f31a,1,-0.3817485570907593
english,1100,bb11b3d2b69d5c672eb4924af6bf46447a193f29e08ae1bc0a834a271aaea698c9ab4583bb2cfef9d18d10a4ac043db1624968a1eb5fe33ded79f7e4e737f31a,0,-2.81221866607666
english,1109,6ca23850b3c20061878f758a4151972f3b13b39c4173046f32fa91d7c7df57fa18d4e1753a6be749c5b442121c052f383da66b1565e99a408fde33b2002150da,1,2.1552445888519287
english,1109,6ca23850b3c20061878f758a4151972f3b13b39c4173046f32fa91d7c7df57fa18d4e1753a6be749c5b442121c052f383da66b1565e99a408fde33b2002150da,0,-5.860728740692139
english,1116,57d9be2eeda5fbaad0290c45f4e95813da95e09633d5fd84df35a758151788abec644a351cdf610c7b792561d1db0ac6f122dbc94404646941967bd6f0befd44,1,1.0806567668914795
english,1116,57d9be2eeda5fbaad0290c45f4e95813da95e09633d5fd84df35a758151788abec644a351cdf610c7b792561d1db0ac6f122dbc94404646941967bd6f0befd44,0,-1.9838050603866577
english,1119,091b9c61a534e512d2a79ff45e6c5a0bd69aaf29f94e3a291020b76f915a91a19a360baf9f0adef09ff5526250fe490bf874b00b4d1c0176582ef78469d5e422,1,4.985611915588379
english,1119,091b9c61a534e512d2a79ff45e6c5a0bd69aaf29f94e3a291020b76f915a91a19a360baf9f0adef09ff5526250fe490bf874b00b4d1c0176582ef78469d5e422,0,-0.7235692739486694
english,1123,a33782132330fc941b615d0f8adb052f76e3fbf97db0cd6315c66aeef5035e5606e448d813c6d5f99f89ab8c6aa0bd9ae28e5b1df2ceaa77af9f7226ff95e3ac,1,5.114593029022217
english,1123,a33782132330fc941b615d0f8adb052f76e3fbf97db0cd6315c66aeef5035e5606e448d813c6d5f99f89ab8c6aa0bd9ae28e5b1df2ceaa77af9f7226ff95e3ac,0,-0.4365155100822449
