utt_id,label,method,window_ms,topk_frac,comprehensiveness,sufficiency
LA_E_2137584,0,occlusion,20.0,0.05,-1.4642319679260254,-6.073278427124023
LA_E_2137584,0,occlusion,20.0,0.1,-0.5095100402832031,-6.206975936889648
LA_E_2137584,0,occlusion,20.0,0.2,0.668982982635498,-6.112623691558838
LA_E_2137584,0,occlusion,50.0,0.05,-0.8618464469909668,-2.73209810256958
LA_E_2137584,0,occlusion,50.0,0.1,-0.4498319625854492,-6.231997489929199
LA_E_2137584,0,occlusion,50.0,0.2,0.26491212844848633,-6.2276129722595215
LA_E_2137584,0,occlusion,100.0,0.05,-0.6603984832763672,-1.3458682298660278
LA_E_2137584,0,occlusion,100.0,0.1,0.6048002243041992,-5.710642337799072
LA_E_2137584,0,occlusion,100.0,0.2,0.5863156318664551,-5.985326290130615
LA_E_2137584,0,integrated_gradients,,0.05,0.8196663856506348,-6.00959587097168
LA_E_2137584,0,integrated_gradients,,0.1,0.7510166168212891,-6.116722583770752
LA_E_2137584,0,integrated_gradients,,0.2,0.8496294021606445,-6.07614803314209
LA_E_6549561,0,occlusion,20.0,0.05,-1.6986274719238281,-6.090384006500244
LA_E_6549561,0,occlusion,20.0,0.1,-1.1335248947143555,-6.124123573303223
LA_E_6549561,0,occlusion,20.0,0.2,0.08017730712890625,-6.173264026641846
LA_E_6549561,0,occlusion,50.0,0.05,-0.5620689392089844,-2.6468818187713623
LA_E_6549561,0,occlusion,50.0,0.1,-0.8614282608032227,-6.126932621002197
LA_E_6549561,0,occlusion,50.0,0.2,0.20831775665283203,-6.055023193359375
LA_E_6549561,0,occlusion,100.0,0.05,-0.9596962928771973,1.885433316230774
LA_E_6549561,0,occlusion,100.0,0.1,-0.9591565132141113,-5.482084274291992
LA_E_6549561,0,occlusion,100.0,0.2,0.16614151000976562,-6.029892921447754
LA_E_6549561,0,integrated_gradients,,0.05,0.5078487396240234,-6.094921112060547
LA_E_6549561,0,integrated_gradients,,0.1,0.5654010772705078,-6.197887420654297
LA_E_6549561,0,integrated_gradients,,0.2,0.568903923034668,-6.191143989562988
LA_E_8855620,1,occlusion,20.0,0.05,3.0913009643554688,-3.446682929992676
LA_E_8855620,1,occlusion,20.0,0.1,5.6953236274421215,-4.476448059082031
LA_E_8855620,1,occlusion,20.0,0.2,6.903977394104004,-5.807066917419434
LA_E_8855620,1,occlusion,50.0,0.05,3.317546844482422,-1.7517906427383423
LA_E_8855620,1,occlusion,50.0,0.1,4.98126745223999,-2.8447799682617188
LA_E_8855620,1,occlusion,50.0,0.2,6.162131428718567,-0.8206149339675903
LA_E_8855620,1,occlusion,100.0,0.05,1.5005955696105957,-0.9252654910087585
LA_E_8855620,1,occlusion,100.0,0.1,3.4275858402252197,-1.0257400274276733
LA_E_8855620,1,occlusion,100.0,0.2,5.22378808259964,0.9810738563537598
LA_E_8855620,1,integrated_gradients,,0.05,3.4002108573913574,-5.649341106414795
LA_E_8855620,1,integrated_gradients,,0.1,6.201253056526184,-3.9432222843170166
LA_E_8855620,1,integrated_gradients,,0.2,8.962350845336914,-0.7942865490913391
LA_E_3453755,1,occlusion,20.0,0.05,1.7179036140441895,-1.5533453226089478
LA_E_3453755,1,occlusion,20.0,0.1,3.5576915740966797,-2.896319627761841
LA_E_3453755,1,occlusion,20.0,0.2,7.00802081823349,-1.6026989221572876
LA_E_3453755,1,occlusion,50.0,0.05,0.775270938873291,3.7059836387634277
LA_E_3453755,1,occlusion,50.0,0.1,2.166074275970459,2.0408549308776855
LA_E_3453755,1,occlusion,50.0,0.2,4.88597309589386,-0.12959954142570496
LA_E_3453755,1,occlusion,100.0,0.05,0.8763613700866699,5.6300368309021
LA_E_3453755,1,occlusion,100.0,0.1,1.4516258239746094,4.47785758972168
LA_E_3453755,1,occlusion,100.0,0.2,3.3392348289489746,2.004821300506592
LA_E_3453755,1,integrated_gradients,,0.05,1.2603893280029297,-2.2156009674072266
LA_E_3453755,1,integrated_gradients,,0.1,6.785661458969116,-2.754068613052368
LA_E_3453755,1,integrated_gradients,,0.2,8.451628923416138,-0.19425320625305176
LA_E_7867324,0,occlusion,20.0,0.05,0.008037567138671875,-4.015463829040527
LA_E_7867324,0,occlusion,20.0,0.1,0.04139566421508789,-6.114336013793945
LA_E_7867324,0,occlusion,20.0,0.2,0.0611872673034668,-6.210597038269043
LA_E_7867324,0,occlusion,50.0,0.05,0.031278133392333984,-5.863893508911133
LA_E_7867324,0,occlusion,50.0,0.1,0.019840717315673828,-6.125924110412598
LA_E_7867324,0,occlusion,50.0,0.2,0.07140254974365234,-6.018531799316406
LA_E_7867324,0,occlusion,100.0,0.05,0.053646087646484375,-1.5032291412353516
LA_E_7867324,0,occlusion,100.0,0.1,0.05179119110107422,-4.000982761383057
LA_E_7867324,0,occlusion,100.0,0.2,0.049460411071777344,-6.173555374145508
LA_E_7867324,0,integrated_gradients,,0.05,-0.028772354125976562,-5.985469818115234
LA_E_7867324,0,integrated_gradients,,0.1,-0.025127887725830078,-6.091970443725586
LA_E_7867324,0,integrated_gradients,,0.2,0.00543212890625,-6.1794352531433105
LA_E_2790723,1,occlusion,20.0,0.05,6.669890999794006,-1.3915698528289795
LA_E_2790723,1,occlusion,20.0,0.1,7.284698128700256,0.4649698734283447
LA_E_2790723,1,occlusion,20.0,0.2,5.411859691143036,5.362536907196045
LA_E_2790723,1,occlusion,50.0,0.05,5.329440951347351,-0.24059264361858368
LA_E_2790723,1,occlusion,50.0,0.1,6.02157524228096,3.634401321411133
LA_E_2790723,1,occlusion,50.0,0.2,2.0136475563049316,5.736729621887207
LA_E_2790723,1,occlusion,100.0,0.05,6.151894614100456,-0.7904187440872192
LA_E_2790723,1,occlusion,100.0,0.1,5.689046129584312,3.8443760871887207
LA_E_2790723,1,occlusion,100.0,0.2,-0.1424999237060547,6.015601634979248
LA_E_2790723,1,integrated_gradients,,0.05,6.937291860580444,5.286442756652832
LA_E_2790723,1,integrated_gradients,,0.1,5.669374018907547,5.7943010330200195
LA_E_2790723,1,integrated_gradients,,0.2,-0.1267223358154297,5.843075752258301
LA_E_7984621,1,occlusion,20.0,0.05,2.4902215003967285,-3.3530220985412598
LA_E_7984621,1,occlusion,20.0,0.1,5.14830482006073,-3.620936155319214
LA_E_7984621,1,occlusion,20.0,0.2,7.381292462348938,-3.1466660499572754
LA_E_7984621,1,occlusion,50.0,0.05,1.8855743408203125,-2.4779815673828125
LA_E_7984621,1,occlusion,50.0,0.1,4.670027852058411,-1.4004782438278198
LA_E_7984621,1,occlusion,50.0,0.2,4.555129170417786,-0.486108660697937
LA_E_7984621,1,occlusion,100.0,0.05,1.717139720916748,-1.2242854833602905
LA_E_7984621,1,occlusion,100.0,0.1,3.572627067565918,-1.4526792764663696
LA_E_7984621,1,occlusion,100.0,0.2,5.316699147224426,-0.488431453704834
LA_E_7984621,1,integrated_gradients,,0.05,2.783662796020508,-4.1294684410095215
LA_E_7984621,1,integrated_gradients,,0.1,6.575477331876755,-2.7115461826324463
LA_E_7984621,1,integrated_gradients,,0.2,7.484347820281982,1.887258529663086
LA_E_4607629,1,occlusion,20.0,0.05,1.5799717903137207,-1.4206717014312744
LA_E_4607629,1,occlusion,20.0,0.1,2.5961742401123047,-1.571532964706421
LA_E_4607629,1,occlusion,20.0,0.2,5.667105108499527,0.1736426055431366
LA_E_4607629,1,occlusion,50.0,0.05,0.9536857604980469,-0.723377525806427
LA_E_4607629,1,occlusion,50.0,0.1,1.9595026969909668,-0.4940287470817566
LA_E_4607629,1,occlusion,50.0,0.2,3.5070972442626953,2.568147659301758
LA_E_4607629,1,occlusion,100.0,0.05,0.8490276336669922,0.31953826546669006
LA_E_4607629,1,occlusion,100.0,0.1,1.022294521331787,4.794515132904053
LA_E_4607629,1,occlusion,100.0,0.2,3.652700662612915,3.145972967147827
LA_E_4607629,1,integrated_gradients,,0.05,1.286367416381836,-0.6245664358139038
LA_E_4607629,1,integrated_gradients,,0.1,5.437413692474365,4.117694854736328
LA_E_4607629,1,integrated_gradients,,0.2,6.6073771715164185,5.094947814941406
LA_E_6378612,1,occlusion,20.0,0.05,1.5081076622009277,-1.41599440574646
LA_E_6378612,1,occlusion,20.0,0.1,3.0172338485717773,-1.1096837520599365
LA_E_6378612,1,occlusion,20.0,0.2,5.7189861536026,-0.9932727813720703
LA_E_6378612,1,occlusion,50.0,0.05,1.2041568756103516,-1.3153058290481567
LA_E_6378612,1,occlusion,50.0,0.1,3.625100612640381,-1.2353761196136475
LA_E_6378612,1,occlusion,50.0,0.2,5.055249214172363,-0.37008094787597656
LA_E_6378612,1,occlusion,100.0,0.05,1.2693557739257812,-1.012803077697754
LA_E_6378612,1,occlusion,100.0,0.1,1.5866923332214355,1.9945474863052368
LA_E_6378612,1,occlusion,100.0,0.2,3.3869171142578125,1.7826132774353027
LA_E_6378612,1,integrated_gradients,,0.05,4.013784408569336,-3.885917901992798
LA_E_6378612,1,integrated_gradients,,0.1,8.483409404754639,-2.503465175628662
LA_E_6378612,1,integrated_gradients,,0.2,7.832277774810791,5.421371936798096
LA_E_4902696,1,occlusion,20.0,0.05,5.269035279750824,-3.9522783756256104
LA_E_4902696,1,occlusion,20.0,0.1,6.9551286697387695,-3.7736120223999023
LA_E_4902696,1,occlusion,20.0,0.2,7.6868239641189575,1.418207049369812
LA_E_4902696,1,occlusion,50.0,0.05,5.186238169670105,-2.1873550415039062
LA_E_4902696,1,occlusion,50.0,0.1,6.2313971519470215,-1.629357099533081
LA_E_4902696,1,occlusion,50.0,0.2,7.173558354377747,-0.016939271241426468
LA_E_4902696,1,occlusion,100.0,0.05,4.83531653881073,-3.507204294204712
LA_E_4902696,1,occlusion,100.0,0.1,6.176927179098129,-1.350944995880127
LA_E_4902696,1,occlusion,100.0,0.2,4.399489164352417,4.708331108093262
LA_E_4902696,1,integrated_gradients,,0.05,3.200953483581543,-1.442617416381836
LA_E_4902696,1,integrated_gradients,,0.1,6.493945777416229,-0.956464946269989
LA_E_4902696,1,integrated_gradients,,0.2,7.219772458076477,3.62493896484375
LA_E_3885033,1,occlusion,20.0,0.05,3.6281707286834717,-1.546319842338562
LA_E_3885033,1,occlusion,20.0,0.1,5.530631899833679,-4.237629413604736
LA_E_3885033,1,occlusion,20.0,0.2,7.09661328792572,-1.9743739366531372
LA_E_3885033,1,occlusion,50.0,0.05,2.1600232124328613,-1.5118892192840576
LA_E_3885033,1,occlusion,50.0,0.1,3.5559959411621094,-1.84125554561615
LA_E_3885033,1,occlusion,50.0,0.2,6.834409713745117,-1.1949737071990967
LA_E_3885033,1,occlusion,100.0,0.05,2.170884609222412,-1.3478208780288696
LA_E_3885033,1,occlusion,100.0,0.1,4.213205695152283,-2.1176493167877197
LA_E_3885033,1,occlusion,100.0,0.2,5.471846044063568,0.06206129118800163
LA_E_3885033,1,integrated_gradients,,0.05,5.608469575643539,-1.1722979545593262
LA_E_3885033,1,integrated_gradients,,0.1,8.52667236328125,-0.39425623416900635
LA_E_3885033,1,integrated_gradients,,0.2,9.832782745361328,1.0595442056655884
LA_E_5303383,0,occlusion,20.0,0.05,-1.567915916442871,-3.306942939758301
LA_E_5303383,0,occlusion,20.0,0.1,-2.189650535583496,-5.824811935424805
LA_E_5303383,0,occlusion,20.0,0.2,-1.6167125701904297,-6.112826824188232
LA_E_5303383,0,occlusion,50.0,0.05,-0.011974334716796875,-3.9557032585144043
LA_E_5303383,0,occlusion,50.0,0.1,0.24614906311035156,-6.011692523956299
LA_E_5303383,0,occlusion,50.0,0.2,0.33977699279785156,-6.0746612548828125
LA_E_5303383,0,occlusion,100.0,0.05,-0.19126033782958984,-1.4908853769302368
LA_E_5303383,0,occlusion,100.0,0.1,0.18047332763671875,-5.887465000152588
LA_E_5303383,0,occlusion,100.0,0.2,0.19911623001098633,-6.121103763580322
LA_E_5303383,0,integrated_gradients,,0.05,0.0031595230102539062,-5.97165060043335
LA_E_5303383,0,integrated_gradients,,0.1,0.3400106430053711,-6.171138763427734
LA_E_5303383,0,integrated_gradients,,0.2,0.48230838775634766,-6.103825569152832
LA_E_6571934,0,occlusion,20.0,0.05,0.06666135787963867,-4.276827812194824
LA_E_6571934,0,occlusion,20.0,0.1,0.061411380767822266,-6.072847366333008
LA_E_6571934,0,occlusion,20.0,0.2,0.09681940078735352,-6.178823471069336
LA_E_6571934,0,occlusion,50.0,0.05,0.029703140258789062,-4.375638008117676
LA_E_6571934,0,occlusion,50.0,0.1,0.07964515686035156,-5.9788007736206055
LA_E_6571934,0,occlusion,50.0,0.2,0.05998039245605469,-6.07518196105957
LA_E_6571934,0,occlusion,100.0,0.05,0.14229202270507812,-1.4969892501831055
LA_E_6571934,0,occlusion,100.0,0.1,0.14455223083496094,-5.825198173522949
LA_E_6571934,0,occlusion,100.0,0.2,0.15607500076293945,-6.098133087158203
LA_E_6571934,0,integrated_gradients,,0.05,-0.017323017120361328,-6.088376045227051
LA_E_6571934,0,integrated_gradients,,0.1,-0.0034995079040527344,-6.171778202056885
LA_E_6571934,0,integrated_gradients,,0.2,0.022369384765625,-6.19597053527832
LA_E_1618390,1,occlusion,20.0,0.05,3.417090654373169,-3.3450708389282227
LA_E_1618390,1,occlusion,20.0,0.1,4.992160081863403,-3.427712917327881
LA_E_1618390,1,occlusion,20.0,0.2,6.509224593639374,-1.1354867219924927
LA_E_1618390,1,occlusion,50.0,0.05,2.389895439147949,-0.6358069777488708
LA_E_1618390,1,occlusion,50.0,0.1,5.682041272521019,-2.0164995193481445
LA_E_1618390,1,occlusion,50.0,0.2,7.191139340400696,-3.5326664447784424
LA_E_1618390,1,occlusion,100.0,0.05,2.0439000129699707,-0.7665368318557739
LA_E_1618390,1,occlusion,100.0,0.1,4.121153235435486,-2.0947272777557373
LA_E_1618390,1,occlusion,100.0,0.2,5.3392351269721985,-0.12999965250492096
LA_E_1618390,1,integrated_gradients,,0.05,5.370321750640869,-6.084405899047852
LA_E_1618390,1,integrated_gradients,,0.1,8.994858264923096,-5.876400947570801
LA_E_1618390,1,integrated_gradients,,0.2,11.465936183929443,-0.9508277177810669
LA_E_4551739,0,occlusion,20.0,0.05,1.636251449584961,-3.5007572174072266
LA_E_4551739,0,occlusion,20.0,0.1,1.7020211219787598,-2.9062061309814453
LA_E_4551739,0,occlusion,20.0,0.2,1.664764404296875,-1.4454656839370728
LA_E_4551739,0,occlusion,50.0,0.05,1.6483750343322754,-1.0031050443649292
LA_E_4551739,0,occlusion,50.0,0.1,1.7178831100463867,-1.653962254524231
LA_E_4551739,0,occlusion,50.0,0.2,1.7317514419555664,-1.1237516403198242
LA_E_4551739,0,occlusion,100.0,0.05,1.531625747680664,-1.279307246208191
LA_E_4551739,0,occlusion,100.0,0.1,1.6768665313720703,-2.9054160118103027
LA_E_4551739,0,occlusion,100.0,0.2,1.682908058166504,-2.1351304054260254
LA_E_4551739,0,integrated_gradients,,0.05,-0.4614286422729492,-2.5627710819244385
LA_E_4551739,0,integrated_gradients,,0.1,-0.32091712951660156,-2.425318717956543
LA_E_4551739,0,integrated_gradients,,0.2,-0.15845012664794922,-3.908742904663086
LA_E_3562839,1,occlusion,20.0,0.05,4.09909200668335,-2.689164638519287
LA_E_3562839,1,occlusion,20.0,0.1,5.860085640102625,-1.4016155004501343
LA_E_3562839,1,occlusion,20.0,0.2,7.544703841209412,-1.2282463312149048
LA_E_3562839,1,occlusion,50.0,0.05,3.760589122772217,-0.8977890014648438
LA_E_3562839,1,occlusion,50.0,0.1,6.362817347049713,-2.787627935409546
LA_E_3562839,1,occlusion,50.0,0.2,7.115730166435242,-0.7455721497535706
LA_E_3562839,1,occlusion,100.0,0.05,3.637270212173462,-1.3988317251205444
LA_E_3562839,1,occlusion,100.0,0.1,5.160900890827179,-0.9265484809875488
LA_E_3562839,1,occlusion,100.0,0.2,6.591774225234985,-0.5506168603897095
LA_E_3562839,1,integrated_gradients,,0.05,6.44256591796875,-2.5275869369506836
LA_E_3562839,1,integrated_gradients,,0.1,6.5483585596084595,-1.4796284437179565
LA_E_3562839,1,integrated_gradients,,0.2,6.784480929374695,0.5124617218971252
LA_E_4795195,0,occlusion,20.0,0.05,0.08347797393798828,-1.2548320293426514
LA_E_4795195,0,occlusion,20.0,0.1,-0.04934215545654297,-6.081823348999023
LA_E_4795195,0,occlusion,20.0,0.2,0.0607452392578125,-6.247990608215332
LA_E_4795195,0,occlusion,50.0,0.05,-1.088033676147461,-2.571389675140381
LA_E_4795195,0,occlusion,50.0,0.1,0.09344244003295898,-5.83877420425415
LA_E_4795195,0,occlusion,50.0,0.2,0.13650226593017578,-6.147881031036377
LA_E_4795195,0,occlusion,100.0,0.05,0.031659603118896484,-0.3673514723777771
LA_E_4795195,0,occlusion,100.0,0.1,0.008370399475097656,-2.5771350860595703
LA_E_4795195,0,occlusion,100.0,0.2,0.18053531646728516,-6.093044281005859
LA_E_4795195,0,integrated_gradients,,0.05,0.04383087158203125,-6.11870813369751
LA_E_4795195,0,integrated_gradients,,0.1,0.09679985046386719,-5.918116569519043
LA_E_4795195,0,integrated_gradients,,0.2,0.16900253295898438,-6.128952980041504
LA_E_3956538,1,occlusion,20.0,0.05,1.4494714736938477,-3.748950242996216
LA_E_3956538,1,occlusion,20.0,0.1,2.400261402130127,-1.6224654912948608
LA_E_3956538,1,occlusion,20.0,0.2,6.390364348888397,-0.4828205108642578
LA_E_3956538,1,occlusion,50.0,0.05,2.030135154724121,-3.2504196166992188
LA_E_3956538,1,occlusion,50.0,0.1,5.095045745372772,-1.3206487894058228
LA_E_3956538,1,occlusion,50.0,0.2,6.394684374332428,3.2597179412841797
LA_E_3956538,1,occlusion,100.0,0.05,1.1400070190429688,-0.8908671736717224
LA_E_3956538,1,occlusion,100.0,0.1,2.5111355781555176,1.0368218421936035
LA_E_3956538,1,occlusion,100.0,0.2,6.274199366569519,3.383680820465088
LA_E_3956538,1,integrated_gradients,,0.05,1.688420295715332,-2.52032470703125
LA_E_3956538,1,integrated_gradients,,0.1,6.922054171562195,-1.1107133626937866
LA_E_3956538,1,integrated_gradients,,0.2,8.378808498382568,2.22634220123291
LA_E_3093556,0,occlusion,20.0,0.05,-1.7043356895446777,-5.964878082275391
LA_E_3093556,0,occlusion,20.0,0.1,-0.7890186309814453,-6.1096272468566895
LA_E_3093556,0,occlusion,20.0,0.2,0.475247859954834,-6.158326148986816
LA_E_3093556,0,occlusion,50.0,0.05,-0.44136810302734375,-5.319514274597168
LA_E_3093556,0,occlusion,50.0,0.1,-0.42844390869140625,-5.98031759262085
LA_E_3093556,0,occlusion,50.0,0.2,0.49692440032958984,-6.168022632598877
LA_E_3093556,0,occlusion,100.0,0.05,-0.014069557189941406,-0.9796613454818726
LA_E_3093556,0,occlusion,100.0,0.1,0.45221710205078125,-0.8943801522254944
LA_E_3093556,0,occlusion,100.0,0.2,0.516730785369873,-0.8138463497161865
LA_E_3093556,0,integrated_gradients,,0.05,0.41340160369873047,-6.182453155517578
LA_E_3093556,0,integrated_gradients,,0.1,0.4133915901184082,-6.28074836730957
LA_E_3093556,0,integrated_gradients,,0.2,0.6426706314086914,-6.231672763824463
LA_E_9136344,1,occlusion,20.0,0.05,2.037186622619629,-5.293231964111328
LA_E_9136344,1,occlusion,20.0,0.1,3.9194202423095703,-4.031228065490723
LA_E_9136344,1,occlusion,20.0,0.2,5.82619172334671,-0.7992916107177734
LA_E_9136344,1,occlusion,50.0,0.05,2.1960220336914062,-1.6766246557235718
LA_E_9136344,1,occlusion,50.0,0.1,3.1231088638305664,-1.633899450302124
LA_E_9136344,1,occlusion,50.0,0.2,6.4337545447051525,-1.3122128248214722
LA_E_9136344,1,occlusion,100.0,0.05,1.130366325378418,-1.1974457502365112
LA_E_9136344,1,occlusion,100.0,0.1,1.919764518737793,-1.551833152770996
LA_E_9136344,1,occlusion,100.0,0.2,4.692108988761902,-1.1365793943405151
LA_E_9136344,1,integrated_gradients,,0.05,3.160097599029541,-2.9159350395202637
LA_E_9136344,1,integrated_gradients,,0.1,6.994857132434845,-2.6113884449005127
LA_E_9136344,1,integrated_gradients,,0.2,9.100226163864136,-0.6921302676200867
LA_E_8062708,0,occlusion,20.0,0.05,-1.2499947547912598,-1.5746959447860718
LA_E_8062708,0,occlusion,20.0,0.1,-0.956085205078125,-5.878653049468994
LA_E_8062708,0,occlusion,20.0,0.2,-1.0211200714111328,-6.098603248596191
LA_E_8062708,0,occlusion,50.0,0.05,-1.8012802600860596,-1.5569154024124146
LA_E_8062708,0,occlusion,50.0,0.1,-0.31434011459350586,-5.911126136779785
LA_E_8062708,0,occlusion,50.0,0.2,-0.014752388000488281,-6.049746513366699
LA_E_8062708,0,occlusion,100.0,0.05,-1.1554856300354004,-1.4409642219543457
LA_E_8062708,0,occlusion,100.0,0.1,-0.9814567565917969,-0.502033531665802
LA_E_8062708,0,occlusion,100.0,0.2,0.3581976890563965,-5.913902759552002
LA_E_8062708,0,integrated_gradients,,0.05,0.46409082412719727,-6.275991439819336
LA_E_8062708,0,integrated_gradients,,0.1,0.5912947654724121,-6.255436420440674
LA_E_8062708,0,integrated_gradients,,0.2,0.5792293548583984,-6.220641613006592
LA_E_9706910,0,occlusion,20.0,0.05,-1.3628668785095215,-5.974432468414307
LA_E_9706910,0,occlusion,20.0,0.1,-0.06436681747436523,-6.095379829406738
LA_E_9706910,0,occlusion,20.0,0.2,0.540583610534668,-6.158315658569336
LA_E_9706910,0,occlusion,50.0,0.05,0.1378951072692871,-3.0199882984161377
LA_E_9706910,0,occlusion,50.0,0.1,0.5341219902038574,-5.967991352081299
LA_E_9706910,0,occlusion,50.0,0.2,0.38402414321899414,-6.082632541656494
LA_E_9706910,0,occlusion,100.0,0.05,0.4289088249206543,-5.8560614585876465
LA_E_9706910,0,occlusion,100.0,0.1,0.4636726379394531,-6.037093639373779
LA_E_9706910,0,occlusion,100.0,0.2,0.5035967826843262,-6.06853723526001
LA_E_9706910,0,integrated_gradients,,0.05,0.5463161468505859,-6.148934841156006
LA_E_9706910,0,integrated_gradients,,0.1,0.5656085014343262,-6.236204624176025
LA_E_9706910,0,integrated_gradients,,0.2,0.5415139198303223,-6.237262725830078
LA_E_2076544,0,occlusion,20.0,0.05,0.09824943542480469,-4.155080795288086
LA_E_2076544,0,occlusion,20.0,0.1,0.2838754653930664,-6.090542793273926
LA_E_2076544,0,occlusion,20.0,0.2,0.1714029312133789,-6.286477088928223
LA_E_2076544,0,occlusion,50.0,0.05,0.0687861442565918,-4.108920097351074
LA_E_2076544,0,occlusion,50.0,0.1,0.030534744262695312,-6.183257102966309
LA_E_2076544,0,occlusion,50.0,0.2,0.24348735809326172,-6.189544200897217
LA_E_2076544,0,occlusion,100.0,0.05,0.27832603454589844,-4.196049690246582
LA_E_2076544,0,occlusion,100.0,0.1,0.1395735740661621,-5.981727123260498
LA_E_2076544,0,occlusion,100.0,0.2,0.28423500061035156,-6.099835395812988
LA_E_2076544,0,integrated_gradients,,0.05,0.21101856231689453,-5.36550760269165
LA_E_2076544,0,integrated_gradients,,0.1,0.11639213562011719,-6.206324577331543
LA_E_2076544,0,integrated_gradients,,0.2,0.14049959182739258,-6.308413982391357
LA_E_9964383,1,occlusion,20.0,0.05,6.297022759914398,-3.619020700454712
LA_E_9964383,1,occlusion,20.0,0.1,7.583912372589111,-3.0799221992492676
LA_E_9964383,1,occlusion,20.0,0.2,8.765936851501465,-0.21163322031497955
LA_E_9964383,1,occlusion,50.0,0.05,6.0993852615356445,-1.375994086265564
LA_E_9964383,1,occlusion,50.0,0.1,8.287078619003296,-2.003021001815796
LA_E_9964383,1,occlusion,50.0,0.2,8.340009450912476,1.6758772134780884
LA_E_9964383,1,occlusion,100.0,0.05,6.132790803909302,-1.3375762701034546
LA_E_9964383,1,occlusion,100.0,0.1,6.972590923309326,-0.5991964340209961
LA_E_9964383,1,occlusion,100.0,0.2,9.303605556488037,2.1089508533477783
LA_E_9964383,1,integrated_gradients,,0.05,7.3212151527404785,-2.3530073165893555
LA_E_9964383,1,integrated_gradients,,0.1,11.104395389556885,-1.1406234502792358
LA_E_9964383,1,integrated_gradients,,0.2,9.487340927124023,-0.04551944509148598
LA_E_5538200,0,occlusion,20.0,0.05,0.09918832778930664,5.891770839691162
LA_E_5538200,0,occlusion,20.0,0.1,0.019472599029541016,-0.9281189441680908
LA_E_5538200,0,occlusion,20.0,0.2,0.0009012222290039062,-5.532718181610107
LA_E_5538200,0,occlusion,50.0,0.05,0.09543848037719727,6.029748916625977
LA_E_5538200,0,occlusion,50.0,0.1,0.0697784423828125,4.7330708503723145
LA_E_5538200,0,occlusion,50.0,0.2,0.0975494384765625,-3.0768096446990967
LA_E_5538200,0,occlusion,100.0,0.05,0.11126232147216797,5.741738319396973
LA_E_5538200,0,occlusion,100.0,0.1,0.06441783905029297,5.986880302429199
LA_E_5538200,0,occlusion,100.0,0.2,0.04781055450439453,-3.403657913208008
LA_E_5538200,0,integrated_gradients,,0.05,-0.009026527404785156,-5.938188552856445
LA_E_5538200,0,integrated_gradients,,0.1,-0.09061527252197266,-5.9555344581604
LA_E_5538200,0,integrated_gradients,,0.2,-0.23880481719970703,-6.229190349578857
LA_E_5304204,1,occlusion,20.0,0.05,5.668063163757324,-3.8971478939056396
LA_E_5304204,1,occlusion,20.0,0.1,6.242783010005951,-4.144082546234131
LA_E_5304204,1,occlusion,20.0,0.2,9.099436283111572,-2.5725796222686768
LA_E_5304204,1,occlusion,50.0,0.05,5.634736001491547,-1.2540816068649292
LA_E_5304204,1,occlusion,50.0,0.1,6.874697208404541,-3.288534641265869
LA_E_5304204,1,occlusion,50.0,0.2,9.366027355194092,-1.2478684186935425
LA_E_5304204,1,occlusion,100.0,0.05,5.179175525903702,-1.3431586027145386
LA_E_5304204,1,occlusion,100.0,0.1,6.068333029747009,-1.2311147451400757
LA_E_5304204,1,occlusion,100.0,0.2,7.664287805557251,-0.9590535759925842
LA_E_5304204,1,integrated_gradients,,0.05,9.528169631958008,-2.4263811111450195
LA_E_5304204,1,integrated_gradients,,0.1,9.390190124511719,-1.7760043144226074
LA_E_5304204,1,integrated_gradients,,0.2,7.106521844863892,0.9014526605606079
LA_E_5879567,0,occlusion,20.0,0.05,0.10613870620727539,-5.788875579833984
LA_E_5879567,0,occlusion,20.0,0.1,0.10362577438354492,-6.138396263122559
LA_E_5879567,0,occlusion,20.0,0.2,0.06571435928344727,-6.239368438720703
LA_E_5879567,0,occlusion,50.0,0.05,0.0959024429321289,-2.9050161838531494
LA_E_5879567,0,occlusion,50.0,0.1,0.13637828826904297,-6.113438606262207
LA_E_5879567,0,occlusion,50.0,0.2,0.15745878219604492,-6.159244537353516
LA_E_5879567,0,occlusion,100.0,0.05,-0.016991615295410156,-1.1022580862045288
LA_E_5879567,0,occlusion,100.0,0.1,-0.024557113647460938,-3.6304643154144287
LA_E_5879567,0,occlusion,100.0,0.2,0.13703250885009766,-6.095157623291016
LA_E_5879567,0,integrated_gradients,,0.05,-0.037493228912353516,-6.261023044586182
LA_E_5879567,0,integrated_gradients,,0.1,-0.007185459136962891,-6.283655643463135
LA_E_5879567,0,integrated_gradients,,0.2,-0.16191339492797852,-6.26899528503418
LA_E_7183059,0,occlusion,20.0,0.05,-1.5748772621154785,-3.8249292373657227
LA_E_7183059,0,occlusion,20.0,0.1,-0.3317441940307617,-6.077960968017578
LA_E_7183059,0,occlusion,20.0,0.2,0.1933450698852539,-6.171530723571777
LA_E_7183059,0,occlusion,50.0,0.05,-0.3178234100341797,-1.5936020612716675
LA_E_7183059,0,occlusion,50.0,0.1,0.08289957046508789,-3.8432393074035645
LA_E_7183059,0,occlusion,50.0,0.2,0.21347379684448242,-6.049882888793945
LA_E_7183059,0,occlusion,100.0,0.05,0.23001956939697266,-2.653402328491211
LA_E_7183059,0,occlusion,100.0,0.1,0.26815223693847656,-3.6312808990478516
LA_E_7183059,0,occlusion,100.0,0.2,0.29662132263183594,-4.831195831298828
LA_E_7183059,0,integrated_gradients,,0.05,0.32228660583496094,-6.074643611907959
LA_E_7183059,0,integrated_gradients,,0.1,0.2384166717529297,-6.156098365783691
LA_E_7183059,0,integrated_gradients,,0.2,0.29331302642822266,-6.152630805969238
LA_E_9580062,0,occlusion,20.0,0.05,-0.14683961868286133,-5.859476089477539
LA_E_9580062,0,occlusion,20.0,0.1,-0.0036821365356445312,-6.038878440856934
LA_E_9580062,0,occlusion,20.0,0.2,0.055484771728515625,-6.186212539672852
LA_E_9580062,0,occlusion,50.0,0.05,0.060074806213378906,-0.2119261771440506
LA_E_9580062,0,occlusion,50.0,0.1,0.11698102951049805,-3.9266810417175293
LA_E_9580062,0,occlusion,50.0,0.2,0.13752412796020508,-5.917250156402588
LA_E_9580062,0,occlusion,100.0,0.05,0.1146550178527832,-1.3511576652526855
LA_E_9580062,0,occlusion,100.0,0.1,0.14319419860839844,-2.360116481781006
LA_E_9580062,0,occlusion,100.0,0.2,0.19074106216430664,-3.4894819259643555
LA_E_9580062,0,integrated_gradients,,0.05,-0.030185699462890625,-6.281954765319824
LA_E_9580062,0,integrated_gradients,,0.1,0.024661540985107422,-6.212311744689941
LA_E_9580062,0,integrated_gradients,,0.2,0.09088993072509766,-6.221830368041992
LA_E_5485957,0,occlusion,20.0,0.05,0.0989537239074707,-1.8202533721923828
LA_E_5485957,0,occlusion,20.0,0.1,0.07401275634765625,-5.9258012771606445
LA_E_5485957,0,occlusion,20.0,0.2,0.0572509765625,-6.118315696716309
LA_E_5485957,0,occlusion,50.0,0.05,-0.10456991195678711,-3.668489456176758
LA_E_5485957,0,occlusion,50.0,0.1,0.10297870635986328,-4.916979789733887
LA_E_5485957,0,occlusion,50.0,0.2,0.12871932983398438,-6.095433235168457
LA_E_5485957,0,occlusion,100.0,0.05,0.0761113166809082,-1.0463417768478394
LA_E_5485957,0,occlusion,100.0,0.1,0.08824634552001953,-4.298850059509277
LA_E_5485957,0,occlusion,100.0,0.2,0.10426521301269531,-6.023654937744141
LA_E_5485957,0,integrated_gradients,,0.05,0.15491199493408203,-6.108346939086914
LA_E_5485957,0,integrated_gradients,,0.1,0.17959308624267578,-6.238504409790039
LA_E_5485957,0,integrated_gradients,,0.2,0.15982818603515625,-6.200477123260498
LA_E_9009829,0,occlusion,20.0,0.05,-1.2729101181030273,-5.83552360534668
LA_E_9009829,0,occlusion,20.0,0.1,0.18038606643676758,-6.167457103729248
LA_E_9009829,0,occlusion,20.0,0.2,0.2606687545776367,-6.238227367401123
LA_E_9009829,0,occlusion,50.0,0.05,0.21304893493652344,-2.2333924770355225
LA_E_9009829,0,occlusion,50.0,0.1,0.25478458404541016,-3.8080220222473145
LA_E_9009829,0,occlusion,50.0,0.2,0.29445409774780273,-6.095658779144287
LA_E_9009829,0,occlusion,100.0,0.05,0.15010690689086914,1.3731752634048462
LA_E_9009829,0,occlusion,100.0,0.1,0.20232200622558594,-3.754793643951416
LA_E_9009829,0,occlusion,100.0,0.2,0.19994163513183594,-5.595626354217529
LA_E_9009829,0,integrated_gradients,,0.05,0.05859375,-6.30628776550293
LA_E_9009829,0,integrated_gradients,,0.1,0.27361154556274414,-6.340246677398682
LA_E_9009829,0,integrated_gradients,,0.2,0.2852745056152344,-6.128798007965088
LA_E_1850635,0,occlusion,20.0,0.05,0.06436824798583984,6.360598564147949
LA_E_1850635,0,occlusion,20.0,0.1,0.22023868560791016,-0.6561346650123596
LA_E_1850635,0,occlusion,20.0,0.2,0.29096174240112305,-3.860788583755493
LA_E_1850635,0,occlusion,50.0,0.05,0.04303455352783203,6.211695671081543
LA_E_1850635,0,occlusion,50.0,0.1,0.20136165618896484,2.774352550506592
LA_E_1850635,0,occlusion,50.0,0.2,0.30933284759521484,1.1954137086868286
LA_E_1850635,0,occlusion,100.0,0.05,0.048938751220703125,6.091224193572998
LA_E_1850635,0,occlusion,100.0,0.1,0.14395523071289062,6.144244194030762
LA_E_1850635,0,occlusion,100.0,0.2,0.27488136291503906,-0.17256678640842438
LA_E_1850635,0,integrated_gradients,,0.05,-1.0340518951416016,-4.258138656616211
LA_E_1850635,0,integrated_gradients,,0.1,-1.4481778144836426,-5.91001033782959
LA_E_1850635,0,integrated_gradients,,0.2,-1.4698028564453125,-6.251111030578613
LA_E_2450611,0,occlusion,20.0,0.05,0.16719436645507812,5.511203289031982
LA_E_2450611,0,occlusion,20.0,0.1,0.17106056213378906,-1.1369352340698242
LA_E_2450611,0,occlusion,20.0,0.2,0.1633005142211914,-3.8105764389038086
LA_E_2450611,0,occlusion,50.0,0.05,0.1677718162536621,5.427545547485352
LA_E_2450611,0,occlusion,50.0,0.1,0.15468168258666992,-1.2715239524841309
LA_E_2450611,0,occlusion,50.0,0.2,0.1886444091796875,-4.727297782897949
LA_E_2450611,0,occlusion,100.0,0.05,0.16967201232910156,5.426774501800537
LA_E_2450611,0,occlusion,100.0,0.1,0.19418621063232422,-1.3563146591186523
LA_E_2450611,0,occlusion,100.0,0.2,0.2581334114074707,-4.753103256225586
LA_E_2450611,0,integrated_gradients,,0.05,-1.2794451713562012,-4.332062721252441
LA_E_2450611,0,integrated_gradients,,0.1,0.01935100555419922,-6.026308059692383
LA_E_2450611,0,integrated_gradients,,0.2,-0.10316038131713867,-6.084744453430176
LA_E_5455026,1,occlusion,20.0,0.05,2.889658212661743,-1.5590232610702515
LA_E_5455026,1,occlusion,20.0,0.1,5.44940859079361,-0.9861127138137817
LA_E_5455026,1,occlusion,20.0,0.2,6.896516919136047,-1.0630512237548828
LA_E_5455026,1,occlusion,50.0,0.05,3.6688737869262695,-1.480660080909729
LA_E_5455026,1,occlusion,50.0,0.1,3.550691604614258,-0.7963157892227173
LA_E_5455026,1,occlusion,50.0,0.2,6.396839499473572,0.18614943325519562
LA_E_5455026,1,occlusion,100.0,0.05,2.1355695724487305,2.572010040283203
LA_E_5455026,1,occlusion,100.0,0.1,3.112948417663574,-0.008562896400690079
LA_E_5455026,1,occlusion,100.0,0.2,5.876578513532877,0.9359819889068604
LA_E_5455026,1,integrated_gradients,,0.05,7.003302574157715,-1.3489972352981567
LA_E_5455026,1,integrated_gradients,,0.1,8.650921106338501,-1.8129756450653076
LA_E_5455026,1,integrated_gradients,,0.2,8.504754543304443,2.842769145965576
LA_E_1183624,0,occlusion,20.0,0.05,-0.10904979705810547,-5.06912899017334
LA_E_1183624,0,occlusion,20.0,0.1,-0.03968048095703125,-6.026182174682617
LA_E_1183624,0,occlusion,20.0,0.2,-0.0706796646118164,-6.104902267456055
LA_E_1183624,0,occlusion,50.0,0.05,0.006424427032470703,-3.630673408508301
LA_E_1183624,0,occlusion,50.0,0.1,-0.08389568328857422,-5.412586212158203
LA_E_1183624,0,occlusion,50.0,0.2,-0.0460972785949707,-6.026848793029785
LA_E_1183624,0,occlusion,100.0,0.05,0.03437662124633789,-3.7353312969207764
LA_E_1183624,0,occlusion,100.0,0.1,0.021063804626464844,-4.187175273895264
LA_E_1183624,0,occlusion,100.0,0.2,-0.05921459197998047,-6.1543378829956055
LA_E_1183624,0,integrated_gradients,,0.05,-0.30083560943603516,-6.206752300262451
LA_E_1183624,0,integrated_gradients,,0.1,0.06697273254394531,-6.2455549240112305
LA_E_1183624,0,integrated_gradients,,0.2,-0.21285724639892578,-6.15743350982666
LA_E_2143424,0,occlusion,20.0,0.05,0.07646846771240234,-1.7304521799087524
LA_E_2143424,0,occlusion,20.0,0.1,-0.018334388732910156,-5.652615070343018
LA_E_2143424,0,occlusion,20.0,0.2,0.04539918899536133,-6.177711009979248
LA_E_2143424,0,occlusion,50.0,0.05,0.03611564636230469,-3.6788339614868164
LA_E_2143424,0,occlusion,50.0,0.1,-0.01174020767211914,-6.000763893127441
LA_E_2143424,0,occlusion,50.0,0.2,0.07991886138916016,-6.13312292098999
LA_E_2143424,0,occlusion,100.0,0.05,0.07878398895263672,-3.9128994941711426
LA_E_2143424,0,occlusion,100.0,0.1,0.08476066589355469,-4.366564750671387
LA_E_2143424,0,occlusion,100.0,0.2,0.11041975021362305,-6.018057346343994
LA_E_2143424,0,integrated_gradients,,0.05,0.0666351318359375,-6.201894760131836
LA_E_2143424,0,integrated_gradients,,0.1,-0.006421566009521484,-6.316755294799805
LA_E_2143424,0,integrated_gradients,,0.2,0.09897327423095703,-6.299704074859619
LA_E_5344962,1,occlusion,20.0,0.05,1.6204180717468262,-1.9859696626663208
LA_E_5344962,1,occlusion,20.0,0.1,2.882352352142334,-1.1034207344055176
LA_E_5344962,1,occlusion,20.0,0.2,6.872058987617493,-0.27457982301712036
LA_E_5344962,1,occlusion,50.0,0.05,0.8690500259399414,0.18307147920131683
LA_E_5344962,1,occlusion,50.0,0.1,2.2038393020629883,-1.0095329284667969
LA_E_5344962,1,occlusion,50.0,0.2,3.0462703704833984,3.8866991996765137
LA_E_5344962,1,occlusion,100.0,0.05,0.537193775177002,1.6052424907684326
LA_E_5344962,1,occlusion,100.0,0.1,1.5643482208251953,3.0527567863464355
LA_E_5344962,1,occlusion,100.0,0.2,4.457505583763123,2.161250591278076
LA_E_5344962,1,integrated_gradients,,0.05,2.489349365234375,-2.744229793548584
LA_E_5344962,1,integrated_gradients,,0.1,5.5669519901275635,1.79447340965271
LA_E_5344962,1,integrated_gradients,,0.2,7.823779225349426,5.516119003295898
LA_E_4492744,0,occlusion,20.0,0.05,0.1209573745727539,-6.15872859954834
LA_E_4492744,0,occlusion,20.0,0.1,0.2829594612121582,-6.197457313537598
LA_E_4492744,0,occlusion,20.0,0.2,0.3688783645629883,-6.304158687591553
LA_E_4492744,0,occlusion,50.0,0.05,0.2585163116455078,-1.474369764328003
LA_E_4492744,0,occlusion,50.0,0.1,0.3440742492675781,-2.5540075302124023
LA_E_4492744,0,occlusion,50.0,0.2,0.37069034576416016,-5.921892166137695
LA_E_4492744,0,occlusion,100.0,0.05,0.19816923141479492,-1.8058282136917114
LA_E_4492744,0,occlusion,100.0,0.1,0.24530982971191406,-5.197200298309326
LA_E_4492744,0,occlusion,100.0,0.2,0.2526125907897949,-5.813826560974121
LA_E_4492744,0,integrated_gradients,,0.05,0.19988059997558594,-6.351293563842773
LA_E_4492744,0,integrated_gradients,,0.1,0.28337860107421875,-6.20793342590332
LA_E_4492744,0,integrated_gradients,,0.2,0.26758766174316406,-6.212400436401367
LA_E_8488709,1,occlusion,20.0,0.05,1.2055535316467285,-2.1532721519470215
LA_E_8488709,1,occlusion,20.0,0.1,2.6018006801605225,-4.217517852783203
LA_E_8488709,1,occlusion,20.0,0.2,6.041107326745987,-1.4000056982040405
LA_E_8488709,1,occlusion,50.0,0.05,0.8502969741821289,-1.0266309976577759
LA_E_8488709,1,occlusion,50.0,0.1,1.7560138702392578,-0.8638772368431091
LA_E_8488709,1,occlusion,50.0,0.2,6.281447321176529,-0.9796105623245239
LA_E_8488709,1,occlusion,100.0,0.05,0.864962100982666,-1.2944388389587402
LA_E_8488709,1,occlusion,100.0,0.1,1.2781767845153809,-1.1175254583358765
LA_E_8488709,1,occlusion,100.0,0.2,4.070559024810791,-0.3883732259273529
LA_E_8488709,1,integrated_gradients,,0.05,5.747397720813751,-2.7101876735687256
LA_E_8488709,1,integrated_gradients,,0.1,7.874843120574951,-1.8620405197143555
LA_E_8488709,1,integrated_gradients,,0.2,8.913283348083496,3.1647491455078125
LA_E_8732746,1,occlusion,20.0,0.05,2.554058313369751,-3.513033866882324
LA_E_8732746,1,occlusion,20.0,0.1,7.308347582817078,-2.8967647552490234
LA_E_8732746,1,occlusion,20.0,0.2,7.360566258430481,2.996066093444824
LA_E_8732746,1,occlusion,50.0,0.05,1.819014549255371,-1.2534528970718384
LA_E_8732746,1,occlusion,50.0,0.1,5.582088589668274,-1.1401516199111938
LA_E_8732746,1,occlusion,50.0,0.2,5.260156273841858,4.882782936096191
LA_E_8732746,1,occlusion,100.0,0.05,0.9568953514099121,-1.0071501731872559
LA_E_8732746,1,occlusion,100.0,0.1,1.3906550407409668,0.4968642592430115
LA_E_8732746,1,occlusion,100.0,0.2,5.768649756908417,4.63234806060791
LA_E_8732746,1,integrated_gradients,,0.05,7.034383535385132,-2.7704710960388184
LA_E_8732746,1,integrated_gradients,,0.1,9.29435658454895,-0.7268258333206177
LA_E_8732746,1,integrated_gradients,,0.2,8.649738073348999,5.542031288146973
LA_E_4579986,0,occlusion,20.0,0.05,0.2759881019592285,-1.5915368795394897
LA_E_4579986,0,occlusion,20.0,0.1,0.33282041549682617,-4.46060037612915
LA_E_4579986,0,occlusion,20.0,0.2,0.3713717460632324,-5.6890764236450195
LA_E_4579986,0,occlusion,50.0,0.05,0.2934551239013672,-0.7311738133430481
LA_E_4579986,0,occlusion,50.0,0.1,0.34426021575927734,-1.3105953931808472
LA_E_4579986,0,occlusion,50.0,0.2,0.38628673553466797,-3.669905662536621
LA_E_4579986,0,occlusion,100.0,0.05,0.2322378158569336,4.019266128540039
LA_E_4579986,0,occlusion,100.0,0.1,0.25420188903808594,-0.6310232281684875
LA_E_4579986,0,occlusion,100.0,0.2,0.3075389862060547,-3.2024576663970947
LA_E_4579986,0,integrated_gradients,,0.05,-0.02866506576538086,-5.687762260437012
LA_E_4579986,0,integrated_gradients,,0.1,0.16398096084594727,-5.757861137390137
LA_E_4579986,0,integrated_gradients,,0.2,-0.016810894012451172,-5.679373741149902
LA_E_9999235,1,occlusion,20.0,0.05,0.8247742652893066,-2.0905745029449463
LA_E_9999235,1,occlusion,20.0,0.1,1.8714280128479004,-2.1348624229431152
LA_E_9999235,1,occlusion,20.0,0.2,5.1939181089401245,-0.8565021753311157
LA_E_9999235,1,occlusion,50.0,0.05,0.838310718536377,-1.2098912000656128
LA_E_9999235,1,occlusion,50.0,0.1,1.7616329193115234,-0.07164455950260162
LA_E_9999235,1,occlusion,50.0,0.2,5.134332299232483,0.9002270102500916
LA_E_9999235,1,occlusion,100.0,0.05,0.5075573921203613,-0.21164007484912872
LA_E_9999235,1,occlusion,100.0,0.1,1.6960806846618652,-0.739495575428009
LA_E_9999235,1,occlusion,100.0,0.2,5.402934730052948,0.07366497814655304
LA_E_9999235,1,integrated_gradients,,0.05,2.020745277404785,-4.232686996459961
LA_E_9999235,1,integrated_gradients,,0.1,7.516639709472656,-2.715094804763794
LA_E_9999235,1,integrated_gradients,,0.2,7.983309030532837,1.180385947227478
LA_E_1145965,1,occlusion,20.0,0.05,1.2163591384887695,-2.6632328033447266
LA_E_1145965,1,occlusion,20.0,0.1,4.424059987068176,-5.918814182281494
LA_E_1145965,1,occlusion,20.0,0.2,7.695315957069397,-0.9866728782653809
LA_E_1145965,1,occlusion,50.0,0.05,0.9016985893249512,-1.3747481107711792
LA_E_1145965,1,occlusion,50.0,0.1,2.5703415870666504,-0.8334236145019531
LA_E_1145965,1,occlusion,50.0,0.2,4.6553322076797485,3.035219192504883
LA_E_1145965,1,occlusion,100.0,0.05,0.5331134796142578,3.3266100883483887
LA_E_1145965,1,occlusion,100.0,0.1,1.1718182563781738,4.4026994705200195
LA_E_1145965,1,occlusion,100.0,0.2,6.016779690980911,2.7507171630859375
LA_E_1145965,1,integrated_gradients,,0.05,2.1692404747009277,-2.644331693649292
LA_E_1145965,1,integrated_gradients,,0.1,10.251427173614502,-0.9153857231140137
LA_E_1145965,1,integrated_gradients,,0.2,12.318336963653564,2.9069342613220215
LA_E_6237192,0,occlusion,20.0,0.05,-0.9924185276031494,-6.106198787689209
LA_E_6237192,0,occlusion,20.0,0.1,-0.21644926071166992,-6.193021297454834
LA_E_6237192,0,occlusion,20.0,0.2,0.7702670097351074,-6.137809753417969
LA_E_6237192,0,occlusion,50.0,0.05,0.9015765190124512,-5.949112415313721
LA_E_6237192,0,occlusion,50.0,0.1,1.0092549324035645,-6.091281890869141
LA_E_6237192,0,occlusion,50.0,0.2,0.9830403327941895,-6.204655647277832
LA_E_6237192,0,occlusion,100.0,0.05,0.9001264572143555,-1.187543272972107
LA_E_6237192,0,occlusion,100.0,0.1,0.984257698059082,-3.7791895866394043
LA_E_6237192,0,occlusion,100.0,0.2,0.5210576057434082,-3.3885838985443115
LA_E_6237192,0,integrated_gradients,,0.05,0.9426321983337402,-5.378470420837402
LA_E_6237192,0,integrated_gradients,,0.1,1.297173023223877,-6.22844934463501
LA_E_6237192,0,integrated_gradients,,0.2,1.3789877891540527,-6.254364967346191
LA_E_4501492,0,occlusion,20.0,0.05,0.6750812530517578,-5.390989303588867
LA_E_4501492,0,occlusion,20.0,0.1,0.745478630065918,-5.302184581756592
LA_E_4501492,0,occlusion,20.0,0.2,0.8359775543212891,-5.198396682739258
LA_E_4501492,0,occlusion,50.0,0.05,0.7962808609008789,0.35145360231399536
LA_E_4501492,0,occlusion,50.0,0.1,0.7545757293701172,-0.13271352648735046
LA_E_4501492,0,occlusion,50.0,0.2,0.9063405990600586,-0.6397867202758789
LA_E_4501492,0,occlusion,100.0,0.05,0.6426029205322266,-1.2225335836410522
LA_E_4501492,0,occlusion,100.0,0.1,0.8396353721618652,-0.9109894633293152
LA_E_4501492,0,occlusion,100.0,0.2,0.8806610107421875,-0.04329061135649681
LA_E_4501492,0,integrated_gradients,,0.05,-1.6874923706054688,-5.574574947357178
LA_E_4501492,0,integrated_gradients,,0.1,0.6416263580322266,-5.9740071296691895
LA_E_4501492,0,integrated_gradients,,0.2,0.815302848815918,-6.243391036987305
LA_E_1137766,1,occlusion,20.0,0.05,2.2617359161376953,-2.0589487552642822
LA_E_1137766,1,occlusion,20.0,0.1,3.8187403678894043,-2.048279047012329
LA_E_1137766,1,occlusion,20.0,0.2,6.029008373618126,-1.609726071357727
LA_E_1137766,1,occlusion,50.0,0.05,1.780766487121582,-1.3247889280319214
LA_E_1137766,1,occlusion,50.0,0.1,4.09935188293457,-1.2566314935684204
LA_E_1137766,1,occlusion,50.0,0.2,5.303298592567444,-0.022330094128847122
LA_E_1137766,1,occlusion,100.0,0.05,1.5383176803588867,-0.53550124168396
LA_E_1137766,1,occlusion,100.0,0.1,2.924929618835449,-0.29441675543785095
LA_E_1137766,1,occlusion,100.0,0.2,3.8445687294006348,1.3251336812973022
LA_E_1137766,1,integrated_gradients,,0.05,2.8349785804748535,-3.5441105365753174
LA_E_1137766,1,integrated_gradients,,0.1,7.052650988101959,-1.951593041419983
LA_E_1137766,1,integrated_gradients,,0.2,7.841831207275391,0.8993874788284302
LA_E_6330481,0,occlusion,20.0,0.05,-0.14963388442993164,-1.6131316423416138
LA_E_6330481,0,occlusion,20.0,0.1,-0.14001798629760742,-6.053089141845703
LA_E_6330481,0,occlusion,20.0,0.2,-0.006311893463134766,-6.175734519958496
LA_E_6330481,0,occlusion,50.0,0.05,-0.013284683227539062,-3.42262601852417
LA_E_6330481,0,occlusion,50.0,0.1,0.02494525909423828,-6.0782012939453125
LA_E_6330481,0,occlusion,50.0,0.2,-0.015343666076660156,-6.153722286224365
LA_E_6330481,0,occlusion,100.0,0.05,-0.24554729461669922,-1.405383825302124
LA_E_6330481,0,occlusion,100.0,0.1,0.09864139556884766,-5.180867671966553
LA_E_6330481,0,occlusion,100.0,0.2,0.06060504913330078,-5.892899513244629
LA_E_6330481,0,integrated_gradients,,0.05,-0.009458065032958984,-4.46373176574707
LA_E_6330481,0,integrated_gradients,,0.1,-0.1045827865600586,-6.169721603393555
LA_E_6330481,0,integrated_gradients,,0.2,-0.010848522186279297,-6.316155910491943
LA_E_4817609,0,occlusion,20.0,0.05,0.032296180725097656,-3.853220224380493
LA_E_4817609,0,occlusion,20.0,0.1,-0.014359474182128906,-6.048018455505371
LA_E_4817609,0,occlusion,20.0,0.2,0.020823001861572266,-6.2674760818481445
LA_E_4817609,0,occlusion,50.0,0.05,-0.020133018493652344,-4.141068458557129
LA_E_4817609,0,occlusion,50.0,0.1,0.021130084991455078,-5.940774440765381
LA_E_4817609,0,occlusion,50.0,0.2,0.07380867004394531,-6.198041915893555
LA_E_4817609,0,occlusion,100.0,0.05,0.05300474166870117,-5.362002372741699
LA_E_4817609,0,occlusion,100.0,0.1,0.06514835357666016,-5.894589424133301
LA_E_4817609,0,occlusion,100.0,0.2,0.021350383758544922,-5.993748664855957
LA_E_4817609,0,integrated_gradients,,0.05,-0.07204675674438477,-6.189541816711426
LA_E_4817609,0,integrated_gradients,,0.1,-0.10190296173095703,-6.168154716491699
LA_E_4817609,0,integrated_gradients,,0.2,-0.11088418960571289,-6.2244873046875
LA_E_1074126,0,occlusion,20.0,0.05,-0.0893106460571289,-5.982194900512695
LA_E_1074126,0,occlusion,20.0,0.1,-0.09599113464355469,-6.088513374328613
LA_E_1074126,0,occlusion,20.0,0.2,0.022878646850585938,-6.14786958694458
LA_E_1074126,0,occlusion,50.0,0.05,-0.10716056823730469,-4.490447521209717
LA_E_1074126,0,occlusion,50.0,0.1,-0.10861015319824219,-5.956850528717041
LA_E_1074126,0,occlusion,50.0,0.2,-0.2518329620361328,-6.111894607543945
LA_E_1074126,0,occlusion,100.0,0.05,0.0008363723754882812,-5.688615798950195
LA_E_1074126,0,occlusion,100.0,0.1,-0.021642208099365234,-6.064455509185791
LA_E_1074126,0,occlusion,100.0,0.2,-0.2484292984008789,-6.103339195251465
LA_E_1074126,0,integrated_gradients,,0.05,-0.0028524398803710938,-6.3237409591674805
LA_E_1074126,0,integrated_gradients,,0.1,0.05337238311767578,-6.301694393157959
LA_E_1074126,0,integrated_gradients,,0.2,0.005254268646240234,-6.201318740844727
LA_E_2139081,1,occlusion,20.0,0.05,1.551072120666504,-1.241930365562439
LA_E_2139081,1,occlusion,20.0,0.1,3.86039137840271,-2.0645945072174072
LA_E_2139081,1,occlusion,20.0,0.2,6.773723900318146,-2.253387451171875
LA_E_2139081,1,occlusion,50.0,0.05,2.71498441696167,-1.56529700756073
LA_E_2139081,1,occlusion,50.0,0.1,2.2112064361572266,-1.0293232202529907
LA_E_2139081,1,occlusion,50.0,0.2,4.854784846305847,0.12946245074272156
LA_E_2139081,1,occlusion,100.0,0.05,1.7836856842041016,-1.063353419303894
LA_E_2139081,1,occlusion,100.0,0.1,2.180084228515625,-0.45495808124542236
LA_E_2139081,1,occlusion,100.0,0.2,2.0528078079223633,4.49608039855957
LA_E_2139081,1,integrated_gradients,,0.05,1.966111660003662,-2.6607069969177246
LA_E_2139081,1,integrated_gradients,,0.1,6.8767072558403015,-2.15910267829895
LA_E_2139081,1,integrated_gradients,,0.2,7.24954628944397,2.6951255798339844
LA_E_5383758,1,occlusion,20.0,0.05,3.4604663848876953,-1.4965134859085083
LA_E_5383758,1,occlusion,20.0,0.1,5.84221351146698,-0.696745753288269
LA_E_5383758,1,occlusion,20.0,0.2,5.722378253936768,2.2672252655029297
LA_E_5383758,1,occlusion,50.0,0.05,3.926999807357788,-1.4433938264846802
LA_E_5383758,1,occlusion,50.0,0.1,6.1293096244335175,0.6786965727806091
LA_E_5383758,1,occlusion,50.0,0.2,5.959571003913879,4.883733749389648
LA_E_5383758,1,occlusion,100.0,0.05,1.1730375289916992,-0.05919492617249489
LA_E_5383758,1,occlusion,100.0,0.1,1.4194021224975586,4.619904518127441
LA_E_5383758,1,occlusion,100.0,0.2,6.4223418571054935,5.167471885681152
LA_E_5383758,1,integrated_gradients,,0.05,6.919905304908752,3.749535083770752
LA_E_5383758,1,integrated_gradients,,0.1,7.8893479108810425,4.957242488861084
LA_E_5383758,1,integrated_gradients,,0.2,5.304159045219421,5.712349891662598
LA_E_7848818,0,occlusion,20.0,0.05,-0.1737356185913086,-3.352074146270752
LA_E_7848818,0,occlusion,20.0,0.1,-0.08312606811523438,-6.002865791320801
LA_E_7848818,0,occlusion,20.0,0.2,-0.28063106536865234,-6.147329807281494
LA_E_7848818,0,occlusion,50.0,0.05,0.012104988098144531,-1.4770106077194214
LA_E_7848818,0,occlusion,50.0,0.1,-0.029189109802246094,-6.113160610198975
LA_E_7848818,0,occlusion,50.0,0.2,-0.018001556396484375,-6.239991188049316
LA_E_7848818,0,occlusion,100.0,0.05,0.07640552520751953,-1.874441385269165
LA_E_7848818,0,occlusion,100.0,0.1,-0.019817829132080078,-5.809638500213623
LA_E_7848818,0,occlusion,100.0,0.2,0.11665630340576172,-6.186224937438965
LA_E_7848818,0,integrated_gradients,,0.05,-0.04810333251953125,-6.272035598754883
LA_E_7848818,0,integrated_gradients,,0.1,-0.036368370056152344,-6.263399600982666
LA_E_7848818,0,integrated_gradients,,0.2,-0.14210748672485352,-6.101008415222168
LA_E_9909978,0,occlusion,20.0,0.05,0.07515430450439453,-1.6301461458206177
LA_E_9909978,0,occlusion,20.0,0.1,0.10498952865600586,-2.594167470932007
LA_E_9909978,0,occlusion,20.0,0.2,0.12056303024291992,-5.537368297576904
LA_E_9909978,0,occlusion,50.0,0.05,0.05293703079223633,-3.7698254585266113
LA_E_9909978,0,occlusion,50.0,0.1,0.17480802536010742,-4.219175338745117
LA_E_9909978,0,occlusion,50.0,0.2,0.08812856674194336,-6.006175994873047
LA_E_9909978,0,occlusion,100.0,0.05,-0.027564048767089844,-4.610865592956543
LA_E_9909978,0,occlusion,100.0,0.1,0.08923625946044922,-5.863302230834961
LA_E_9909978,0,occlusion,100.0,0.2,0.1782546043395996,-6.043032646179199
LA_E_9909978,0,integrated_gradients,,0.05,-1.8942341804504395,-3.119070053100586
LA_E_9909978,0,integrated_gradients,,0.1,-2.9504003524780273,-5.652688980102539
LA_E_9909978,0,integrated_gradients,,0.2,-4.103157877922058,-4.135481834411621
LA_E_4466084,0,occlusion,20.0,0.05,1.3502967357635498,-1.6353455781936646
LA_E_4466084,0,occlusion,20.0,0.1,2.536069631576538,-1.9436177015304565
LA_E_4466084,0,occlusion,20.0,0.2,3.0356500148773193,-2.865755558013916
LA_E_4466084,0,occlusion,50.0,0.05,2.5357472896575928,-1.2464479207992554
LA_E_4466084,0,occlusion,50.0,0.1,3.017307996749878,-1.6215718984603882
LA_E_4466084,0,occlusion,50.0,0.2,3.0185792446136475,-1.837674617767334
LA_E_4466084,0,occlusion,100.0,0.05,2.8885467052459717,-0.8181205987930298
LA_E_4466084,0,occlusion,100.0,0.1,2.7406890392303467,-0.6648350954055786
LA_E_4466084,0,occlusion,100.0,0.2,2.719574213027954,-0.6674737930297852
LA_E_4466084,0,integrated_gradients,,0.05,3.0787150859832764,-5.961676597595215
LA_E_4466084,0,integrated_gradients,,0.1,3.0304839611053467,-6.085885047912598
LA_E_4466084,0,integrated_gradients,,0.2,3.1073672771453857,-5.947324752807617
LA_E_3560192,0,occlusion,20.0,0.05,-0.24759483337402344,-2.225048780441284
LA_E_3560192,0,occlusion,20.0,0.1,-0.16266775131225586,-5.861591815948486
LA_E_3560192,0,occlusion,20.0,0.2,-0.05561017990112305,-6.138326644897461
LA_E_3560192,0,occlusion,50.0,0.05,-0.16100645065307617,-1.1682977676391602
LA_E_3560192,0,occlusion,50.0,0.1,0.03692054748535156,-5.2905988693237305
LA_E_3560192,0,occlusion,50.0,0.2,-0.009498119354248047,-6.135613441467285
LA_E_3560192,0,occlusion,100.0,0.05,-0.9257674217224121,-1.0854392051696777
LA_E_3560192,0,occlusion,100.0,0.1,-1.4678597450256348,-1.5403034687042236
LA_E_3560192,0,occlusion,100.0,0.2,-0.03577375411987305,-5.962578296661377
LA_E_3560192,0,integrated_gradients,,0.05,0.019955158233642578,-6.103639602661133
LA_E_3560192,0,integrated_gradients,,0.1,-0.12069845199584961,-6.05748176574707
LA_E_3560192,0,integrated_gradients,,0.2,-0.21697473526000977,-6.085420608520508
LA_E_1636665,1,occlusion,20.0,0.05,1.9310367107391357,-1.4182683229446411
LA_E_1636665,1,occlusion,20.0,0.1,4.789708912372589,-2.2234280109405518
LA_E_1636665,1,occlusion,20.0,0.2,6.741400480270386,-1.5150656700134277
LA_E_1636665,1,occlusion,50.0,0.05,1.9245929718017578,-1.1341288089752197
LA_E_1636665,1,occlusion,50.0,0.1,3.326688051223755,-0.7600092887878418
LA_E_1636665,1,occlusion,50.0,0.2,6.371158242225647,-1.0652492046356201
LA_E_1636665,1,occlusion,100.0,0.05,1.1170601844787598,0.42783257365226746
LA_E_1636665,1,occlusion,100.0,0.1,2.231473684310913,1.8753896951675415
LA_E_1636665,1,occlusion,100.0,0.2,4.72212553024292,0.4308968186378479
LA_E_1636665,1,integrated_gradients,,0.05,6.264563798904419,-2.9083704948425293
LA_E_1636665,1,integrated_gradients,,0.1,8.741426467895508,-2.0082037448883057
LA_E_1636665,1,integrated_gradients,,0.2,11.475833892822266,1.1953866481781006
LA_E_3814080,1,occlusion,20.0,0.05,3.4229328632354736,-1.4602992534637451
LA_E_3814080,1,occlusion,20.0,0.1,4.9386749267578125,-1.2368334531784058
LA_E_3814080,1,occlusion,20.0,0.2,6.436851620674133,-1.0079035758972168
LA_E_3814080,1,occlusion,50.0,0.05,1.7945561408996582,-0.7930244207382202
LA_E_3814080,1,occlusion,50.0,0.1,4.106565833091736,-0.49287015199661255
LA_E_3814080,1,occlusion,50.0,0.2,5.418554604053497,1.6746896505355835
LA_E_3814080,1,occlusion,100.0,0.05,1.3760333061218262,-1.2297309637069702
LA_E_3814080,1,occlusion,100.0,0.1,3.0513381958007812,-0.10844944417476654
LA_E_3814080,1,occlusion,100.0,0.2,4.001189708709717,2.9426472187042236
LA_E_3814080,1,integrated_gradients,,0.05,5.798761431127787,-5.629071235656738
LA_E_3814080,1,integrated_gradients,,0.1,7.458978056907654,-1.4337066411972046
LA_E_3814080,1,integrated_gradients,,0.2,8.111258029937744,2.618954658508301
LA_E_2526631,1,occlusion,20.0,0.05,3.1272544860839844,-1.4490336179733276
LA_E_2526631,1,occlusion,20.0,0.1,6.588723808526993,-2.6822054386138916
LA_E_2526631,1,occlusion,20.0,0.2,7.457126617431641,-0.6545001864433289
LA_E_2526631,1,occlusion,50.0,0.05,2.9174506664276123,-1.300195574760437
LA_E_2526631,1,occlusion,50.0,0.1,6.326859638094902,-1.0582854747772217
LA_E_2526631,1,occlusion,50.0,0.2,7.723626732826233,-0.6549990177154541
LA_E_2526631,1,occlusion,100.0,0.05,2.7687461376190186,-1.3732258081436157
LA_E_2526631,1,occlusion,100.0,0.1,1.9764838218688965,0.2787802219390869
LA_E_2526631,1,occlusion,100.0,0.2,5.746527373790741,3.6831142902374268
LA_E_2526631,1,integrated_gradients,,0.05,7.341214060783386,-2.6724419593811035
LA_E_2526631,1,integrated_gradients,,0.1,7.495828747749329,0.49510258436203003
LA_E_2526631,1,integrated_gradients,,0.2,8.590662479400635,2.5053741931915283
LA_E_7478324,1,occlusion,20.0,0.05,1.1672258377075195,-2.701981544494629
LA_E_7478324,1,occlusion,20.0,0.1,5.712992906570435,-4.273362636566162
LA_E_7478324,1,occlusion,20.0,0.2,7.104311108589172,-1.1338826417922974
LA_E_7478324,1,occlusion,50.0,0.05,2.7281360626220703,-1.7433176040649414
LA_E_7478324,1,occlusion,50.0,0.1,4.40593159198761,-1.1694806814193726
LA_E_7478324,1,occlusion,50.0,0.2,7.241938352584839,0.5979900360107422
LA_E_7478324,1,occlusion,100.0,0.05,1.7853679656982422,-0.99535071849823
LA_E_7478324,1,occlusion,100.0,0.1,4.003732919692993,-1.0910929441452026
LA_E_7478324,1,occlusion,100.0,0.2,5.480530619621277,3.5688977241516113
LA_E_7478324,1,integrated_gradients,,0.05,1.9748234748840332,-4.207120895385742
LA_E_7478324,1,integrated_gradients,,0.1,7.022235035896301,-2.0300843715667725
LA_E_7478324,1,integrated_gradients,,0.2,7.736826777458191,2.1196131706237793
LA_E_2032189,0,occlusion,20.0,0.05,0.03512382507324219,-1.087416648864746
LA_E_2032189,0,occlusion,20.0,0.1,0.00990438461303711,-2.81016206741333
LA_E_2032189,0,occlusion,20.0,0.2,0.03405475616455078,-6.138995170593262
LA_E_2032189,0,occlusion,50.0,0.05,0.040024757385253906,-1.0704199075698853
LA_E_2032189,0,occlusion,50.0,0.1,0.027341842651367188,-5.71766471862793
LA_E_2032189,0,occlusion,50.0,0.2,-0.012925148010253906,-6.083230018615723
LA_E_2032189,0,occlusion,100.0,0.05,-0.020502567291259766,3.341301918029785
LA_E_2032189,0,occlusion,100.0,0.1,0.06577539443969727,-3.990875244140625
LA_E_2032189,0,occlusion,100.0,0.2,0.0669546127319336,-6.035529613494873
LA_E_2032189,0,integrated_gradients,,0.05,-0.014824390411376953,-6.084658622741699
LA_E_2032189,0,integrated_gradients,,0.1,0.02230978012084961,-6.245395660400391
LA_E_2032189,0,integrated_gradients,,0.2,-0.02773571014404297,-6.204220771789551
LA_E_1647541,1,occlusion,20.0,0.05,1.4977946281433105,-1.3669484853744507
LA_E_1647541,1,occlusion,20.0,0.1,4.946350693702698,-3.7032439708709717
LA_E_1647541,1,occlusion,20.0,0.2,6.241518143564463,-0.8094372153282166
LA_E_1647541,1,occlusion,50.0,0.05,1.339998722076416,-0.7921057939529419
LA_E_1647541,1,occlusion,50.0,0.1,4.471073269844055,-1.4051812887191772
LA_E_1647541,1,occlusion,50.0,0.2,6.004963576793671,0.942888617515564
LA_E_1647541,1,occlusion,100.0,0.05,1.7729945182800293,-1.7165151834487915
LA_E_1647541,1,occlusion,100.0,0.1,5.261891663074493,-1.178515076637268
LA_E_1647541,1,occlusion,100.0,0.2,5.883654356002808,1.4650951623916626
LA_E_1647541,1,integrated_gradients,,0.05,7.049544513225555,-4.147195339202881
LA_E_1647541,1,integrated_gradients,,0.1,7.552468419075012,-0.7205662727355957
LA_E_1647541,1,integrated_gradients,,0.2,7.576585173606873,5.611663818359375
LA_E_6675743,1,occlusion,20.0,0.05,0.9893746376037598,-1.174228310585022
LA_E_6675743,1,occlusion,20.0,0.1,2.965704917907715,-1.0628584623336792
LA_E_6675743,1,occlusion,20.0,0.2,6.8057191371917725,3.187103271484375
LA_E_6675743,1,occlusion,50.0,0.05,1.1687498092651367,-1.2215601205825806
LA_E_6675743,1,occlusion,50.0,0.1,3.308109760284424,-0.19964699447155
LA_E_6675743,1,occlusion,50.0,0.2,4.671574831008911,4.7660813331604
LA_E_6675743,1,occlusion,100.0,0.05,0.5796413421630859,3.2339131832122803
LA_E_6675743,1,occlusion,100.0,0.1,1.3351373672485352,3.2879910469055176
LA_E_6675743,1,occlusion,100.0,0.2,4.331757664680481,4.222320079803467
LA_E_6675743,1,integrated_gradients,,0.05,0.8501524925231934,-1.2229596376419067
LA_E_6675743,1,integrated_gradients,,0.1,7.236198544502258,2.7505927085876465
LA_E_6675743,1,integrated_gradients,,0.2,9.084917068481445,5.245151519775391
LA_E_3511805,0,occlusion,20.0,0.05,-0.8845834732055664,-5.69610595703125
LA_E_3511805,0,occlusion,20.0,0.1,0.7429189682006836,-6.160904884338379
LA_E_3511805,0,occlusion,20.0,0.2,0.4481191635131836,-6.286793231964111
LA_E_3511805,0,occlusion,50.0,0.05,-1.555525779724121,-5.777116775512695
LA_E_3511805,0,occlusion,50.0,0.1,-0.6528515815734863,-6.171308994293213
LA_E_3511805,0,occlusion,50.0,0.2,0.8579435348510742,-6.302945137023926
LA_E_3511805,0,occlusion,100.0,0.05,-1.9021501541137695,-1.3698652982711792
LA_E_3511805,0,occlusion,100.0,0.1,-1.5220513343811035,-5.95620059967041
LA_E_3511805,0,occlusion,100.0,0.2,0.6257200241088867,-5.879538536071777
LA_E_3511805,0,integrated_gradients,,0.05,0.5821566581726074,-4.6177873611450195
LA_E_3511805,0,integrated_gradients,,0.1,1.1485443115234375,-6.153433799743652
LA_E_3511805,0,integrated_gradients,,0.2,1.2370271682739258,-6.281140327453613
LA_E_6600788,1,occlusion,20.0,0.05,3.747050642967224,-1.5925127267837524
LA_E_6600788,1,occlusion,20.0,0.1,5.391875982284546,-3.8120760917663574
LA_E_6600788,1,occlusion,20.0,0.2,6.451590180397034,-5.798373222351074
LA_E_6600788,1,occlusion,50.0,0.05,2.5780811309814453,-0.6919883489608765
LA_E_6600788,1,occlusion,50.0,0.1,4.726862192153931,-2.2107672691345215
LA_E_6600788,1,occlusion,50.0,0.2,5.910389065742493,-1.1069084405899048
LA_E_6600788,1,occlusion,100.0,0.05,1.4614253044128418,-0.6874313354492188
LA_E_6600788,1,occlusion,100.0,0.1,2.8620684146881104,1.456321120262146
LA_E_6600788,1,occlusion,100.0,0.2,3.5908960103988647,5.2021684646606445
LA_E_6600788,1,integrated_gradients,,0.05,5.78836889564991,-1.6298243999481201
LA_E_6600788,1,integrated_gradients,,0.1,7.606533527374268,-1.2604615688323975
LA_E_6600788,1,integrated_gradients,,0.2,7.585944890975952,3.6554880142211914
LA_E_2572536,0,occlusion,20.0,0.05,4.65569531917572,-1.3121843338012695
LA_E_2572536,0,occlusion,20.0,0.1,4.7060874700546265,-3.7751803398132324
LA_E_2572536,0,occlusion,20.0,0.2,4.921558737754822,-5.982687950134277
LA_E_2572536,0,occlusion,50.0,0.05,4.747158408164978,-4.58993673324585
LA_E_2572536,0,occlusion,50.0,0.1,4.769738554954529,-5.941252708435059
LA_E_2572536,0,occlusion,50.0,0.2,4.919229865074158,-4.104093551635742
LA_E_2572536,0,occlusion,100.0,0.05,4.720320105552673,-2.137202024459839
LA_E_2572536,0,occlusion,100.0,0.1,4.769338965415955,-1.9052951335906982
LA_E_2572536,0,occlusion,100.0,0.2,4.87647807598114,-3.54343843460083
LA_E_2572536,0,integrated_gradients,,0.05,4.659751296043396,-6.297843933105469
LA_E_2572536,0,integrated_gradients,,0.1,4.646741271018982,-6.246088981628418
LA_E_2572536,0,integrated_gradients,,0.2,4.497873663902283,-6.194035053253174
LA_E_8407646,1,occlusion,20.0,0.05,1.611544132232666,-1.344265103340149
LA_E_8407646,1,occlusion,20.0,0.1,3.07570219039917,-0.9527605175971985
LA_E_8407646,1,occlusion,20.0,0.2,6.199676096439362,1.8225983381271362
LA_E_8407646,1,occlusion,50.0,0.05,1.6366891860961914,-1.204626441001892
LA_E_8407646,1,occlusion,50.0,0.1,6.212888121604919,-1.1888312101364136
LA_E_8407646,1,occlusion,50.0,0.2,7.267683386802673,1.9464606046676636
LA_E_8407646,1,occlusion,100.0,0.05,1.3590011596679688,-0.6532958745956421
LA_E_8407646,1,occlusion,100.0,0.1,1.8009529113769531,-0.8160549402236938
LA_E_8407646,1,occlusion,100.0,0.2,3.9614434242248535,4.955863952636719
LA_E_8407646,1,integrated_gradients,,0.05,5.155589699745178,-3.755004405975342
LA_E_8407646,1,integrated_gradients,,0.1,6.905959129333496,-1.7763876914978027
LA_E_8407646,1,integrated_gradients,,0.2,8.208168387413025,4.605579853057861
LA_E_9897022,1,occlusion,20.0,0.05,1.4910869598388672,-2.8326311111450195
LA_E_9897022,1,occlusion,20.0,0.1,3.1122231483459473,-3.449646234512329
LA_E_9897022,1,occlusion,20.0,0.2,6.436033070087433,-3.2217116355895996
LA_E_9897022,1,occlusion,50.0,0.05,1.5464344024658203,-1.4925161600112915
LA_E_9897022,1,occlusion,50.0,0.1,3.798520088195801,-0.8386296033859253
LA_E_9897022,1,occlusion,50.0,0.2,6.878039836883545,-0.6335997581481934
LA_E_9897022,1,occlusion,100.0,0.05,0.9780950546264648,0.5931960344314575
LA_E_9897022,1,occlusion,100.0,0.1,3.0775251388549805,-0.4441789388656616
LA_E_9897022,1,occlusion,100.0,0.2,6.316056042909622,-0.11830824613571167
LA_E_9897022,1,integrated_gradients,,0.05,1.192185401916504,-2.387622833251953
LA_E_9897022,1,integrated_gradients,,0.1,7.622941374778748,0.8129867315292358
LA_E_9897022,1,integrated_gradients,,0.2,8.949697256088257,3.945230484008789
LA_E_9731485,1,occlusion,20.0,0.05,2.5709080696105957,-2.227175712585449
LA_E_9731485,1,occlusion,20.0,0.1,4.828081965446472,-3.69648814201355
LA_E_9731485,1,occlusion,20.0,0.2,6.915105640888214,-1.4007965326309204
LA_E_9731485,1,occlusion,50.0,0.05,2.1297712326049805,-1.7285853624343872
LA_E_9731485,1,occlusion,50.0,0.1,5.589266717433929,-3.362767219543457
LA_E_9731485,1,occlusion,50.0,0.2,6.81625759601593,-1.0803861618041992
LA_E_9731485,1,occlusion,100.0,0.05,1.1529269218444824,-1.2020198106765747
LA_E_9731485,1,occlusion,100.0,0.1,1.7821474075317383,-0.8793776035308838
LA_E_9731485,1,occlusion,100.0,0.2,5.755370914936066,-0.07481572031974792
LA_E_9731485,1,integrated_gradients,,0.05,7.290738582611084,-1.2345672845840454
LA_E_9731485,1,integrated_gradients,,0.1,10.660042762756348,-1.3489720821380615
LA_E_9731485,1,integrated_gradients,,0.2,11.951351642608643,2.0378384590148926
LA_E_5828923,0,occlusion,20.0,0.05,4.9768646359443665,-1.2498964071273804
LA_E_5828923,0,occlusion,20.0,0.1,5.050977528095245,-2.5096747875213623
LA_E_5828923,0,occlusion,20.0,0.2,5.229495346546173,-3.7095420360565186
LA_E_5828923,0,occlusion,50.0,0.05,5.1960409283638,-1.0651251077651978
LA_E_5828923,0,occlusion,50.0,0.1,5.0983036160469055,-1.298651933670044
LA_E_5828923,0,occlusion,50.0,0.2,5.1761139035224915,-1.8496416807174683
LA_E_5828923,0,occlusion,100.0,0.05,5.177942097187042,-1.2875477075576782
LA_E_5828923,0,occlusion,100.0,0.1,5.221983253955841,-1.326480746269226
LA_E_5828923,0,occlusion,100.0,0.2,5.193690121173859,-2.5552926063537598
LA_E_5828923,0,integrated_gradients,,0.05,5.198747456073761,-5.976974964141846
LA_E_5828923,0,integrated_gradients,,0.1,5.180687248706818,-6.115429878234863
LA_E_5828923,0,integrated_gradients,,0.2,5.111210644245148,-5.951125144958496
LA_E_7665412,1,occlusion,20.0,0.05,2.323108434677124,-3.071122646331787
LA_E_7665412,1,occlusion,20.0,0.1,5.480119228363037,-1.3446208238601685
LA_E_7665412,1,occlusion,20.0,0.2,7.857396483421326,-0.7822628617286682
LA_E_7665412,1,occlusion,50.0,0.05,1.865541934967041,-0.7910665273666382
LA_E_7665412,1,occlusion,50.0,0.1,5.273058295249939,1.396391749382019
LA_E_7665412,1,occlusion,50.0,0.2,7.454870581626892,0.9045262336730957
LA_E_7665412,1,occlusion,100.0,0.05,1.3160772323608398,1.5963178873062134
LA_E_7665412,1,occlusion,100.0,0.1,2.3938989639282227,3.2094345092773438
LA_E_7665412,1,occlusion,100.0,0.2,4.583559155464172,4.514091491699219
LA_E_7665412,1,integrated_gradients,,0.05,3.434537649154663,-2.640355110168457
LA_E_7665412,1,integrated_gradients,,0.1,9.524686336517334,-2.1215155124664307
LA_E_7665412,1,integrated_gradients,,0.2,10.216926097869873,-0.8259854316711426
LA_E_8287131,0,occlusion,20.0,0.05,-0.04836893081665039,-1.5954909324645996
LA_E_8287131,0,occlusion,20.0,0.1,-0.07308292388916016,-6.083656311035156
LA_E_8287131,0,occlusion,20.0,0.2,0.09459686279296875,-6.220772743225098
LA_E_8287131,0,occlusion,50.0,0.05,0.021897315979003906,-1.089272141456604
LA_E_8287131,0,occlusion,50.0,0.1,0.11744832992553711,-5.028242588043213
LA_E_8287131,0,occlusion,50.0,0.2,0.060541629791259766,-6.054304122924805
LA_E_8287131,0,occlusion,100.0,0.05,0.08090686798095703,-2.207141399383545
LA_E_8287131,0,occlusion,100.0,0.1,-0.03052806854248047,-3.9940385818481445
LA_E_8287131,0,occlusion,100.0,0.2,-0.028173446655273438,-6.045732021331787
LA_E_8287131,0,integrated_gradients,,0.05,-0.07630062103271484,-6.252910614013672
LA_E_8287131,0,integrated_gradients,,0.1,0.041609764099121094,-6.190986633300781
LA_E_8287131,0,integrated_gradients,,0.2,-0.01729583740234375,-6.235805511474609
LA_E_8706232,1,occlusion,20.0,0.05,0.9533023834228516,-1.2125903367996216
LA_E_8706232,1,occlusion,20.0,0.1,2.6184353828430176,-1.0220038890838623
LA_E_8706232,1,occlusion,20.0,0.2,5.899904280900955,0.24462288618087769
LA_E_8706232,1,occlusion,50.0,0.05,0.6502547264099121,-1.1850639581680298
LA_E_8706232,1,occlusion,50.0,0.1,3.717499256134033,-0.5886414051055908
LA_E_8706232,1,occlusion,50.0,0.2,6.5176142901182175,3.531296730041504
LA_E_8706232,1,occlusion,100.0,0.05,0.35159826278686523,3.7513372898101807
LA_E_8706232,1,occlusion,100.0,0.1,1.0101332664489746,4.895215034484863
LA_E_8706232,1,occlusion,100.0,0.2,2.3383524417877197,5.079821586608887
LA_E_8706232,1,integrated_gradients,,0.05,3.351710081100464,-2.6681137084960938
LA_E_8706232,1,integrated_gradients,,0.1,6.706424295902252,-0.7825004458427429
LA_E_8706232,1,integrated_gradients,,0.2,7.091465950012207,3.3669252395629883
LA_E_9478242,0,occlusion,20.0,0.05,-0.3204789161682129,-0.925034761428833
LA_E_9478242,0,occlusion,20.0,0.1,-0.24259424209594727,-1.8452292680740356
LA_E_9478242,0,occlusion,20.0,0.2,-0.08197832107543945,-3.6080527305603027
LA_E_9478242,0,occlusion,50.0,0.05,0.018221378326416016,-0.27458667755126953
LA_E_9478242,0,occlusion,50.0,0.1,0.14601373672485352,-1.1259855031967163
LA_E_9478242,0,occlusion,50.0,0.2,0.1400618553161621,-1.9575450420379639
LA_E_9478242,0,occlusion,100.0,0.05,0.11111783981323242,-1.2600072622299194
LA_E_9478242,0,occlusion,100.0,0.1,0.1710677146911621,-1.3114038705825806
LA_E_9478242,0,occlusion,100.0,0.2,0.10442733764648438,-5.277040481567383
LA_E_9478242,0,integrated_gradients,,0.05,0.09056329727172852,-6.078977108001709
LA_E_9478242,0,integrated_gradients,,0.1,0.06271505355834961,-6.269686222076416
LA_E_9478242,0,integrated_gradients,,0.2,0.09807109832763672,-6.174396514892578
LA_E_6372044,1,occlusion,20.0,0.05,1.4028692245483398,-1.4489740133285522
LA_E_6372044,1,occlusion,20.0,0.1,4.3807584047317505,-3.7849535942077637
LA_E_6372044,1,occlusion,20.0,0.2,6.513519197702408,-2.14622163772583
LA_E_6372044,1,occlusion,50.0,0.05,3.466104030609131,-2.7784619331359863
LA_E_6372044,1,occlusion,50.0,0.1,4.598312854766846,-2.1443469524383545
LA_E_6372044,1,occlusion,50.0,0.2,5.6155877113342285,-0.7705681324005127
LA_E_6372044,1,occlusion,100.0,0.05,2.1186211109161377,-1.895190954208374
LA_E_6372044,1,occlusion,100.0,0.1,2.4190869331359863,-1.0809072256088257
LA_E_6372044,1,occlusion,100.0,0.2,4.160916686058044,-0.04066414013504982
LA_E_6372044,1,integrated_gradients,,0.05,1.6597023010253906,-2.8950064182281494
LA_E_6372044,1,integrated_gradients,,0.1,7.413562655448914,-1.0504388809204102
LA_E_6372044,1,integrated_gradients,,0.2,8.106347680091858,2.3676586151123047
LA_E_4334707,1,occlusion,20.0,0.05,2.0039234161376953,-1.1675505638122559
LA_E_4334707,1,occlusion,20.0,0.1,4.246860861778259,-1.3892873525619507
LA_E_4334707,1,occlusion,20.0,0.2,6.58335018157959,-1.237001657485962
LA_E_4334707,1,occlusion,50.0,0.05,1.7294816970825195,-1.4350160360336304
LA_E_4334707,1,occlusion,50.0,0.1,3.712324857711792,-0.9324741959571838
LA_E_4334707,1,occlusion,50.0,0.2,6.500628232955933,-0.8044675588607788
LA_E_4334707,1,occlusion,100.0,0.05,0.9307112693786621,0.4834928512573242
LA_E_4334707,1,occlusion,100.0,0.1,2.0741090774536133,-1.0633944272994995
LA_E_4334707,1,occlusion,100.0,0.2,3.596675157546997,2.428347110748291
LA_E_4334707,1,integrated_gradients,,0.05,2.4524505138397217,-2.9639358520507812
LA_E_4334707,1,integrated_gradients,,0.1,7.904722094535828,-2.4609622955322266
LA_E_4334707,1,integrated_gradients,,0.2,9.650601863861084,-0.6564803123474121
LA_E_1048407,1,occlusion,20.0,0.05,4.109842777252197,-3.34600567817688
LA_E_1048407,1,occlusion,20.0,0.1,6.952010989189148,-2.0572876930236816
LA_E_1048407,1,occlusion,20.0,0.2,7.156692743301392,0.19522590935230255
LA_E_1048407,1,occlusion,50.0,0.05,3.7281196117401123,-1.4538935422897339
LA_E_1048407,1,occlusion,50.0,0.1,6.908385396003723,-1.3913544416427612
LA_E_1048407,1,occlusion,50.0,0.2,6.661635160446167,0.849541425704956
LA_E_1048407,1,occlusion,100.0,0.05,1.8466715812683105,0.2158220261335373
LA_E_1048407,1,occlusion,100.0,0.1,4.725319266319275,-0.22182251513004303
LA_E_1048407,1,occlusion,100.0,0.2,6.477956920862198,1.8068863153457642
LA_E_1048407,1,integrated_gradients,,0.05,7.607207417488098,-4.067875385284424
LA_E_1048407,1,integrated_gradients,,0.1,9.30415678024292,-0.9282058477401733
LA_E_1048407,1,integrated_gradients,,0.2,7.763140320777893,5.710640907287598
LA_E_8963787,0,occlusion,20.0,0.05,0.00046443939208984375,-3.853118896484375
LA_E_8963787,0,occlusion,20.0,0.1,-0.04839515686035156,-6.212122440338135
LA_E_8963787,0,occlusion,20.0,0.2,0.09402322769165039,-6.21390438079834
LA_E_8963787,0,occlusion,50.0,0.05,0.0033087730407714844,-4.765193939208984
LA_E_8963787,0,occlusion,50.0,0.1,0.0037469863891601562,-6.193855285644531
LA_E_8963787,0,occlusion,50.0,0.2,0.024108409881591797,-6.277172088623047
LA_E_8963787,0,occlusion,100.0,0.05,-0.05353736877441406,-5.805290222167969
LA_E_8963787,0,occlusion,100.0,0.1,-0.1433577537536621,-6.1195783615112305
LA_E_8963787,0,occlusion,100.0,0.2,-0.23697662353515625,-6.2054243087768555
LA_E_8963787,0,integrated_gradients,,0.05,-0.012050628662109375,-4.559449195861816
LA_E_8963787,0,integrated_gradients,,0.1,0.017312049865722656,-5.954328536987305
LA_E_8963787,0,integrated_gradients,,0.2,-0.08563756942749023,-5.893226623535156
LA_E_1425602,0,occlusion,20.0,0.05,-0.18934249877929688,4.59165096282959
LA_E_1425602,0,occlusion,20.0,0.1,-0.15723800659179688,0.32789701223373413
LA_E_1425602,0,occlusion,20.0,0.2,0.03310823440551758,-3.4605798721313477
LA_E_1425602,0,occlusion,50.0,0.05,0.061202049255371094,2.104194164276123
LA_E_1425602,0,occlusion,50.0,0.1,0.11211442947387695,-4.272935390472412
LA_E_1425602,0,occlusion,50.0,0.2,0.015741348266601562,-6.149045944213867
LA_E_1425602,0,occlusion,100.0,0.05,0.05303812026977539,-1.041566014289856
LA_E_1425602,0,occlusion,100.0,0.1,0.09371089935302734,-4.339097023010254
LA_E_1425602,0,occlusion,100.0,0.2,-0.3129739761352539,-6.056229114532471
LA_E_1425602,0,integrated_gradients,,0.05,0.009693145751953125,-6.133371353149414
LA_E_1425602,0,integrated_gradients,,0.1,-0.026884078979492188,-6.235705375671387
LA_E_1425602,0,integrated_gradients,,0.2,-0.20823097229003906,-6.212958335876465
LA_E_7533790,0,occlusion,20.0,0.05,-0.1982717514038086,-5.433867931365967
LA_E_7533790,0,occlusion,20.0,0.1,-0.08086538314819336,-6.028079032897949
LA_E_7533790,0,occlusion,20.0,0.2,0.047904014587402344,-6.2701826095581055
LA_E_7533790,0,occlusion,50.0,0.05,-0.1259770393371582,-1.4687007665634155
LA_E_7533790,0,occlusion,50.0,0.1,0.058567047119140625,-5.9078874588012695
LA_E_7533790,0,occlusion,50.0,0.2,0.0748295783996582,-6.211719989776611
LA_E_7533790,0,occlusion,100.0,0.05,-0.018947124481201172,-1.3090721368789673
LA_E_7533790,0,occlusion,100.0,0.1,-0.00987386703491211,-4.291958808898926
LA_E_7533790,0,occlusion,100.0,0.2,-0.017788410186767578,-6.152417182922363
LA_E_7533790,0,integrated_gradients,,0.05,0.004639148712158203,-6.307613372802734
LA_E_7533790,0,integrated_gradients,,0.1,0.06145048141479492,-6.2707977294921875
LA_E_7533790,0,integrated_gradients,,0.2,-0.03979206085205078,-6.227463245391846
LA_E_7409931,1,occlusion,20.0,0.05,1.6091418266296387,-1.216309666633606
LA_E_7409931,1,occlusion,20.0,0.1,3.832691192626953,-1.4156779050827026
LA_E_7409931,1,occlusion,20.0,0.2,6.618668735027313,-3.502236843109131
LA_E_7409931,1,occlusion,50.0,0.05,2.229724884033203,-1.556017518043518
LA_E_7409931,1,occlusion,50.0,0.1,3.9719302654266357,-1.6786737442016602
LA_E_7409931,1,occlusion,50.0,0.2,6.120878592133522,-1.5035172700881958
LA_E_7409931,1,occlusion,100.0,0.05,1.5622386932373047,-1.0609990358352661
LA_E_7409931,1,occlusion,100.0,0.1,1.541517734527588,3.0388576984405518
LA_E_7409931,1,occlusion,100.0,0.2,4.6527111530303955,-0.7311685085296631
LA_E_7409931,1,integrated_gradients,,0.05,2.954801559448242,-2.5977838039398193
LA_E_7409931,1,integrated_gradients,,0.1,7.8032766580581665,-1.007928490638733
LA_E_7409931,1,integrated_gradients,,0.2,8.684544086456299,2.888960838317871
LA_E_6890141,1,occlusion,20.0,0.05,0.8754773139953613,-1.5261987447738647
LA_E_6890141,1,occlusion,20.0,0.1,3.128713607788086,-3.0303871631622314
LA_E_6890141,1,occlusion,20.0,0.2,5.360979855060577,-1.351008415222168
LA_E_6890141,1,occlusion,50.0,0.05,0.9727845191955566,-1.3550491333007812
LA_E_6890141,1,occlusion,50.0,0.1,1.7857894897460938,-1.241805911064148
LA_E_6890141,1,occlusion,50.0,0.2,5.810863584280014,-1.0287729501724243
LA_E_6890141,1,occlusion,100.0,0.05,0.9600210189819336,-0.6086949706077576
LA_E_6890141,1,occlusion,100.0,0.1,1.425340175628662,-0.506560206413269
LA_E_6890141,1,occlusion,100.0,0.2,3.7739686965942383,0.8815931081771851
LA_E_6890141,1,integrated_gradients,,0.05,4.070555925369263,-3.968684196472168
LA_E_6890141,1,integrated_gradients,,0.1,8.505262851715088,-1.2425955533981323
LA_E_6890141,1,integrated_gradients,,0.2,9.093976974487305,1.4672415256500244
LA_E_1023930,0,occlusion,20.0,0.05,-0.38716554641723633,-5.893397331237793
LA_E_1023930,0,occlusion,20.0,0.1,-0.4395127296447754,-6.152134418487549
LA_E_1023930,0,occlusion,20.0,0.2,-0.06776189804077148,-6.221358299255371
LA_E_1023930,0,occlusion,50.0,0.05,0.009866714477539062,-4.897424221038818
LA_E_1023930,0,occlusion,50.0,0.1,0.16588306427001953,-6.045247554779053
LA_E_1023930,0,occlusion,50.0,0.2,0.23337984085083008,-6.0743608474731445
LA_E_1023930,0,occlusion,100.0,0.05,0.18578290939331055,-1.5049070119857788
LA_E_1023930,0,occlusion,100.0,0.1,0.2106184959411621,-3.9202003479003906
LA_E_1023930,0,occlusion,100.0,0.2,0.11815214157104492,-5.787315368652344
LA_E_1023930,0,integrated_gradients,,0.05,0.1466975212097168,-6.203612327575684
LA_E_1023930,0,integrated_gradients,,0.1,0.23752450942993164,-6.274914741516113
LA_E_1023930,0,integrated_gradients,,0.2,0.1852707862854004,-6.08834171295166
LA_E_9365630,1,occlusion,20.0,0.05,4.8327062129974365,-2.4435243606567383
LA_E_9365630,1,occlusion,20.0,0.1,5.888039410114288,-1.6799730062484741
LA_E_9365630,1,occlusion,20.0,0.2,6.282373785972595,-0.10385866463184357
LA_E_9365630,1,occlusion,50.0,0.05,5.096655949950218,-1.3071112632751465
LA_E_9365630,1,occlusion,50.0,0.1,5.588875472545624,-0.9983185529708862
LA_E_9365630,1,occlusion,50.0,0.2,6.212108075618744,1.449729084968567
LA_E_9365630,1,occlusion,100.0,0.05,4.449307501316071,-1.3893649578094482
LA_E_9365630,1,occlusion,100.0,0.1,5.616374433040619,-1.4798060655593872
LA_E_9365630,1,occlusion,100.0,0.2,5.856241583824158,2.0283970832824707
LA_E_9365630,1,integrated_gradients,,0.05,5.043161690235138,-1.3721024990081787
LA_E_9365630,1,integrated_gradients,,0.1,6.400621771812439,0.20876464247703552
LA_E_9365630,1,integrated_gradients,,0.2,9.327291011810303,5.167953968048096
LA_E_3320439,1,occlusion,20.0,0.05,1.3953962326049805,-1.920982003211975
LA_E_3320439,1,occlusion,20.0,0.1,2.0495452880859375,-2.996387004852295
LA_E_3320439,1,occlusion,20.0,0.2,7.439591407775879,0.7609158754348755
LA_E_3320439,1,occlusion,50.0,0.05,0.9297747611999512,-1.1182861328125
LA_E_3320439,1,occlusion,50.0,0.1,2.357131004333496,-1.2203644514083862
LA_E_3320439,1,occlusion,50.0,0.2,6.506193459033966,1.6804434061050415
LA_E_3320439,1,occlusion,100.0,0.05,0.589756965637207,-1.1708930730819702
LA_E_3320439,1,occlusion,100.0,0.1,1.6954736709594727,-1.0070561170578003
LA_E_3320439,1,occlusion,100.0,0.2,1.577460765838623,3.605680227279663
LA_E_3320439,1,integrated_gradients,,0.05,2.0602569580078125,-2.9759011268615723
LA_E_3320439,1,integrated_gradients,,0.1,7.894891619682312,-1.0395488739013672
LA_E_3320439,1,integrated_gradients,,0.2,8.953726291656494,5.18389892578125
LA_E_5070447,0,occlusion,20.0,0.05,-1.0324764251708984,-5.816027641296387
LA_E_5070447,0,occlusion,20.0,0.1,-1.3235149383544922,-6.073451519012451
LA_E_5070447,0,occlusion,20.0,0.2,0.1336069107055664,-6.021401405334473
LA_E_5070447,0,occlusion,50.0,0.05,-0.08927392959594727,0.3680572509765625
LA_E_5070447,0,occlusion,50.0,0.1,-0.0575408935546875,-5.934079170227051
LA_E_5070447,0,occlusion,50.0,0.2,0.005859375,-6.13361930847168
LA_E_5070447,0,occlusion,100.0,0.05,-0.5245246887207031,-1.2928224802017212
LA_E_5070447,0,occlusion,100.0,0.1,-0.34873104095458984,-5.680501937866211
LA_E_5070447,0,occlusion,100.0,0.2,0.11591815948486328,-5.783260345458984
LA_E_5070447,0,integrated_gradients,,0.05,-0.0875864028930664,-6.138453483581543
LA_E_5070447,0,integrated_gradients,,0.1,0.3122549057006836,-6.288376331329346
LA_E_5070447,0,integrated_gradients,,0.2,0.4081878662109375,-6.203047752380371
LA_E_3862990,0,occlusion,20.0,0.05,-1.8012828826904297,-3.8078033924102783
LA_E_3862990,0,occlusion,20.0,0.1,-2.418701648712158,-6.143836498260498
LA_E_3862990,0,occlusion,20.0,0.2,0.01964092254638672,-6.1739397048950195
LA_E_3862990,0,occlusion,50.0,0.05,-1.2979040145874023,-5.565489768981934
LA_E_3862990,0,occlusion,50.0,0.1,-0.3081045150756836,-6.116401672363281
LA_E_3862990,0,occlusion,50.0,0.2,0.27185726165771484,-6.033263206481934
LA_E_3862990,0,occlusion,100.0,0.05,-0.21551942825317383,-1.0549254417419434
LA_E_3862990,0,occlusion,100.0,0.1,0.03014850616455078,-2.6422767639160156
LA_E_3862990,0,occlusion,100.0,0.2,0.32491540908813477,-3.0687150955200195
LA_E_3862990,0,integrated_gradients,,0.05,0.3301715850830078,-6.095738410949707
LA_E_3862990,0,integrated_gradients,,0.1,0.3769502639770508,-6.155869483947754
LA_E_3862990,0,integrated_gradients,,0.2,0.40375471115112305,-6.028245449066162
LA_E_8568759,0,occlusion,20.0,0.05,0.38205528259277344,-0.6860284805297852
LA_E_8568759,0,occlusion,20.0,0.1,0.4547281265258789,-4.130948066711426
LA_E_8568759,0,occlusion,20.0,0.2,0.45632266998291016,-6.181734085083008
LA_E_8568759,0,occlusion,50.0,0.05,0.33957862854003906,0.3803784251213074
LA_E_8568759,0,occlusion,50.0,0.1,0.47933101654052734,-1.1884653568267822
LA_E_8568759,0,occlusion,50.0,0.2,0.4155921936035156,-1.9587501287460327
LA_E_8568759,0,occlusion,100.0,0.05,0.16089868545532227,6.110909938812256
LA_E_8568759,0,occlusion,100.0,0.1,0.3483443260192871,5.152126312255859
LA_E_8568759,0,occlusion,100.0,0.2,0.43274497985839844,2.2122817039489746
LA_E_8568759,0,integrated_gradients,,0.05,-2.2902488708496094,-6.1303839683532715
LA_E_8568759,0,integrated_gradients,,0.1,-1.9593138694763184,-6.0907440185546875
LA_E_8568759,0,integrated_gradients,,0.2,-3.368800163269043,-6.208914279937744
LA_E_1458883,1,occlusion,20.0,0.05,4.5997549295425415,-1.6524871587753296
LA_E_1458883,1,occlusion,20.0,0.1,5.859684184193611,-3.743600606918335
LA_E_1458883,1,occlusion,20.0,0.2,7.082300782203674,-2.2530455589294434
LA_E_1458883,1,occlusion,50.0,0.05,3.977318048477173,-1.1546417474746704
LA_E_1458883,1,occlusion,50.0,0.1,6.450060606002808,-1.6557118892669678
LA_E_1458883,1,occlusion,50.0,0.2,6.830787003040314,-0.6844464540481567
LA_E_1458883,1,occlusion,100.0,0.05,2.603271961212158,-1.2224072217941284
LA_E_1458883,1,occlusion,100.0,0.1,6.151424303650856,-1.2994061708450317
LA_E_1458883,1,occlusion,100.0,0.2,6.025130230933428,1.76529061794281
LA_E_1458883,1,integrated_gradients,,0.05,7.117877960205078,-1.4518628120422363
LA_E_1458883,1,integrated_gradients,,0.1,7.626758694648743,-0.550263524055481
LA_E_1458883,1,integrated_gradients,,0.2,9.244056224822998,2.94618821144104
LA_E_7939800,1,occlusion,20.0,0.05,4.620974659919739,-1.6080363988876343
LA_E_7939800,1,occlusion,20.0,0.1,6.330210089683533,-2.9425785541534424
LA_E_7939800,1,occlusion,20.0,0.2,7.410351395606995,-0.37968242168426514
LA_E_7939800,1,occlusion,50.0,0.05,1.9864568710327148,-1.1558610200881958
LA_E_7939800,1,occlusion,50.0,0.1,4.785444617271423,-0.27779456973075867
LA_E_7939800,1,occlusion,50.0,0.2,6.8906329870224,0.1611243635416031
LA_E_7939800,1,occlusion,100.0,0.05,3.2811572551727295,-0.8771794438362122
LA_E_7939800,1,occlusion,100.0,0.1,4.899088144302368,2.2626888751983643
LA_E_7939800,1,occlusion,100.0,0.2,6.023886367678642,4.894959926605225
LA_E_7939800,1,integrated_gradients,,0.05,6.246671080589294,-1.2092845439910889
LA_E_7939800,1,integrated_gradients,,0.1,7.707914233207703,-0.34342721104621887
LA_E_7939800,1,integrated_gradients,,0.2,10.623419761657715,3.857656955718994
LA_E_2044500,1,occlusion,20.0,0.05,4.366288542747498,2.977717399597168
LA_E_2044500,1,occlusion,20.0,0.1,6.9766072034835815,-0.4707697033882141
LA_E_2044500,1,occlusion,20.0,0.2,6.978933215141296,4.343573570251465
LA_E_2044500,1,occlusion,50.0,0.05,2.3907527923583984,0.40974193811416626
LA_E_2044500,1,occlusion,50.0,0.1,5.750515565276146,3.255303382873535
LA_E_2044500,1,occlusion,50.0,0.2,5.654917001724243,5.576643466949463
LA_E_2044500,1,occlusion,100.0,0.05,0.4313673973083496,4.8986897468566895
LA_E_2044500,1,occlusion,100.0,0.1,1.581557273864746,5.2168402671813965
LA_E_2044500,1,occlusion,100.0,0.2,4.2315753698349,5.251233100891113
LA_E_2044500,1,integrated_gradients,,0.05,7.528576135635376,-0.46803706884384155
LA_E_2044500,1,integrated_gradients,,0.1,4.694165587425232,5.700699806213379
LA_E_2044500,1,integrated_gradients,,0.2,0.6299281120300293,5.962305545806885
LA_E_3569211,1,occlusion,20.0,0.05,1.6862568855285645,-1.4435534477233887
LA_E_3569211,1,occlusion,20.0,0.1,4.518967509269714,-0.9996626377105713
LA_E_3569211,1,occlusion,20.0,0.2,6.088652029633522,-0.8860025405883789
LA_E_3569211,1,occlusion,50.0,0.05,2.6956005096435547,-2.7692971229553223
LA_E_3569211,1,occlusion,50.0,0.1,4.426026701927185,-1.2935779094696045
LA_E_3569211,1,occlusion,50.0,0.2,6.235900145024061,0.184783473610878
LA_E_3569211,1,occlusion,100.0,0.05,1.325960636138916,-1.0288485288619995
LA_E_3569211,1,occlusion,100.0,0.1,3.927381992340088,-1.343300461769104
LA_E_3569211,1,occlusion,100.0,0.2,5.452883720397949,-0.2630790174007416
LA_E_3569211,1,integrated_gradients,,0.05,1.894667625427246,-4.2128753662109375
LA_E_3569211,1,integrated_gradients,,0.1,7.14369124174118,-5.5258073806762695
LA_E_3569211,1,integrated_gradients,,0.2,10.220820426940918,-0.4607926607131958
LA_E_2979821,0,occlusion,20.0,0.05,-0.9369602203369141,-2.029527425765991
LA_E_2979821,0,occlusion,20.0,0.1,0.1710987091064453,-5.302034378051758
LA_E_2979821,0,occlusion,20.0,0.2,0.08426904678344727,-6.0699615478515625
LA_E_2979821,0,occlusion,50.0,0.05,0.2050776481628418,-3.6545796394348145
LA_E_2979821,0,occlusion,50.0,0.1,0.28096437454223633,-5.280306816101074
LA_E_2979821,0,occlusion,50.0,0.2,0.34218502044677734,-5.756108283996582
LA_E_2979821,0,occlusion,100.0,0.05,0.10797786712646484,-0.8761444091796875
LA_E_2979821,0,occlusion,100.0,0.1,0.33363771438598633,-1.7329050302505493
LA_E_2979821,0,occlusion,100.0,0.2,0.28468894958496094,-2.4229092597961426
LA_E_2979821,0,integrated_gradients,,0.05,0.3221874237060547,-6.061291217803955
LA_E_2979821,0,integrated_gradients,,0.1,0.33770132064819336,-6.237102508544922
LA_E_2979821,0,integrated_gradients,,0.2,0.33576297760009766,-6.149528503417969
LA_E_2082015,1,occlusion,20.0,0.05,3.519151210784912,-2.2860493659973145
LA_E_2082015,1,occlusion,20.0,0.1,6.849884390830994,-3.9903459548950195
LA_E_2082015,1,occlusion,20.0,0.2,8.516010284423828,-1.2265123128890991
LA_E_2082015,1,occlusion,50.0,0.05,3.9077281951904297,-4.1084065437316895
LA_E_2082015,1,occlusion,50.0,0.1,5.563479661941528,-0.9876149892807007
LA_E_2082015,1,occlusion,50.0,0.2,7.49107551574707,-0.33201175928115845
LA_E_2082015,1,occlusion,100.0,0.05,1.4583959579467773,-1.117192268371582
LA_E_2082015,1,occlusion,100.0,0.1,3.287186861038208,-1.0201337337493896
LA_E_2082015,1,occlusion,100.0,0.2,5.207595229148865,2.938364028930664
LA_E_2082015,1,integrated_gradients,,0.05,8.05331015586853,-1.3437682390213013
LA_E_2082015,1,integrated_gradients,,0.1,8.197875022888184,1.9253097772598267
LA_E_2082015,1,integrated_gradients,,0.2,7.680753588676453,4.791969299316406
LA_E_5645088,0,occlusion,20.0,0.05,-0.2790713310241699,-5.11562442779541
LA_E_5645088,0,occlusion,20.0,0.1,-0.1714615821838379,-6.163480758666992
LA_E_5645088,0,occlusion,20.0,0.2,0.08885812759399414,-6.235730171203613
LA_E_5645088,0,occlusion,50.0,0.05,0.1672825813293457,-3.7369508743286133
LA_E_5645088,0,occlusion,50.0,0.1,0.17600011825561523,-6.052968978881836
LA_E_5645088,0,occlusion,50.0,0.2,0.284512996673584,-6.050441265106201
LA_E_5645088,0,occlusion,100.0,0.05,0.12038755416870117,-1.968375325202942
LA_E_5645088,0,occlusion,100.0,0.1,0.1473088264465332,-3.634899139404297
LA_E_5645088,0,occlusion,100.0,0.2,0.25925636291503906,-6.019102573394775
LA_E_5645088,0,integrated_gradients,,0.05,0.15172719955444336,-6.242542743682861
LA_E_5645088,0,integrated_gradients,,0.1,0.15360498428344727,-6.252347946166992
LA_E_5645088,0,integrated_gradients,,0.2,0.21048831939697266,-6.219085693359375
LA_E_9428824,1,occlusion,20.0,0.05,2.0381617546081543,-2.281294107437134
LA_E_9428824,1,occlusion,20.0,0.1,4.391411781311035,-2.8880863189697266
LA_E_9428824,1,occlusion,20.0,0.2,6.25943486392498,0.14185094833374023
LA_E_9428824,1,occlusion,50.0,0.05,2.1061806678771973,-2.4996557235717773
LA_E_9428824,1,occlusion,50.0,0.1,5.461363255977631,-2.403298854827881
LA_E_9428824,1,occlusion,50.0,0.2,5.656476259231567,-0.1701095849275589
LA_E_9428824,1,occlusion,100.0,0.05,1.0830559730529785,-1.3428465127944946
LA_E_9428824,1,occlusion,100.0,0.1,3.598198175430298,-1.3879199028015137
LA_E_9428824,1,occlusion,100.0,0.2,4.464102268218994,1.0714869499206543
LA_E_9428824,1,integrated_gradients,,0.05,4.495421648025513,-0.8442267179489136
LA_E_9428824,1,integrated_gradients,,0.1,7.5461777448654175,1.3221300840377808
LA_E_9428824,1,integrated_gradients,,0.2,8.477525234222412,5.876218318939209
LA_E_7437708,1,occlusion,20.0,0.05,1.957993984222412,-4.248661518096924
LA_E_7437708,1,occlusion,20.0,0.1,2.2525482177734375,-4.514060020446777
LA_E_7437708,1,occlusion,20.0,0.2,3.9335639476776123,-1.5983996391296387
LA_E_7437708,1,occlusion,50.0,0.05,1.3279147148132324,-1.4264227151870728
LA_E_7437708,1,occlusion,50.0,0.1,1.7499594688415527,-0.9892359972000122
LA_E_7437708,1,occlusion,50.0,0.2,4.68584144115448,-0.6139705181121826
LA_E_7437708,1,occlusion,100.0,0.05,0.47118616104125977,2.7264208793640137
LA_E_7437708,1,occlusion,100.0,0.1,1.9908227920532227,-0.4359437823295593
LA_E_7437708,1,occlusion,100.0,0.2,3.5472803115844727,0.06267939507961273
LA_E_7437708,1,integrated_gradients,,0.05,6.6118790209293365,-4.358044147491455
LA_E_7437708,1,integrated_gradients,,0.1,8.810326099395752,-3.148512840270996
LA_E_7437708,1,integrated_gradients,,0.2,9.671297073364258,-0.5589543581008911
LA_E_7528356,0,occlusion,20.0,0.05,3.6690123081207275,-1.465630292892456
LA_E_7528356,0,occlusion,20.0,0.1,5.071432948112488,-1.2545239925384521
LA_E_7528356,0,occlusion,20.0,0.2,6.544152855873108,1.3088799715042114
LA_E_7528356,0,occlusion,50.0,0.05,5.364940762519836,-1.228020429611206
LA_E_7528356,0,occlusion,50.0,0.1,6.302703022956848,-0.06713250279426575
LA_E_7528356,0,occlusion,50.0,0.2,6.6417728662490845,0.4014323353767395
LA_E_7528356,0,occlusion,100.0,0.05,3.4352760314941406,-0.7646578550338745
LA_E_7528356,0,occlusion,100.0,0.1,3.79727041721344,1.4011038541793823
LA_E_7528356,0,occlusion,100.0,0.2,5.505050301551819,4.433425426483154
LA_E_7528356,0,integrated_gradients,,0.05,5.3453322649002075,-4.141484260559082
LA_E_7528356,0,integrated_gradients,,0.1,6.808784604072571,-2.6857497692108154
LA_E_7528356,0,integrated_gradients,,0.2,6.027590394020081,1.2214914560317993
LA_E_5573939,1,occlusion,20.0,0.05,2.271217107772827,-3.0706238746643066
LA_E_5573939,1,occlusion,20.0,0.1,5.041424036026001,-3.1791086196899414
LA_E_5573939,1,occlusion,20.0,0.2,7.19901168346405,-0.8058032393455505
LA_E_5573939,1,occlusion,50.0,0.05,1.2722225189208984,-1.3585566282272339
LA_E_5573939,1,occlusion,50.0,0.1,2.0148215293884277,-1.0157160758972168
LA_E_5573939,1,occlusion,50.0,0.2,6.144839022308588,-0.9644542932510376
LA_E_5573939,1,occlusion,100.0,0.05,0.9166126251220703,-1.103740930557251
LA_E_5573939,1,occlusion,100.0,0.1,1.9157652854919434,-0.7926446199417114
LA_E_5573939,1,occlusion,100.0,0.2,4.567873120307922,-0.6028127670288086
LA_E_5573939,1,integrated_gradients,,0.05,1.1074862480163574,-3.733849048614502
LA_E_5573939,1,integrated_gradients,,0.1,2.993603229522705,-1.9899924993515015
LA_E_5573939,1,integrated_gradients,,0.2,6.449459224939346,3.347717761993408
LA_E_2075207,0,occlusion,20.0,0.05,-0.017589092254638672,-3.4727516174316406
LA_E_2075207,0,occlusion,20.0,0.1,0.07001209259033203,-6.142919540405273
LA_E_2075207,0,occlusion,20.0,0.2,0.09694671630859375,-6.207513809204102
LA_E_2075207,0,occlusion,50.0,0.05,0.08412981033325195,-3.1226420402526855
LA_E_2075207,0,occlusion,50.0,0.1,0.10734081268310547,-5.037417411804199
LA_E_2075207,0,occlusion,50.0,0.2,0.13269615173339844,-6.168946743011475
LA_E_2075207,0,occlusion,100.0,0.05,0.09448957443237305,-1.7981879711151123
LA_E_2075207,0,occlusion,100.0,0.1,0.11775779724121094,-5.8374457359313965
LA_E_2075207,0,occlusion,100.0,0.2,0.0755767822265625,-6.156042098999023
LA_E_2075207,0,integrated_gradients,,0.05,-0.009286880493164062,-6.243069648742676
LA_E_2075207,0,integrated_gradients,,0.1,0.02106475830078125,-6.1746015548706055
LA_E_2075207,0,integrated_gradients,,0.2,0.03426408767700195,-6.021066665649414
LA_E_5309830,0,occlusion,20.0,0.05,-1.876518726348877,-0.7401208281517029
LA_E_5309830,0,occlusion,20.0,0.1,-0.09247350692749023,-4.595142841339111
LA_E_5309830,0,occlusion,20.0,0.2,0.2888941764831543,-6.184774398803711
LA_E_5309830,0,occlusion,50.0,0.05,-1.8912549018859863,-4.5556745529174805
LA_E_5309830,0,occlusion,50.0,0.1,-1.8826138973236084,-4.157408237457275
LA_E_5309830,0,occlusion,50.0,0.2,-0.12907743453979492,-6.135897636413574
LA_E_5309830,0,occlusion,100.0,0.05,-1.772594928741455,-4.576338291168213
LA_E_5309830,0,occlusion,100.0,0.1,-1.9632551670074463,-6.122203826904297
LA_E_5309830,0,occlusion,100.0,0.2,-2.028083324432373,-6.161803722381592
LA_E_5309830,0,integrated_gradients,,0.05,0.34017086029052734,-5.833332061767578
LA_E_5309830,0,integrated_gradients,,0.1,0.04626035690307617,-6.181181907653809
LA_E_5309830,0,integrated_gradients,,0.2,-0.7471437454223633,-6.211269378662109
