sample_key,pair_id,analysis_cluster,label,path,window_ms,low_frac,mid_frac,high_frac,speech_frac,silence_frac,silence_duration_frac,gini,entropy,topk_1pct,topk_5pct,topk_10pct
1002_english_fake_1002,1002,72fa4494c0ae90905d3e7b046cced92d9dfd9a1dfe7bd6b417b25b624c3ede012ea9f4347190f7df632505485b9b85aee0eab6012f82eedcede303e47450e7d7,0,english_griffinlim_eval_final/fake_english_griffinlim/english_fake_1002.wav,50,0.6013868938999092,0.26087626682500864,0.13773683927508223,1.0,0.0,0.0,0.18719598490454792,15.887829468710567,0.025016254480895617,0.09873688685037431,0.17472741750238147
1032_english_fake_1032,1032,a67ea11203bf123fcd175858ced893c999654827e1be9016973959723c52339bcc804a4b6c052cf0dd3c0b189fdb22207e8a0bae5e2f02245083c80d76d730a3,0,english_griffinlim_eval_final/fake_english_griffinlim/english_fake_1032.wav,50,0.7265119784598765,0.1304407578830577,0.1430472636570659,1.0,0.0,0.0,0.12835539440347854,15.940834283334619,0.016470602315220646,0.07409860471933483,0.14056034984216534
1036_english_fake_1036,1036,d1813b3a39bbd5d6f35e04e8e2151930a40e56cefcc57eb71351d6cde06a360b99e6c7791989ff337b308103b8dd7f2f705c01f88506ec4146042276b5a122ce,0,english_griffinlim_eval_final/fake_english_griffinlim/english_fake_1036.wav,50,0.7365439400332892,0.16861849837543358,0.09483756159127724,1.0,0.0,0.0,0.15055275766222498,15.907714757910387,0.014605621162399786,0.0690866636113301,0.13485336565612735
1044_english_fake_1044,1044,2613068726292355af6306df9b9448429d185bd61430a67718d1da33e22d3b695383a562c5a385f7df0cfd18b3cda8fa718e306ac9879707519a3ccaddb00154,0,english_griffinlim_eval_final/fake_english_griffinlim/english_fake_1044.wav,50,0.9092085842552482,0.06344400768790844,0.02734740805684335,1.0,0.0,0.0,0.41120232214005403,15.577236239115313,0.04211672283645025,0.1631523200914271,0.2780181511596517
1048_english_fake_1048,1048,47eab07d923d67d86227a7cef43ba747a0bb73c42ddf79a028f02e524bcb7ec8958a0f8f0c9365130c8ace2dfb83390d035ce5950b19f38463079bf11f5509eb,0,english_griffinlim_eval_final/fake_english_griffinlim/english_fake_1048.wav,50,0.6821272498565162,0.20274304183837732,0.11512970830510649,1.0,0.0,0.0,0.22984668580214085,15.84207402823976,0.03236626913444615,0.12044369385650308,0.201640814867548
1050_english_fake_1050,1050,d1c5f949b950acff73774df763348084cac3b5e4d3593069e091c5962357ac3ee43613ca3ae0bd45d12357dc37c535b5f1016945d71f74f1f3dfa8f8e0995338,0,english_griffinlim_eval_final/fake_english_griffinlim/english_fake_1050.wav,50,0.5972573741407975,0.31750018649260026,0.08524243936660217,1.0,0.0,0.0,0.5087441184105841,15.304375660089661,0.061905455896249136,0.2541362720232321,0.3992086256893155
1053_english_fake_1053,1053,e543cc12c580c37bb3b8b3f7904755db09992fc3d80a6166c231ad1dd6ac939bd8dc0a9e857b6d160cd42ebc5f8e9c9cd086e289027f1efa0ed914e44537b513,0,english_griffinlim_eval_final/fake_english_griffinlim/english_fake_1053.wav,50,0.689884281001801,0.1614617941781978,0.14865392482000128,1.0,0.0,0.0,0.1240825368601226,15.940662806373709,0.015613867733040718,0.07378538887455507,0.1382412304808256
1056_english_fake_1056,1056,ec89bf72638f6265060c86f7407b002bb309d6f741e3a5fd806c873e17b7fe6fc8709aa83aa29f2fd8fb85c32e4362da17de510e68100b9ab69112a7a4b98a8b,0,english_griffinlim_eval_final/fake_english_griffinlim/english_fake_1056.wav,50,0.6316659496804988,0.2392745071496856,0.12905954316981552,1.0,0.0,0.0,0.29296022699842417,15.77280622915833,0.027975167009005368,0.12520542377055932,0.2297490219687246
1061_english_fake_1061,1061,82f6efc51109b0bf49ddffc1c25f741e829f97693190472af40ef149afc34810117bcf347aa5dc553239a149ca670eb50780f5aa54c5744c7406ea577fb9de23,0,english_griffinlim_eval_final/fake_english_griffinlim/english_fake_1061.wav,50,0.6645980225740304,0.20748790810663223,0.12791406931933738,1.0,0.0,0.0,0.366958093153156,15.665637036144673,0.021956709133915613,0.10714925102040472,0.20922791025773274
1063_english_fake_1063,1063,409cd65d420a277b83b2021d2f9ed4086713d62a714661a851f13367f9ce3171b940f57dd4216f6c7e6f877ca02bb8d104475499592153735f1c91bd88960a56,0,english_griffinlim_eval_final/fake_english_griffinlim/english_fake_1063.wav,50,0.7592566327667934,0.13750940456980612,0.10323396266340032,1.0,0.0,0.0,0.30129277299710866,15.75798463608009,0.022150489242226703,0.10041555164998485,0.19086411752011098
1075_english_fake_1075,1075,36922c402abcb8a960e15a726c1eb0bc363d122ae506ce244e70ed2856d94436d80da7151a14c5bdf25b8b780e67ebe3d286677fde1a458b1348677b58ada1ec,0,english_griffinlim_eval_final/fake_english_griffinlim/english_fake_1075.wav,50,0.7619377854902657,0.11912938260749734,0.11893283190223691,1.0,0.0,0.0,0.36311292510669824,15.66103159997108,0.025412277684953213,0.1147153119585931,0.2109186662631656
108_english_fake_0108,108,7bf8e335b222c8f3eceaee7f9a0e4ada4d4de7d2fa39b6503a2fddb8334e437ba9cd1c7ad266a08048d0a324e2e1147e57b7befa84d4abdaa17a7209b9854567,0,english_griffinlim_eval_final/fake_english_griffinlim/english_fake_0108.wav,50,0.6624666647140477,0.18883390724155602,0.14869942804439637,1.0,0.0,0.0,0.38079108184834887,15.645407184606652,0.029615837696016264,0.12860811519465515,0.23537587541327373
1090_english_fake_1090,1090,7901622282b4a34e1b1367e79c8435281595ba66942f5bcd6a63be9d03f1853b9a78cfe7751b28d704b0b71ef0622d4f2286b307c4c4232841726caa7d102f03,0,english_griffinlim_eval_final/fake_english_griffinlim/english_fake_1090.wav,50,0.6639109399991973,0.2289228292309787,0.10716623076982404,1.0,0.0,0.0,0.25389107764182284,15.817144661672305,0.027970496618811173,0.12400334868491364,0.22020358794647082
1097_english_fake_1097,1097,341ce7bb8bca97ea26dbb3fe4bb111a51e5b2173cf305527dbc4155064cf046baab8c77c7fd1dc924893b6282332542e289382f4fc1ba0094799ec30c4d2401c,0,english_griffinlim_eval_final/fake_english_griffinlim/english_fake_1097.wav,50,0.8041502735132039,0.12237158484282587,0.07347814164397017,0.9829342365264893,0.01706579513847828,0.01585139318885449,0.21085313621145296,15.877851458211309,0.019865026095432736,0.08906986947380532,0.17042272123340702
1101_english_fake_1101,1101,3d500be5f0ac82734ed233877afd75e82a0bbc6ff6317dda86bf1200c1a21c26f1d0923dd27d8a1d0b5a015ab3df12e5e7091a959b21c2da852854f0365fbe5e,0,english_griffinlim_eval_final/fake_english_griffinlim/english_fake_1101.wav,50,0.6964225006657948,0.24679700037658153,0.05678049895762365,0.9975383281707764,0.0024616066366434097,0.007925696594427245,0.2257366878272935,15.847551430911832,0.01670374669231094,0.08009941487009134,0.1551244735670805
1116_english_fake_1116,1116,57d9be2eeda5fbaad0290c45f4e95813da95e09633d5fd84df35a758151788abec644a351cdf610c7b792561d1db0ac6f122dbc94404646941967bd6f0befd44,0,english_griffinlim_eval_final/fake_english_griffinlim/english_fake_1116.wav,50,0.5780434714689361,0.20934973450243868,0.21260679402862515,1.0,0.0,0.0,0.1820214008509735,15.899463415490292,0.0222988349895652,0.0899885700567359,0.16374848389227115
1124_english_fake_1124,1124,04a248bc0cc9b8d91ed448e89914226cdc02d79ad7d6e16b1f465a314c309237bd129173d14caf301a038141a7e3e1be76c61c098ad7ed2d91a3cdaf3dd4b7a7,0,english_griffinlim_eval_final/fake_english_griffinlim/english_fake_1124.wav,50,0.5910256119696383,0.20377152515447824,0.2052028628758834,1.0,0.0,0.0,0.17747393484386853,15.89966183802978,0.01960819670268971,0.08756007143526029,0.16287942670299385
113_english_fake_0113,113,9c08dc6149dbb8f8308a5c383d34ab4637ed7fe1a9609e59d193cedb16c652716b6615184dfc6897be7e21f904ce1f1a9b58db97f543075f88c128f2c24da8b2,0,english_griffinlim_eval_final/fake_english_griffinlim/english_fake_0113.wav,50,0.6090555570498577,0.3482432812299268,0.0427011617202154,1.0,0.0,0.0,0.5956040461250343,15.069242566493184,0.059836679349436046,0.25790650094125367,0.4382982937985558
125_english_fake_0125,125,a6dfe0e31661197a82a0558dd1eeb2ce3f898d4cbfc740cf28766768e8fe5901cb2fbdcfa2b6a980993832d144a8a1865bc69af3ddafe929f660c90b23d94fb8,0,english_griffinlim_eval_final/fake_english_griffinlim/english_fake_0125.wav,50,0.5739834625653771,0.29367121845911054,0.13234531897551224,1.0,0.0,0.0,0.11107845811990957,15.946556888878218,0.014191866722775262,0.06955689315143858,0.13616138946941286
142_english_fake_0142,142,c42a23f67177dda1636890108c1e4bdb0a076c2e6a863ba282eff5f7753b76902fb745b9e6b9ce2ffd2f7fe5c150228e15ba0bf7a36c23a5000470a494878d53,0,english_griffinlim_eval_final/fake_english_griffinlim/english_fake_0142.wav,50,0.6156500025846994,0.2633201926789638,0.121029804736337,1.0,0.0,0.0,0.28842661694487304,15.786450639743205,0.023742513680059866,0.1101892597173784,0.20174884518054717
146_english_fake_0146,146,f53fbd579558bad737c60acebb98f882914859e93b5dca543a0e42fec1b50d133581e268f275656ab05ef0b606c0552fe22920a2c67ff22e44a3b162ef51f63e,0,english_griffinlim_eval_final/fake_english_griffinlim/english_fake_0146.wav,50,0.5949440078785495,0.293482784928583,0.11157320719286756,1.0,0.0,0.0,0.18574204203813105,15.878881130881162,0.01507311536315394,0.07287970625893693,0.14090004329525774
156_english_fake_0156,156,b15d4bf1cec79fab48b4b54ed50287b51593be2f5eece61b2e8384a25677e1c5a981559fa92dfc6b32f78906e4bc661ab51acf779451c06bd827987f0a2a6646,0,english_griffinlim_eval_final/fake_english_griffinlim/english_fake_0156.wav,50,0.5992635596351081,0.27876975663694087,0.12196668372795108,1.0,0.0,0.0,0.3301607996322451,15.718793362618895,0.03408834351388738,0.13573142912263358,0.23737967024205886
166_english_fake_0166,166,df63f060fc8bc48ff5170190067300d14da1bcdf1088857191d40e924ec66568597c0b4093ac6b361ac07e7f88cb87a5768cdf077ffb613336bb413a78379282,0,english_griffinlim_eval_final/fake_english_griffinlim/english_fake_0166.wav,50,0.42635427516220914,0.42481038452404385,0.1488353403137471,1.0,0.0,0.0,0.42911407278824076,15.244468932873048,0.1381122718426307,0.3113715183737795,0.39914970758576507
188_english_fake_0188,188,deb84f2071c433e699d881d69ca709979161da7ea1de4cab0046ce737b31d9fca1e9d7b5b765082ae872201fbff90905e718bacf89af718feeafbcb3f2f97f99,0,english_griffinlim_eval_final/fake_english_griffinlim/english_fake_0188.wav,50,0.7859859862979405,0.1577706236903965,0.05624339001166305,1.0,0.0,0.0,0.3494908252574276,15.695486943513053,0.03275878859764805,0.13557349305086744,0.23357485731643557
190_english_fake_0190,190,33450eb388de60fa6a9907092ae242b8df433c71557ab6b6908373c3300bd9c11890a52fa8f4ecac0a91ecb4c49edc7acb6e1287396a1f28f5b8f1fc1c66107c,0,english_griffinlim_eval_final/fake_english_griffinlim/english_fake_0190.wav,50,0.5653629014201736,0.29957688578272645,0.13506021279709998,1.0,0.0,0.0,0.18497333455763476,15.895344531794667,0.016483586308490082,0.08074871707399389,0.15502612704793872
192_english_fake_0192,192,97b5754c2b7322d08cc69d621f60a6be00d50a86ef476e6a240529cb2dc06025626beddbcafff75d80ec8871a4b8cae6dd253dfa7009ee443b82423108973e01,0,english_griffinlim_eval_final/fake_english_griffinlim/english_fake_0192.wav,50,0.4827286615957528,0.3628139109870233,0.154457427417224,1.0,0.0,0.0,0.16114923264502656,15.909589413403012,0.015231869494744346,0.07193369426154003,0.13887903175518246
201_english_fake_0201,201,575dd0ea9fe293b4ce19f4526086fcaec5b306d9e3fde20eb37962b673c764936e80c3b0bbb55017e9d5043c80aa2ce6e53d909637133c7a3d9fb1ece1061a4f,0,english_griffinlim_eval_final/fake_english_griffinlim/english_fake_0201.wav,50,0.7193958483872349,0.2105531078641368,0.0700510437486283,1.0,0.0,0.0,0.5910192372964778,15.072057978221435,0.07854277023871839,0.2762487087215108,0.42900637659112284
207_english_fake_0207,207,551d5ea36eb46269c7a7710255ff0cab38e68cd8360ad3d7b3c566e71573c778819d6d1161422130875f138f6caf9bf7e29c972fbf0bf5352ab63029a7dce8f7,0,english_griffinlim_eval_final/fake_english_griffinlim/english_fake_0207.wav,50,0.5957822464328886,0.31355358403545225,0.09066416953165918,1.0,0.0,0.0,0.4334369613030067,15.292141997716163,0.1374562619120031,0.2741212404113713,0.35533952525726137
230_english_fake_0230,230,94796df469d4a3dc6594d9d759a97275d001a4aabd862b04e5bb10bb6d1991c349084f6e5120e28213bab509cfc1a892321b96ac5d0a50d5496385a32abcd94d,0,english_griffinlim_eval_final/fake_english_griffinlim/english_fake_0230.wav,50,0.6931052044920238,0.23312796498378935,0.07376683052418682,1.0,0.0,0.0,0.2582107171157022,15.817207714041043,0.017948433372866387,0.08758288850939794,0.17048198641105397
248_english_fake_0248,248,f39de6abfa4322db64ef4558412eb948a07d1209d7da08ce2a087b143c2976e42727d750025f9705c1dcc43044ddaf807245dee934c56958755c85e18330ee76,0,english_griffinlim_eval_final/fake_english_griffinlim/english_fake_0248.wav,50,0.627429041271885,0.23949974760559345,0.13307121112252154,1.0,0.0,0.0,0.5735306661462103,14.711609709583492,0.2317552704078226,0.4066276747962644,0.5085116107967793
265_english_fake_0265,265,132b6782676f870d070f361565dd2fbdfd514c4b6f4b6f60e2e16faba81c7ba89a087c098f0b489e2fc362f23423babf2db83e5078984ab4c170951c2451a8b4,0,english_griffinlim_eval_final/fake_english_griffinlim/english_fake_0265.wav,50,0.5573063324846227,0.2821678144653633,0.16052585305001396,1.0,0.0,0.0,0.14687107838956504,15.90971168021684,0.015119254029853686,0.07289803123650056,0.1387112465703706
266_english_fake_0266,266,76d8709ad91b316a2e6387adf373ac7ca0b0bacca24ae7b34861b5ed351b20be1626ae72574dea01859dc2cadcdaa90477fad45d97b0f4a88c85e53d8b13fd1f,0,english_griffinlim_eval_final/fake_english_griffinlim/english_fake_0266.wav,50,0.6346685248656074,0.2383255952379111,0.12700587989648157,1.0,0.0,0.0,0.4006739110618267,15.569519818670758,0.04862364780897683,0.18424687771574672,0.3119331163507094
272_english_fake_0272,272,d7c73ae2de660adfdeb61aeb21afd7ac68d69e3651943b502c64697c81d8e01afb2c00e6b295f7015041007dac086776ab9778627a6fa3339e2b8e40c12cc8e6,0,english_griffinlim_eval_final/fake_english_griffinlim/english_fake_0272.wav,50,0.7070433250423662,0.17942823916490455,0.11352843579272934,1.0,0.0,0.0,0.31793297595136405,15.722130036613986,0.042409802517192625,0.15622854331747535,0.2464576069297802
275_english_fake_0275,275,b8f422899ba904a601872eafb38e3a69597acd37b8e25a576e063e372b7e2dfc85ca8975f1c77ad2f133e719ef3b1bf119f71eab8d1bb7422dbf27052d871b4d,0,english_griffinlim_eval_final/fake_english_griffinlim/english_fake_0275.wav,50,0.7016674344957045,0.17642163879359077,0.12191092671070476,1.0,0.0,0.0,0.29303935932755154,15.752622282763134,0.039277706494797365,0.12793059608048998,0.2106679593242689
319_english_fake_0319,319,e6dbbe39377aa0fe2851852b2c695c9c31094c80c9ccd244bac8dfdc8a523b2a114362d4c717bd9d628499fe1d3c11971221be5ec4dadce15c9ff8c5254ae368,0,english_griffinlim_eval_final/fake_english_griffinlim/english_fake_0319.wav,50,0.6953813010823612,0.20064567786682094,0.10397302105081799,1.0,0.0,0.0,0.29478788645870657,15.766572248275018,0.02370588377497895,0.10323898910353616,0.18716616522210375
33_english_fake_0033,33,c41dd22e62ebbf278d1247d7b4cc49e06bad2e5f7c5e11a2b72580e6575d667e87d89dfffc6dd1194e2ff81c0e2583b09932914c94d3ca2bd829e0099b068f65,0,english_griffinlim_eval_final/fake_english_griffinlim/english_fake_0033.wav,50,0.6950316658777042,0.22397502090608665,0.08099331321620906,1.0,0.0,0.0,0.2509683767095716,15.774887825265017,0.05320901618372,0.16278753521448083,0.24012562257235423
330_english_fake_0330,330,8d420f53a26d9d11408386b68b1abba0684eabcf0244129c55b7556955e32d2139c235fcdcd37b0eaf4b0cc7061a0029d4764fc2c221dcf4a38c2faafffdb540,0,english_griffinlim_eval_final/fake_english_griffinlim/english_fake_0330.wav,50,0.7096656475330863,0.20943541242956107,0.0808989400373527,1.0,0.0,0.0,0.2599005716076901,15.814543953289773,0.02164177261205274,0.10080046865375143,0.18787283564369772
351_english_fake_0351,351,e5c4f6ca3b3f072f7d83f84015ff8afab5fb91b7d7b1b724a5045642aa5f9aad4c9c92898891633961279f00304de7fba346d83a5aa040d12d91afbbeff396e7,0,english_griffinlim_eval_final/fake_english_griffinlim/english_fake_0351.wav,50,0.7788001491806641,0.1937408232303173,0.027459027589018588,1.0,0.0,0.0,0.3945970478492482,15.610107471330448,0.028585347821913153,0.12936919826383375,0.23827211731257694
361_english_fake_0361,361,f4c52a7fa71f422af00b4870bad198752cd8a8b01f906ff580165a2cfa1983a539a838a60ff9e9781df46320441f07ec0a791fcb5356a89c101dc655cef68ea1,0,english_griffinlim_eval_final/fake_english_griffinlim/english_fake_0361.wav,50,0.5201608977492946,0.33760850734211884,0.14223059490858667,1.0,0.0,0.0,0.18911231229570746,15.885343689396882,0.020431817333220775,0.09173508003751851,0.16703678608771427
366_english_fake_0366,366,ce36fee6cbee98a2411ceb6595540808f38836d238bd6df6f3bdf9da1d53c8b967a78f091d0bf69cd356b5919f3ad634893fa53bf1471a8b661bd11f77809624,0,english_griffinlim_eval_final/fake_english_griffinlim/english_fake_0366.wav,50,0.8039183494416827,0.13835208259234696,0.05772956796597029,1.0,0.0,0.0,0.20291942221342407,15.872858836848103,0.024986186929931136,0.09042845929258639,0.16395743984138492
369_english_fake_0369,369,36b83dc2895ee7ca3860332467eae1004c2b17adbd25614e15f889989fc897b8c9e5760d973eaad41a0e88bf8bf7846b75184b636cc58a1601a2fe7b3034b84c,0,english_griffinlim_eval_final/fake_english_griffinlim/english_fake_0369.wav,50,0.5020051009857307,0.34872780505002376,0.14926709396424556,1.0,0.0,0.0,0.30112614270354254,15.76577544964574,0.027547048709381797,0.12606237675534718,0.2231772545320385
373_english_fake_0373,373,5768cbb92b87c5172453df7b0076a5c0c6a6c7aa3551e6a9f1fd721a6c582b6560cd57b1cafc691b08180ee69afbf539710f1a52b30bafe0c98f4d74fc37146b,0,english_griffinlim_eval_final/fake_english_griffinlim/english_fake_0373.wav,50,0.6885081805611104,0.19404906793069812,0.11744275150819143,1.0,0.0,0.0,0.2392899718760848,15.80937239261661,0.04813874188766188,0.1240734478757138,0.20089659717076455
386_english_fake_0386,386,cea18d12298f2bbae520713a1cfcf05e63b2b9470dcc0adadabc81e69d8d57a0f3c22c06bc4f280d08b9084d3e16b22b3c5d60f7711c9db8dba0d3f53075a34e,0,english_griffinlim_eval_final/fake_english_griffinlim/english_fake_0386.wav,50,0.5519299280978253,0.3020965160531979,0.1459735558489768,1.0,0.0,0.0,0.36731953314307986,15.661782301403733,0.033787034202667404,0.14488883126400157,0.2528663923964601
40_english_fake_0040,40,d32d90f243364ebcad7ca3e5cc05b554b0f8ced3c210142d11329e5f9cde5a584f72f4e410f2a93f3407093671098a2d89a8fd8d705b06f5749e57841254fedd,0,english_griffinlim_eval_final/fake_english_griffinlim/english_fake_0040.wav,50,0.6061239616817038,0.28165285780517424,0.112223180513122,1.0,0.0,0.0,0.4209729211101778,15.562159888098726,0.03552943384938286,0.1563720304291332,0.27523885519746827
401_english_fake_0401,401,2171e7f5b831cf25bd8dd5db58678b16340b3d7821f3fa45e0710841830a13f56b0a92796790e5e3cc18b20c522b24336afeaba54685d3535a4ce69013ae1291,0,english_griffinlim_eval_final/fake_english_griffinlim/english_fake_0401.wav,50,0.5267896244774435,0.34889375653440785,0.12431661898814869,1.0,0.0,0.0,0.229977229871833,15.843420822824703,0.019765716053359708,0.0912540154308247,0.1746248219445997
412_english_fake_0412,412,59a91e5a9add4b651a12a8922a9aa25f7f78a0654e1dcfb6112d9163608f0535175b1c5ce3bddebdef29392dd94750c1e6b600ec2976aef79f4a755f1f82beb0,0,english_griffinlim_eval_final/fake_english_griffinlim/english_fake_0412.wav,50,0.7642310913440375,0.17446171851937198,0.06130719013659051,1.0,0.0,0.0,0.3450046935037949,15.697027790720282,0.030501887091014226,0.1325603502392427,0.24107738711954052
413_english_fake_0413,413,6f539d306a5507913a18d0829b4764a73a677fd4cfdb6f41017e52e026b7e1984e3466f23e52fc9fc4f521510255429815c0090953855c329512e1417ec80801,0,english_griffinlim_eval_final/fake_english_griffinlim/english_fake_0413.wav,50,0.5966312339500256,0.283267837132322,0.12010092891765242,1.0,0.0,0.0,0.14916024063760758,15.92072760374969,0.01717895646011424,0.0801052031574277,0.14951203304936764
415_english_fake_0415,415,fab4fe7d76806a557d22302117fc50c25fa30abe22679a5aa6b6940f30b12fd47c2c5b4e21f7cc3699132b8dee7c39ec0f9272530ca6e2d311e96bc7e88d40e8,0,english_griffinlim_eval_final/fake_english_griffinlim/english_fake_0415.wav,50,0.7032042647016066,0.1884574900616153,0.1083382452367781,1.0,0.0,0.0,0.28701452794024696,15.732077495735469,0.04417302489699961,0.13493350809869614,0.20518246252806907
427_english_fake_0427,427,959c769d9a0863ebd10e46ba1e1e76b06250e53d5c5baab568fa47e09785ac1298a229d104c41a297faa1d3115cf601810b3b11366da8a2af3b2f450aab3f040,0,english_griffinlim_eval_final/fake_english_griffinlim/english_fake_0427.wav,50,0.7683984919400092,0.12353557621182647,0.10806593184816424,1.0,0.0,0.0,0.31787574494540016,15.719004295313201,0.041957276128417376,0.1492823838451667,0.23512603790238606
441_english_fake_0441,441,6bc01ab25300086ec3cf94e8ca3fb50aac19b413564602dfd674fd1104663f7bd8d1ed480ebbdbe3a672c55950e644594c8f5e5f7b5cbd75d4aa94cabb7081e8,0,english_griffinlim_eval_final/fake_english_griffinlim/english_fake_0441.wav,50,0.7414611956371043,0.19828485293519144,0.06025395142770416,1.0,0.0,0.0,0.2692651121129297,15.776166255538241,0.016387229194345095,0.08053133758634651,0.15768930772601558
479_english_fake_0479,479,863ff359f109c8d4fbd978d4439474bcfe0ab5f2065efa125c935b85f1a7b1cf99540a82b2d32394fa34c2bd093283b12257fa42cc8d8dcd4dc032af79981c7d,0,english_griffinlim_eval_final/fake_english_griffinlim/english_fake_0479.wav,50,0.5311517850091575,0.34595726002774024,0.12289095496310219,1.0,0.0,0.0,0.33681387213995984,15.71751027727067,0.02826672566116247,0.1267839934094779,0.2350537444363501
483_english_fake_0483,483,6ac8b1a295e2a4a5b11a602a368771530cd7b900ee5d8b552946eb8d32c21f4694c786c41ca996b12adb8a1d1e15160f84cb0632d9359cf84c6d99a18745692e,0,english_griffinlim_eval_final/fake_english_griffinlim/english_fake_0483.wav,50,0.6484634861040549,0.23684081353189043,0.11469570036405462,1.0,0.0,0.0,0.32628092910649276,15.729728305874618,0.03653008649181587,0.13580619820705708,0.23410449105269565
497_english_fake_0497,497,79ce8451fea8968eae6f84f6814187a7a9d4a4da089294de5565c6872ff1f951ebdcfb6b74c51cd7c08a2745c89c5ae67c5464dd4c0b22e55b2d4b1d7c0181bf,0,english_griffinlim_eval_final/fake_english_griffinlim/english_fake_0497.wav,50,0.7740757169341304,0.1640759040600923,0.0618483790057773,1.0,0.0,0.0,0.4734696800502227,15.451713213452683,0.03465576171102682,0.16704545316136524,0.3129249831793549
498_english_fake_0498,498,3a3a12ef79a5ae168e17630ddee4bc75ac379e7a4bd0a2c01e9dfef7f09c47891f3ab3c3943a9b3255d4962453f314a139edc4c88d3e71a3128f49ef85947a79,0,english_griffinlim_eval_final/fake_english_griffinlim/english_fake_0498.wav,50,0.6301095973262417,0.26374208336563787,0.1061483193081204,1.0,0.0,0.0,0.1560966902217511,15.9034076334462,0.014593774011688737,0.06838544307928766,0.13381339042022147
533_english_fake_0533,533,3edf4b5a0cbf9980fc696cc1f71c5ea73ff6a7bdfadac46c2965325ece452b575cd5a51551251456d4fbfc3d621d23a13c32b856241bc0d37134acb2327deab3,0,english_griffinlim_eval_final/fake_english_griffinlim/english_fake_0533.wav,50,0.6748573371296582,0.2279196719085484,0.09722299096179338,1.0,0.0,0.0,0.2929352091490167,15.76290613277063,0.0420481683117561,0.12003453606703401,0.20311145286281054
541_english_fake_0541,541,ab84a621f52d398150ac593392424f8d99e265cf69a25aef10d8222187d4da096854b3302504ba3e568d2febed4234eda0d3c85280b58ad5a2c063e82a8d3379,0,english_griffinlim_eval_final/fake_english_griffinlim/english_fake_0541.wav,50,0.6789868301935829,0.23365245667589804,0.08736071313051899,1.0,0.0,0.0,0.3377185341661295,15.711195864038544,0.03364870392305222,0.13924540599914875,0.2365749985177391
60_english_fake_0060,60,e2292237c77b576132df4cdbb79155e854aeff199c96095ab6db95684d8fa140ff1f42fe9cf87b811f15ce8039d6563a304b507926ca4a641d04765a70b79d91,0,english_griffinlim_eval_final/fake_english_griffinlim/english_fake_0060.wav,50,0.5445704794445587,0.2716330162853909,0.18379650427005031,1.0,0.0,0.0,0.4074633453071723,15.583920224902366,0.03819100895394148,0.16584798215786523,0.284048978504358
605_english_fake_0605,605,762536642be71e032d46c7775283ea954494e6a6ec1d016a96f776b6812b2c04125b9f6519054836d3808a767975ae889250695ae20f649da1e64b94557f985e,0,english_griffinlim_eval_final/fake_english_griffinlim/english_fake_0605.wav,50,0.7593764488861603,0.17658773797931535,0.06403581313452428,1.0,0.0,0.0,0.27745466454865064,15.79390503569808,0.024376733470016596,0.10650625457613239,0.18823782965297084
610_english_fake_0610,610,e80b40908fa49afbc617da992c0736d82bbe441589a8e6d390ad0533bc1aca7e5e4dc76629de5433eaf6c9a5b2aa2846308b5fbb909bcba9af2b5cbb41e5a8de,0,english_griffinlim_eval_final/fake_english_griffinlim/english_fake_0610.wav,50,0.5092817130265177,0.264834132161663,0.2258841548118193,1.0,0.0,0.0,0.09834016307344506,15.955435475533344,0.013875093919534742,0.06707869643372535,0.1295822489149841
614_english_fake_0614,614,38750f6fe4575f45443936753f75d6e7875cf624362bd4bc50a7430cd3b69784b783b9f9601d9f1c1d6c6da22d9af4b1523da231ea55a13189c6d5a4923d728c,0,english_griffinlim_eval_final/fake_english_griffinlim/english_fake_0614.wav,50,0.6821135423494622,0.21643469711115645,0.10145176053938121,1.0,0.0,0.0,0.3764490972424501,15.645395468702626,0.0312565747724639,0.14102813768473801,0.2596420286181057
62_english_fake_0062,62,bc6842f7e140397b505f5329aaca34022b3f8e999b01e0436bb66dd3a21a5614f7a4f9d522b37d41ea0018bc8323781a97b055ff458e3bedbb436d5f292c7373,0,english_griffinlim_eval_final/fake_english_griffinlim/english_fake_0062.wav,50,0.7370458632560062,0.16482306464687194,0.09813107209712206,1.0,0.0,0.0,0.29331104520509443,15.777535484616045,0.02305949852294916,0.1077459121487455,0.20237134382210498
636_english_fake_0636,636,9512ce701610c86108d16bfea418d204afa210e7f6c75d42db9a6b51bec07e9eb09bf98ef5aa04b604915b8c111d85fc0ec4470033196a59f34be1b1d6c09030,0,english_griffinlim_eval_final/fake_english_griffinlim/english_fake_0636.wav,50,0.7180006514983092,0.18716482225001535,0.09483452625167547,1.0,0.0,0.0,0.22411189600727388,15.858598992338187,0.023822472179848217,0.09177963697844593,0.16862973527279496
652_english_fake_0652,652,95374f4f0281ce754ec20477f0fb494597129dcbd84a71b9840512f16624ca875a5d182e2d11413d3344e7cfc09432596ca9a53c1de30ea445daae342c2d251f,0,english_griffinlim_eval_final/fake_english_griffinlim/english_fake_0652.wav,50,0.5810815677498778,0.31334677029829017,0.10557166195183204,1.0,0.0,0.0,0.5149178591453503,15.293351075421114,0.05639470079499952,0.24566930883460925,0.40199701904622714
668_english_fake_0668,668,e0e4d1cd7c5b678bc8918882cb0a87cddf2ed32589d5db607900f79fda5e4d390b6200c339fe7e2faef88ced7f65983583c2d47b76247732160108d47083496f,0,english_griffinlim_eval_final/fake_english_griffinlim/english_fake_0668.wav,50,0.5646400192775781,0.3601018598480416,0.0752581208743803,1.0,0.0,0.0,0.4371757673487717,15.52705912890265,0.034200835736641656,0.1558202842462376,0.2861874301638265
679_english_fake_0679,679,7a79ef86945a0ed5e5053d368f18efed75b430b67b8d9b56ed1c4554cf876ed1cb4929c6521da2b4deec0a6411608947dee178aad65656c62cf1f07795ae91f5,0,english_griffinlim_eval_final/fake_english_griffinlim/english_fake_0679.wav,50,0.6173861990420748,0.2826683661991037,0.09994543475882144,1.0,0.0,0.0,0.1628547622070753,15.90893380126007,0.017095548717415688,0.08049761669352536,0.1482324956475692
699_english_fake_0699,699,5eaa49f00193ae8a891fa69e0c5a5ddbaf415ec00f344e11d982c8ec02606e2c4af3b7d9e4dc96fc3f68a296ff841aabea06ee2177d4966adfaeb885a7031ced,0,english_griffinlim_eval_final/fake_english_griffinlim/english_fake_0699.wav,50,0.6010787924637696,0.2268956906242697,0.17202551691196064,1.0,0.0,0.0,0.3545504311492338,15.691067600858643,0.02720283950295942,0.1258919999475079,0.22703081407588183
705_english_fake_0705,705,57c1af95690cc609ae9b624378d71903486561981a9cf056cedb0c0ff39383cafb7f47f61aab8285dcb7e7690a28f45bb5fe18282bf73b8f63b7ac38bbd70cd6,0,english_griffinlim_eval_final/fake_english_griffinlim/english_fake_0705.wav,50,0.6636258192314965,0.21818752204919303,0.11818665871931046,1.0,0.0,0.0,0.23533182076140258,15.854308217758009,0.020047390692926936,0.09156197778126597,0.17239995401113511
72_english_fake_0072,72,e7011a6e1591f49fac676ffa48b33f7d4d89c44cf513e32821e0739db30434d37780a046e0ab31a8c16dee8675d07b384d4244aa1a2ce0a80a2b42e31655cac9,0,english_griffinlim_eval_final/fake_english_griffinlim/english_fake_0072.wav,50,0.5199479053940987,0.3519541802222965,0.12809791438360468,1.0,0.0,0.0,0.32740457847092497,15.698950570908282,0.03852819908085329,0.16631365548760876,0.2802753558700147
725_english_fake_0725,725,261902fd23f83fff961976a161dd750896c8083c6e43fd7ea0913fe63fcd4ecb3acf6e2803cc583385eccd92760f88605cf5ffa62e91574a379fe32fe8950ae6,0,english_griffinlim_eval_final/fake_english_griffinlim/english_fake_0725.wav,50,0.6625100076029508,0.22426194726518964,0.11322804513185965,1.0,0.0,0.0,0.26472929190664907,15.818677592111095,0.02379563743114443,0.1040596390150155,0.18936076330619944
726_english_fake_0726,726,9a91a00fa1c8844d761e0bbb191f87d023185b5eaa08a6bc2f4030e7f2604c4f84ecc8725e7a47df26158f1414a2b868368eba0dca8545c3afcb74dfb6d20400,0,english_griffinlim_eval_final/fake_english_griffinlim/english_fake_0726.wav,50,0.7954144359471781,0.13880133732161593,0.06578422673120607,1.0,0.0,0.0,0.29283566181603504,15.761184968886319,0.026408622337352555,0.10366619376880334,0.18610598644773943
76_english_fake_0076,76,56ef6218bdd27655fae9f85f0a18b0cc608586fd0a9709f20dd5f6a4b3ad55d078fa858ae7858359709a699813eaad85527749d9d03639f00fcd2251ef60af96,0,english_griffinlim_eval_final/fake_english_griffinlim/english_fake_0076.wav,50,0.6795483131092942,0.2066667058837017,0.11378498100700418,1.0,0.0,0.0,0.38830291465205913,15.582229708240284,0.0704954407348801,0.1781373816261206,0.28760992098692245
772_english_fake_0772,772,0a418a5678721353da80d2ca2abb89df1cf6da912135762ff0b046ee50725ade5564d71329e2bac85ce57069b17818d51b24b7db84f0440758860882d5af9c48,0,english_griffinlim_eval_final/fake_english_griffinlim/english_fake_0772.wav,50,0.4579892716756791,0.4225890122648344,0.11942171605948632,1.0,0.0,0.0,0.1849178178618054,15.89382316871042,0.021239541174400658,0.09396548555648258,0.17253938941147018
777_english_fake_0777,777,444d0fa7d140a61fbb031de7af88504ded7c0998fa41e015ce8afdbbf6f7e91c03cd2b9a14b7cf50cc1b270d59f1b76cbe4618b10a3a6e09f90280124cbd1655,0,english_griffinlim_eval_final/fake_english_griffinlim/english_fake_0777.wav,50,0.5263721053969332,0.30589029825912006,0.16773759634394667,1.0,0.0,0.0,0.2537262669846949,15.814211740578637,0.03845836773432456,0.11534914552034327,0.19487812670738464
782_english_fake_0782,782,b15afb2e48dfae2b0ab41a1438127545dc8a674a77c00454a5af7375916d4b259113180dd5a41012dff51cf00b1ce09f2d2957278e105d3091ae1522ce487503,0,english_griffinlim_eval_final/fake_english_griffinlim/english_fake_0782.wav,50,0.5753410408606741,0.33828466786638123,0.08637429127294459,1.0,0.0,0.0,0.30404002354385007,15.763355765662451,0.02584148778419635,0.10746147890061072,0.1981788393350593
797_english_fake_0797,797,782ec7b338418a4966cc49ae09265d258705091874fb4d3a7fc76c9541738a997af0f51e9ef6045dc01874a060b482c7adfbfff2a51b50fa8d03764248956d48,0,english_griffinlim_eval_final/fake_english_griffinlim/english_fake_0797.wav,50,0.6299743146932542,0.2794164034457411,0.09060928186100482,1.0,0.0,0.0,0.30082359935054015,15.763539762893933,0.03273197124176006,0.12286164122463232,0.21246905085084522
802_english_fake_0802,802,827ec12d835b8a4dd847f01b6f1b936b964f5994a2cdc1fb37228228d53dfa26b5f5364ec2153df9348ba174f2e435ce0918f8b71df41fed09e3fd0d7eec39ef,0,english_griffinlim_eval_final/fake_english_griffinlim/english_fake_0802.wav,50,0.5608890965801138,0.3136478473662643,0.12546305605362193,1.0,0.0,0.0,0.2579975365706766,15.830714565892116,0.021808237406868186,0.10329292754591322,0.19290645334795983
83_english_fake_0083,83,18b951dc2813f5814ff2517741eea11223b24b0d981c48d278682c713cf69dba191e3fabec0c27a7840be61854d3384d1aa88af7ec9fd6e59d08e23ee7ba26d6,0,english_griffinlim_eval_final/fake_english_griffinlim/english_fake_0083.wav,50,0.4700745566533707,0.3858997369126526,0.1440257064339767,1.0,0.0,0.0,0.14162065165755933,15.929439996495395,0.01712165911562927,0.07907620488157845,0.15060939159552317
830_english_fake_0830,830,f0ea206776edd98e6ab41801393839be2d3a3508647336452079b21ddc3ed6eafddd8489e7a79cf149c48136862b49b77c412f7721653750f051aa12c2858e0b,0,english_griffinlim_eval_final/fake_english_griffinlim/english_fake_0830.wav,50,0.5567589268145274,0.30586429882779886,0.13737677435767362,1.0,0.0,0.0,0.126770785801813,15.93005253718212,0.018631181432036754,0.0783178109253448,0.14377176392545574
836_english_fake_0836,836,9489088a420426808becec14c5f401ed90743aab43f0ea3a7103e44a9a49dbe34a988a64a728e2a0a1211acd83899a91998b77dfdba504b2154a6900315ffa62,0,english_griffinlim_eval_final/fake_english_griffinlim/english_fake_0836.wav,50,0.548240783820351,0.3480482271103754,0.10371098906927365,1.0,0.0,0.0,0.28975730516857245,15.772345395221835,0.02102449363882673,0.09936027996202777,0.18610055781062895
839_english_fake_0839,839,f138d75a743543591fb23c61bbb2cfc4a204866aa791fdddc2a868be75a3f5851013ee0e9036241396a08fce890ff0911b3218224b0b11dc917eb7b4fa2e8cec,0,english_griffinlim_eval_final/fake_english_griffinlim/english_fake_0839.wav,50,0.5810224224340242,0.29177090782183923,0.12720666974413664,1.0,0.0,0.0,0.3259334845027604,15.719436311988293,0.03438249266174666,0.1395565586948256,0.2372537218339641
841_english_fake_0841,841,fe47f7429a8b74dac1af555a066bf3631aca9f68332f0c9a863bfb2a3b1a591005ed8546e708f9cbbc02aad144afb89da53d5115b656368d8ec2a02e7c745493,0,english_griffinlim_eval_final/fake_english_griffinlim/english_fake_0841.wav,50,0.6380657802010197,0.2521887836897544,0.109745436109226,1.0,0.0,0.0,0.36451017799754193,15.650556305729879,0.037919885344285004,0.16349199596710412,0.28199438814767924
843_english_fake_0843,843,8e05a9762bba8885d665f8ab67084a8adc8c1690725914992dcf9f84a1f11352da18624b6bad7d77301c9ae6a69e3dbf0a68e91086fd32a256cce450e2233db5,0,english_griffinlim_eval_final/fake_english_griffinlim/english_fake_0843.wav,50,0.6567123106759355,0.2465924265577417,0.09669526276632283,1.0,0.0,0.0,0.3893430879989068,15.61152917426232,0.041336746629229495,0.17074620715816446,0.2896960223038206
854_english_fake_0854,854,4779be1c6beb90f5a6341ef5655c2c3a670a764c9c067600de821c89d5f452973f1853d1ad04425d6e465ba18791014dcd03298bbd7ef48b18af21743ab0bd9e,0,english_griffinlim_eval_final/fake_english_griffinlim/english_fake_0854.wav,50,0.7021215830772279,0.20675752450553792,0.0911208924172341,1.0,0.0,0.0,0.36239941048368873,15.64561320286581,0.05801793424190953,0.15982933356341036,0.2620624569484306
857_english_fake_0857,857,53f3a1ababf2543e3f79739434893c64e1f5bb3e94c1f3e8d053ed7650183182a922f2959399ac2ac3827c824b225074ed237b465bdbc65c79edc92fe8e6ee61,0,english_griffinlim_eval_final/fake_english_griffinlim/english_fake_0857.wav,50,0.6842169554591586,0.18938103350439642,0.12640201103644488,1.0,0.0,0.0,0.4640497558118941,15.439625533785552,0.059405512413756995,0.21634344148728826,0.3426719934867083
865_english_fake_0865,865,8d0e1eb79f6b76705cc5af2590b6b1d85297a3666be5be7420f6ee5d3db8f81b0df4097cdf6e9ee75ac8436aef1eb3352e5dbecbb127cdefb441d5aa376b56f5,0,english_griffinlim_eval_final/fake_english_griffinlim/english_fake_0865.wav,50,0.6414953501761486,0.24264828722676204,0.11585636259708933,1.0,0.0,0.0,0.1477423184108415,15.9037956369578,0.015667982995614095,0.07455617769502812,0.14129787190903867
867_english_fake_0867,867,141d2fb979ebab495f92c338e4ca2fcc5a9d7b10f19be3047972ea5a0656809b99460f8afa0f5b12848e69becfe6185ae8f44f773289568ba1745fdbbdffaa82,0,english_griffinlim_eval_final/fake_english_griffinlim/english_fake_0867.wav,50,0.6426668320431934,0.23535852146212538,0.12197464649468122,1.0,0.0,0.0,0.4214270987955524,15.563873070744325,0.040856940331451874,0.1610075209414323,0.2847588506070919
879_english_fake_0879,879,d83fdccca9769420abdaed1f3ae86ae7d925c3a43a17770c3b931613a03e8d6ed32a7aaa07163dd79016b8be140611cba54c7d296beac05b58ad3f6c00c05a44,0,english_griffinlim_eval_final/fake_english_griffinlim/english_fake_0879.wav,50,0.5595584575037532,0.3216228354156228,0.11881870708062392,1.0,0.0,0.0,0.26771968764185705,15.80028073536294,0.030283200953576537,0.1254722401418032,0.22430729881995237
883_english_fake_0883,883,dc7a6852f48d22de3cbcd76a7d2deeeec6198b4460fd6a6400b465b60c87bae9fa62e64609548d33496d04f34d0b0a99fa64977b866ddbc189994f779ae01608,0,english_griffinlim_eval_final/fake_english_griffinlim/english_fake_0883.wav,50,0.5889684700573341,0.2741596827136338,0.1368718472290321,1.0,0.0,0.0,0.1919091373934645,15.852772467630205,0.018304558276044658,0.07757214665175054,0.14524817852874575
884_english_fake_0884,884,82557ed50b74bac49d5fb53a88f1e68cce75de29a91d98c3cf2d1af73ac1a4a05b8bf92c984a37192e63b7209242b64dac903c3c69101cbe7d196047a60cf886,0,english_griffinlim_eval_final/fake_english_griffinlim/english_fake_0884.wav,50,0.6940122544575589,0.21371927184280606,0.09226847369963509,1.0,0.0,0.0,0.26250438908647267,15.817713892241613,0.02074870098877487,0.09430037512006427,0.17971320833807347
888_english_fake_0888,888,76c9f8a8f018cb1a1837f237862266e5e4558b176f18afa1692f9061136d7ed1220f71b4dc61d1afd073d6632d2cb497c30d8222c299c6a65184c32128c535a7,0,english_griffinlim_eval_final/fake_english_griffinlim/english_fake_0888.wav,50,0.5775443646423836,0.2552430394042761,0.16721259595334015,1.0,0.0,0.0,0.2171709344515531,15.868529133167778,0.025001671615259617,0.10307032338010438,0.17922100718889117
897_english_fake_0897,897,d1813b3a39bbd5d6f35e04e8e2151930a40e56cefcc57eb71351d6cde06a360b99e6c7791989ff337b308103b8dd7f2f705c01f88506ec4146042276b5a122ce,0,english_griffinlim_eval_final/fake_english_griffinlim/english_fake_0897.wav,50,0.6238626658517751,0.2582926347152827,0.11784469943294225,1.0,0.0,0.0,0.18711551616456967,15.897081390821153,0.024211288893698196,0.097221815046229,0.17151451725117145
902_english_fake_0902,902,159b58b5b8c0be4886690fdb1021843612807181e092f8c4e248190b8fb4e3a300bbdeddc8b9eebf043f129da38256409213f78bdf4cca33e4650a9eaf5d8526,0,english_griffinlim_eval_final/fake_english_griffinlim/english_fake_0902.wav,50,0.5746116355621016,0.2180292730087632,0.20735909142913522,1.0,0.0,0.0,0.23042621625984805,15.854352553226748,0.020774822223625426,0.09447514262565537,0.17654095970747619
907_english_fake_0907,907,e873e7a2b27ce654de6921916a75fd32f3addbe2f0d3debde9c8ac68a0fc624e039368043edd2f2dd5ae19f5e311c3a228d1cad655c55713d88366f7026ed09a,0,english_griffinlim_eval_final/fake_english_griffinlim/english_fake_0907.wav,50,0.6677542640540776,0.22783108474970742,0.10441465119621503,1.0,0.0,0.0,0.4818082478574428,15.17781947926833,0.16051876680053997,0.3011004519271886,0.39484691658212245
916_english_fake_0916,916,0f18104e03d5e581438478e9674a659629658c17a3e794bcc28993da355930aca6d790aff81d0d7ab22de74f548b9e8961dc2d5ecb81f3bf3e19910e4501a480,0,english_griffinlim_eval_final/fake_english_griffinlim/english_fake_0916.wav,50,0.6258040868350719,0.2771609820490152,0.09703493111591285,1.0,0.0,0.0,0.1735458409414703,15.906688209085988,0.019731082504678855,0.07937047508962461,0.14985482669892528
937_english_fake_0937,937,15f4b2d89fd6ef677ad0cf16118393247db64e892060c2b238c09fa625e31ed5d5c4b4e05b0de21c6fc2202db2a2ebf567b2fd032758dbfbeb9897aecb2ab555,0,english_griffinlim_eval_final/fake_english_griffinlim/english_fake_0937.wav,50,0.6913144293977763,0.2273688742223884,0.08131669637983516,1.0,0.0,0.0,0.3446443695431507,15.678785561220444,0.044435813687607274,0.13052446794651895,0.22134576306901949
948_english_fake_0948,948,aa9941b68c0d09069571c0105e601b61631c79ef1c9e1fa6bc2a7b15bbb7e1cbae92efee9449f68e4aaa4219b3b897e0382b39a5fc689c6b7bcf60bcf776dd22,0,english_griffinlim_eval_final/fake_english_griffinlim/english_fake_0948.wav,50,0.5044031768830679,0.35463126906212994,0.1409655540548021,1.0,0.0,0.0,0.2354892750985802,15.831800134163135,0.024901470236872635,0.10953985777357916,0.18908156804696655
961_english_fake_0961,961,cc7cc15dbf1966fe301042b960b06893a68fd036d88915f4267b56d3d1dbd2c4aff1078274af41f50a01168b66f71b1ef9b9b12a6a64747dd70329071684590d,0,english_griffinlim_eval_final/fake_english_griffinlim/english_fake_0961.wav,50,0.7146638427113242,0.20111412185618777,0.08422203543248807,1.0,0.0,0.0,0.3294737738875668,15.73167923402827,0.023427248592631327,0.1115097234369213,0.21684193413292216
966_english_fake_0966,966,39c7f4a092c239dd28b5af1f5d2478b19641bae496c30909b4d3eaa73bdcb6e1ccfa348210a57be42889112d2eb3f99efc3d142574f6bb9174ce2be1c3781066,0,english_griffinlim_eval_final/fake_english_griffinlim/english_fake_0966.wav,50,0.7510472947491988,0.19552250488473236,0.05343020036606896,1.0,0.0,0.0,0.3340442909714656,15.691929982509313,0.04087330066822488,0.1640904680961855,0.2615584739760466
99_english_fake_0099,99,ab72e9ab22713aec03a3189202a0713e56016ea07569b3041fcd65d77c9eb3f8c692f7ccaec75c16bbc62476d528f434d829193994cf07fcde9e3b1e4a2fa93a,0,english_griffinlim_eval_final/fake_english_griffinlim/english_fake_0099.wav,50,0.541395121295238,0.3808573516797115,0.0777475270250504,1.0,0.0,0.0,0.3330649637395209,15.713208759004774,0.044078422569381846,0.1355398903182346,0.23066372794958592
994_english_fake_0994,994,c948b5166ffa7f0a17b7d067f7f99418cfe1cf101ee9b845047cdcb43911af6bc2c5f775f5099e60052e8edf9d59a2a0fdd906095c9ea0f02c8af763b2088235,0,english_griffinlim_eval_final/fake_english_griffinlim/english_fake_0994.wav,50,0.4030724715103888,0.4483946973839498,0.1485328311056614,1.0,0.0,0.0,0.20703525980711346,15.869605048572264,0.017598261885630902,0.08368691740847328,0.159614643329066
