window_ms,comparison,feature,mean_a,mean_b,mean_difference_b_minus_a,ci_lo,ci_hi,p_value,effect_size,test,bootstrap_unit,q_value_bh,is_primary_window
20,cross_language_fake,low_frac,0.6324814063331615,0.3871802030614543,-0.24530120327170724,-0.2828490538375777,-0.2055865693702511,9.76990740400989e-22,-1.759281432598099,Mann-Whitney U + cluster bootstrap,speaker,4.8849537020049456e-21,True
20,cross_language_fake,mid_frac,0.2525759186046352,0.33139551408074797,0.07881959547611278,0.05710134077842374,0.10009513013194106,3.5224962679447203e-13,1.013180062099256,Mann-Whitney U + cluster bootstrap,speaker,1.1741654226482401e-12,True
20,cross_language_fake,high_frac,0.11494267506220321,0.28142428285779775,0.16648160779559454,0.14373838526350494,0.1872573061630219,2.7624242977599915e-23,2.23212098003885,Mann-Whitney U + cluster bootstrap,speaker,2.7624242977599917e-22,True
20,cross_language_fake,speech_frac,0.999699736237526,0.9856197887659073,-0.01407994747161867,-0.02660925158939759,-0.003834602365399895,0.04664987253669902,-0.32777548272667884,Mann-Whitney U + cluster bootstrap,speaker,0.04664987253669902,True
20,cross_language_fake,silence_frac,0.00030026362277567385,0.014380213133990764,0.01407994951121509,0.004186142156711177,0.027231313081702624,0.04664987253669902,0.327775510155825,Mann-Whitney U + cluster bootstrap,speaker,0.04664987253669902,True
20,cross_language_fake,gini,0.2911484418630202,0.2396722483652469,-0.0514761934977733,-0.08536879056854324,-0.017300128151077905,0.004645119612839742,-0.4540806192352443,Mann-Whitney U + cluster bootstrap,speaker,0.005806399516049677,True
20,cross_language_fake,entropy,15.710842770124223,15.798579343092609,0.08773657296838522,0.03385199968262552,0.14820986138256645,0.0032242762024707666,0.42870999834841206,Mann-Whitney U + cluster bootstrap,speaker,0.004606108860672524,True
20,cross_language_fake,topk_1pct,0.045165811582248555,0.028361733849301865,-0.01680407773294669,-0.026457329723869785,-0.007331149755154112,0.0002758486750535368,-0.4887518615610542,Mann-Whitney U + cluster bootstrap,speaker,0.0006896216876338421,True
20,cross_language_fake,topk_5pct,0.13601164460391055,0.10725875833906696,-0.028752886264843583,-0.043570645268233114,-0.01384246529514683,0.0003939026272912047,-0.530788577713292,Mann-Whitney U + cluster bootstrap,speaker,0.0007878052545824094,True
20,cross_language_fake,topk_10pct,0.22515697159233533,0.18950079646167747,-0.03565617513065786,-0.055176701396206146,-0.014874206246211037,0.00048676159936397956,-0.5198331987814442,Mann-Whitney U + cluster bootstrap,speaker,0.0008112693322732994,True
20,cross_language_real,low_frac,0.7804111916440972,0.8307221101648103,0.05031091852071312,0.024223547754707534,0.0761786010053074,0.0002532261786076707,0.5719435913889974,Mann-Whitney U + cluster bootstrap,speaker,0.0012661308930383536,True
20,cross_language_real,mid_frac,0.14834765489106114,0.12458272498704574,-0.023764929904015394,-0.046554704966638584,-0.001325184426581632,0.11989439052971619,-0.315966956873957,Mann-Whitney U + cluster bootstrap,speaker,0.13321598947746244,True
20,cross_language_real,high_frac,0.07124115346484168,0.04469516484814376,-0.02654598861669792,-0.04193948372330022,-0.010034639656979427,4.281321928286185e-06,-0.5436577880883834,Mann-Whitney U + cluster bootstrap,speaker,4.281321928286185e-05,True
20,cross_language_real,speech_frac,0.9635305988788605,0.9473550945520401,-0.016175504326820356,-0.032043663972404074,-0.0012543363450612853,0.012133025184063928,-0.31566490045708945,Mann-Whitney U + cluster bootstrap,speaker,0.020221708640106546,True
20,cross_language_real,silence_frac,0.0364694084628718,0.05264490442350507,0.016175495960633272,0.0009101623511360192,0.03289277001422674,0.012133025184063928,0.31566473606848566,Mann-Whitney U + cluster bootstrap,speaker,0.020221708640106546,True
20,cross_language_real,gini,0.44705940780356146,0.38950350425340297,-0.057555903550158494,-0.0940341605232018,-0.019893707448535195,0.004436594112820755,-0.450716231491462,Mann-Whitney U + cluster bootstrap,speaker,0.011091485282051887,True
20,cross_language_real,entropy,15.384860277306734,15.539089251904167,0.15422897459743368,0.051188723162513654,0.24864977245826997,0.003488298571368761,0.44746065836502047,Mann-Whitney U + cluster bootstrap,speaker,0.011091485282051887,True
20,cross_language_real,topk_1pct,0.03723638823053277,0.034029885600727006,-0.003206502629805763,-0.007216473425003232,0.0007027888840795889,0.25639453465156925,-0.22411140278434888,Mann-Whitney U + cluster bootstrap,speaker,0.25639453465156925,True
20,cross_language_real,topk_5pct,0.15343218394263017,0.13716464851689844,-0.016267535425731727,-0.0304864826513151,-0.0018832729247187034,0.06815361365573322,-0.3217658557550758,Mann-Whitney U + cluster bootstrap,speaker,0.08519201706966653,True
20,cross_language_real,topk_10pct,0.2701322603064581,0.24138114938592378,-0.028751110920534312,-0.05066204945683191,-0.007228754136961096,0.033422573730036965,-0.36794152167376665,Mann-Whitney U + cluster bootstrap,speaker,0.047746533900052804,True
20,english_fake_minus_real,low_frac,0.7804111916440972,0.6324814063331615,-0.14792978531093554,-0.16474918594463123,-0.13138399615003327,7.55704804907942e-18,-1.7062755849910274,Wilcoxon signed-rank + pair bootstrap,pair,5.93764632407352e-17,True
20,english_fake_minus_real,mid_frac,0.14834765489106114,0.2525759186046352,0.104228263713574,0.0906974272237376,0.11703555707493547,8.248184779150681e-17,1.5227940855641178,Wilcoxon signed-rank + pair bootstrap,pair,2.0620461947876702e-16,True
20,english_fake_minus_real,high_frac,0.07124115346484168,0.11494267506220321,0.04370152159736157,0.036952368805372934,0.05100723123293472,5.191257998789323e-15,1.1979329967882273,Wilcoxon signed-rank + pair bootstrap,pair,1.0382515997578646e-14,True
20,english_fake_minus_real,speech_frac,0.9635305988788605,0.999699736237526,0.03616913735866547,0.027315017551183707,0.04635375802218913,1.781293897222056e-17,0.7604337230259717,Wilcoxon signed-rank + pair bootstrap,pair,5.93764632407352e-17,True
20,english_fake_minus_real,silence_frac,0.0364694084628718,0.00030026362277567385,-0.036169144840096125,-0.046398666183134984,-0.027406583012108972,1.781293897222056e-17,-0.7604339517479742,Wilcoxon signed-rank + pair bootstrap,pair,5.93764632407352e-17,True
20,english_fake_minus_real,gini,0.44705940780356146,0.2911484418630202,-0.15591096594054116,-0.19200327792698282,-0.11941808634564856,2.5519374341677256e-11,-0.8153356585709904,Wilcoxon signed-rank + pair bootstrap,pair,4.253229056946209e-11,True
20,english_fake_minus_real,entropy,15.384860277306734,15.710842770124223,0.3259824928174907,0.22780329662610058,0.42042877522090466,3.4211636510736907e-10,0.65274879149696,Wilcoxon signed-rank + pair bootstrap,pair,4.887376644390987e-10,True
20,english_fake_minus_real,topk_1pct,0.03723638823053277,0.045165811582248555,0.007929423351715778,-0.0009826008975402567,0.017809975079541365,0.5202456779483677,0.16287329704340486,Wilcoxon signed-rank + pair bootstrap,pair,0.5202456779483677,True
20,english_fake_minus_real,topk_5pct,0.15343218394263017,0.13601164460391055,-0.017420539338719596,-0.03547169664938269,-0.0004673797253488907,0.0070980586409156495,-0.19450898633545147,Wilcoxon signed-rank + pair bootstrap,pair,0.007886731823239611,True
20,english_fake_minus_real,topk_10pct,0.2701322603064581,0.22515697159233533,-0.04497528871412275,-0.0688702522130097,-0.02160964452940343,8.616690808849393e-05,-0.3655821312889257,Wilcoxon signed-rank + pair bootstrap,pair,0.00010770863511061741,True
20,hindi_fake_minus_real,low_frac,0.8307221101648103,0.3871802030614543,-0.4435419071033564,-0.4764245304286795,-0.40634332175012067,1.1485179010089616e-17,-2.4582904049352456,Wilcoxon signed-rank + pair bootstrap,pair,5.310690665552705e-17,True
20,hindi_fake_minus_real,mid_frac,0.12458272498704574,0.33139551408074797,0.20681278909370218,0.18903861149306217,0.22384545953429688,1.5932071996658114e-17,2.2217707764676033,Wilcoxon signed-rank + pair bootstrap,pair,5.310690665552705e-17,True
20,hindi_fake_minus_real,high_frac,0.04469516484814376,0.28142428285779775,0.23672911800965404,0.21706330846340977,0.25579379746798553,4.139373908714419e-18,2.4030888625526257,Wilcoxon signed-rank + pair bootstrap,pair,4.139373908714419e-17,True
20,hindi_fake_minus_real,speech_frac,0.9473550945520401,0.9856197887659073,0.03826469421386719,0.026872648209333425,0.04900830882787704,7.665303469903222e-12,0.6790066521584028,Wilcoxon signed-rank + pair bootstrap,pair,1.0950433528433173e-11,True
20,hindi_fake_minus_real,silence_frac,0.05264490442350507,0.014380213133990764,-0.038264691289514305,-0.0494085864713561,-0.026966962763370253,7.665303469903222e-12,-0.6790066295246048,Wilcoxon signed-rank + pair bootstrap,pair,1.0950433528433173e-11,True
20,hindi_fake_minus_real,gini,0.38950350425340297,0.2396722483652469,-0.14983125588815607,-0.1823370163309232,-0.1181236781479964,1.1003587472747208e-12,-0.8994862837060433,Wilcoxon signed-rank + pair bootstrap,pair,2.2007174945494417e-12,True
20,hindi_fake_minus_real,entropy,15.539089251904167,15.798579343092609,0.25949009118844274,0.20098112776181049,0.3219945830328613,9.958027138296739e-13,0.8031571875992052,Wilcoxon signed-rank + pair bootstrap,pair,2.2007174945494417e-12,True
20,hindi_fake_minus_real,topk_1pct,0.034029885600727006,0.028361733849301865,-0.005668151751425135,-0.009924136940904242,-0.001314089620278301,0.0004191532414062229,-0.25278039998541457,Wilcoxon signed-rank + pair bootstrap,pair,0.00041915324140622283,True
20,hindi_fake_minus_real,topk_5pct,0.13716464851689844,0.10725875833906696,-0.02990589017783147,-0.0417104529228626,-0.018068955300519343,1.5338204689520703e-06,-0.5059784949211993,Wilcoxon signed-rank + pair bootstrap,pair,1.7042449655023002e-06,True
20,hindi_fake_minus_real,topk_10pct,0.24138114938592378,0.18950079646167747,-0.05188035292424626,-0.06815339046916419,-0.03418782934236818,6.60460342547236e-08,-0.5984643797928505,Wilcoxon signed-rank + pair bootstrap,pair,8.25575428184045e-08,True
50,cross_language_fake,low_frac,0.6386158598744206,0.3908116233434146,-0.24780423653100597,-0.28668347587469445,-0.206117748710521,1.2669060915642081e-21,-1.7563692048158168,Mann-Whitney U + cluster bootstrap,speaker,6.334530457821041e-21,False
50,cross_language_fake,mid_frac,0.2484608971025805,0.3293490646649998,0.08088816756241929,0.05892425242060695,0.10244363421829468,2.833786323276718e-13,1.024242288348975,Mann-Whitney U + cluster bootstrap,speaker,9.445954410922394e-13,False
50,cross_language_fake,high_frac,0.11292324302299889,0.27983931199158557,0.16691606896858668,0.1432691120609465,0.18783487739852311,2.0571379515938582e-23,2.217172848545469,Mann-Whitney U + cluster bootstrap,speaker,2.057137951593858e-22,False
50,cross_language_fake,speech_frac,0.9998047256469726,0.9866652202606201,-0.013139505386352557,-0.024987953037926683,-0.0035246820262613138,0.04664987253669902,-0.33143277342903826,Mann-Whitney U + cluster bootstrap,speaker,0.051833191707443355,False
50,cross_language_fake,silence_frac,0.0001952740177512169,0.013334780782461166,0.013139506764709949,0.003703280860311626,0.02581582653107072,0.04664987253669902,0.33143279578281143,Mann-Whitney U + cluster bootstrap,speaker,0.051833191707443355,False
50,cross_language_fake,gini,0.2937437664480151,0.2571191576537046,-0.03662460879431051,-0.07022437516087059,-0.0016020370436533688,0.05282048041994793,-0.32406001778257815,Mann-Whitney U + cluster bootstrap,speaker,0.05282048041994793,False
50,cross_language_fake,entropy,15.724000842043916,15.784877077284845,0.06087623524092933,0.006867968638640057,0.11395252901961074,0.03403642833060367,0.332274268376591,Mann-Whitney U + cluster bootstrap,speaker,0.048623469043719524,False
50,cross_language_fake,topk_1pct,0.035476569912088605,0.024163659999529043,-0.011312909912559562,-0.01868426512825604,-0.005537601448435975,7.903922805343696e-05,-0.48457516423295427,Mann-Whitney U + cluster bootstrap,speaker,0.0001975980701335924,False
50,cross_language_fake,topk_5pct,0.12912049958420183,0.10500739829993117,-0.02411310128427066,-0.03799788340909858,-0.010385242857851225,0.0009022926646460393,-0.4839671576538997,Mann-Whitney U + cluster bootstrap,speaker,0.0018045853292920785,False
50,cross_language_fake,topk_10pct,0.2212665061678232,0.1909836483402715,-0.03028285782755169,-0.04820678597403165,-0.011100230854047244,0.002558263037242641,-0.44612397147702326,Mann-Whitney U + cluster bootstrap,speaker,0.0042637717287377355,False
50,cross_language_real,low_frac,0.7960443944625173,0.8443643268404786,0.04831993237796128,0.02290494361163629,0.07301321106259125,0.0002345894866952139,0.5780761137143817,Mann-Whitney U + cluster bootstrap,speaker,0.0011729474334760694,False
50,cross_language_real,mid_frac,0.1407835910559957,0.11628186651440794,-0.02450172454158775,-0.04530087258533369,-0.004885123151003242,0.0978442027337184,-0.33941597512409954,Mann-Whitney U + cluster bootstrap,speaker,0.0978442027337184,False
50,cross_language_real,high_frac,0.06317201448148708,0.03935380664511325,-0.023818207836373832,-0.03785676116461859,-0.009705037877003763,1.7700603974064323e-06,-0.5568537189923395,Mann-Whitney U + cluster bootstrap,speaker,1.770060397406432e-05,False
50,cross_language_real,speech_frac,0.9688487696647644,0.9532987999916077,-0.015549969673156694,-0.031699497366121085,-0.00010287433508699173,0.022985493475471335,-0.3065008944451097,Mann-Whitney U + cluster bootstrap,speaker,0.038309155792452226,False
50,cross_language_real,silence_frac,0.03115123171435698,0.04670120379465516,0.015549972080298177,0.0004892601386771376,0.03148645578570683,0.022985493475471335,0.3065009807476682,Mann-Whitney U + cluster bootstrap,speaker,0.038309155792452226,False
50,cross_language_real,gini,0.42311182785896745,0.3717703273959836,-0.05134150046298386,-0.08837102231940787,-0.014020983510945006,0.011088329679099004,-0.39889279059320637,Mann-Whitney U + cluster bootstrap,speaker,0.036252154842969134,False
50,cross_language_real,entropy,15.427019050186413,15.555736990288533,0.12871794010212056,0.030803406881387465,0.22652540497547838,0.014500861937187654,0.37263992153325604,Mann-Whitney U + cluster bootstrap,speaker,0.036252154842969134,False
50,cross_language_real,topk_1pct,0.02854157821489369,0.027118756654882628,-0.001422821560011063,-0.004746261391114827,0.002207869992526794,0.07116193530896825,-0.11595401546342933,Mann-Whitney U + cluster bootstrap,speaker,0.07906881700996472,False
50,cross_language_real,topk_5pct,0.12909513784785287,0.11886498689241104,-0.01023015095544183,-0.02196420477911737,0.0017400860821098019,0.05282048041994793,-0.23598812569622857,Mann-Whitney U + cluster bootstrap,speaker,0.0660256005249349,False
50,cross_language_real,topk_10pct,0.2398143080975945,0.21813870391116214,-0.021675604186432357,-0.04240794779420205,-0.0022152014220960976,0.03222323870058329,-0.2994208212844102,Mann-Whitney U + cluster bootstrap,speaker,0.04603319814369041,False
50,english_fake_minus_real,low_frac,0.7960443944625173,0.6386158598744206,-0.1574285345880967,-0.17304318401358074,-0.14217864789746892,5.112831740936498e-18,-1.9784622692700715,Wilcoxon signed-rank + pair bootstrap,pair,4.682617199456916e-17,False
50,english_fake_minus_real,mid_frac,0.1407835910559957,0.2484608971025805,0.10767730604658489,0.0955435324103936,0.11982086589064038,2.3413085997284582e-17,1.7254773596189288,Wilcoxon signed-rank + pair bootstrap,pair,4.682617199456916e-17,False
50,english_fake_minus_real,high_frac,0.06317201448148708,0.11292324302299889,0.04975122854151181,0.04411713085004515,0.055852135332862936,1.903450784800175e-17,1.626474865723186,Wilcoxon signed-rank + pair bootstrap,pair,4.682617199456916e-17,False
50,english_fake_minus_real,speech_frac,0.9688487696647644,0.9998047256469726,0.030955955982208253,0.023315267994999885,0.03991081918776035,1.781293897222056e-17,0.7227390787804856,Wilcoxon signed-rank + pair bootstrap,pair,4.682617199456916e-17,False
50,english_fake_minus_real,silence_frac,0.03115123171435698,0.0001952740177512169,-0.030955957696605765,-0.0397335111433149,-0.022916608665094828,1.781293897222056e-17,-0.722739224353036,Wilcoxon signed-rank + pair bootstrap,pair,4.682617199456916e-17,False
50,english_fake_minus_real,gini,0.42311182785896745,0.2937437664480151,-0.12936806141095236,-0.16622384476085603,-0.0937999878296041,9.756622781503912e-10,-0.7070199811515058,Wilcoxon signed-rank + pair bootstrap,pair,1.393803254500559e-09,False
50,english_fake_minus_real,entropy,15.427019050186413,15.724000842043916,0.29698179185750345,0.20696809566447943,0.38781854483923595,2.2936133911529331e-10,0.6637364300180852,Wilcoxon signed-rank + pair bootstrap,pair,3.822688985254889e-10,False
50,english_fake_minus_real,topk_1pct,0.02854157821489369,0.035476569912088605,0.006934991697194901,0.0014167198752474686,0.013407755737117584,0.20087704004784346,0.21985490789182724,Wilcoxon signed-rank + pair bootstrap,pair,0.2231967111642705,False
50,english_fake_minus_real,topk_5pct,0.12909513784785287,0.12912049958420183,2.5361736348957083e-05,-0.013254322349926904,0.013080472239035577,0.5359832452872442,0.00036674628279408875,Wilcoxon signed-rank + pair bootstrap,pair,0.5359832452872442,False
50,english_fake_minus_real,topk_10pct,0.2398143080975945,0.2212665061678232,-0.01854780192977133,-0.0388634452847137,0.0015425710952990037,0.060945996147306315,-0.1762554616214298,Wilcoxon signed-rank + pair bootstrap,pair,0.07618249518413289,False
50,hindi_fake_minus_real,low_frac,0.8443643268404786,0.3908116233434146,-0.4535527034970642,-0.4861431529682605,-0.4177767441240718,1.082004916926409e-17,-2.5097621440812654,Wilcoxon signed-rank + pair bootstrap,pair,4.715597213496326e-17,False
50,hindi_fake_minus_real,mid_frac,0.11628186651440794,0.3293490646649998,0.21306719815059186,0.19531654826337144,0.22965466119337277,1.4146791640488978e-17,2.3225132493019514,Wilcoxon signed-rank + pair bootstrap,pair,4.715597213496326e-17,False
50,hindi_fake_minus_real,high_frac,0.03935380664511325,0.27983931199158557,0.24048550534647234,0.22076128873771478,0.2593818506161539,4.139373908714419e-18,2.461930209032171,Wilcoxon signed-rank + pair bootstrap,pair,4.139373908714419e-17,False
50,hindi_fake_minus_real,speech_frac,0.9532987999916077,0.9866652202606201,0.03336642026901245,0.02282169277966023,0.043310167640447615,1.2075988066974237e-12,0.6373992068636811,Wilcoxon signed-rank + pair bootstrap,pair,2.4151976133948473e-12,False
50,hindi_fake_minus_real,silence_frac,0.04670120379465516,0.013334780782461166,-0.03336642301219399,-0.04325943271351934,-0.023552735615998244,1.2075988066974237e-12,-0.6373992977939713,Wilcoxon signed-rank + pair bootstrap,pair,2.4151976133948473e-12,False
50,hindi_fake_minus_real,gini,0.3717703273959836,0.2571191576537046,-0.114651169742279,-0.14732831964094492,-0.08405803931148206,1.7760396594324329e-09,-0.7136116130346412,Wilcoxon signed-rank + pair bootstrap,pair,2.5371995134749043e-09,False
50,hindi_fake_minus_real,entropy,15.555736990288533,15.784877077284845,0.22914008699630933,0.16955468500243706,0.29288310004882157,2.0177434491871465e-11,0.7131292804733936,Wilcoxon signed-rank + pair bootstrap,pair,3.362905748645244e-11,False
50,hindi_fake_minus_real,topk_1pct,0.027118756654882628,0.024163659999529043,-0.00295509665535359,-0.006318491163580247,0.0001913708628394643,0.10986036989791556,-0.17278090999729256,Wilcoxon signed-rank + pair bootstrap,pair,0.10986036989791556,False
50,hindi_fake_minus_real,topk_5pct,0.11886498689241104,0.10500739829993117,-0.013857588592479857,-0.023827963700353384,-0.0037621400896391904,0.015642897586608466,-0.2621395961746252,Wilcoxon signed-rank + pair bootstrap,pair,0.017380997318453852,False
50,hindi_fake_minus_real,topk_10pct,0.21813870391116214,0.1909836483402715,-0.027155055570890672,-0.04312573192316706,-0.011588402114582995,0.002316335468209835,-0.33422295624709975,Wilcoxon signed-rank + pair bootstrap,pair,0.002895419335262294,False
100,cross_language_fake,low_frac,0.6330157514116884,0.3910694753828174,-0.24194627602887103,-0.2818803950308316,-0.20294419739485045,2.334833537774649e-21,-1.724662012722186,Mann-Whitney U + cluster bootstrap,speaker,1.1674167688873246e-20,False
100,cross_language_fake,mid_frac,0.25059606564307235,0.328923131089373,0.07832706544630064,0.05626837989750941,0.09890231714525854,6.045797903079287e-13,1.0028408533568882,Mann-Whitney U + cluster bootstrap,speaker,2.0152659676930955e-12,False
100,cross_language_fake,high_frac,0.11638818294523923,0.28000739352780973,0.1636192105825705,0.14104962603149498,0.18414429168462268,4.1882144247929716e-23,2.160524816616516,Mann-Whitney U + cluster bootstrap,speaker,4.188214424792972e-22,False
100,cross_language_fake,speech_frac,0.9998535418510437,0.987786962389946,-0.012066579461097682,-0.022449210191889474,-0.003527499304138808,0.04664987253669902,-0.3396031149473896,Mann-Whitney U + cluster bootstrap,speaker,0.04664987253669902,False
100,cross_language_fake,silence_frac,0.00014645825722254814,0.01221303567290306,0.012066577415680513,0.003339117530334438,0.022984900217386882,0.04664987253669902,0.33960308076859574,Mann-Whitney U + cluster bootstrap,speaker,0.04664987253669902,False
100,cross_language_fake,gini,0.30721321967516274,0.271058396171899,-0.03615482350326377,-0.07035125360690081,-0.003520255079093067,0.03550633752206503,-0.3143081843005221,Mann-Whitney U + cluster bootstrap,speaker,0.044382921902581286,False
100,cross_language_fake,entropy,15.709696866574047,15.76294286060165,0.053245994027601995,0.0010460452500848099,0.10914093636665956,0.03383074785101314,0.2856132145647116,Mann-Whitney U + cluster bootstrap,speaker,0.044382921902581286,False
100,cross_language_fake,topk_1pct,0.03282397981479851,0.02340611434721654,-0.00941786546758197,-0.014390574855127684,-0.004709965636375223,3.218532115022022e-05,-0.5305040004989321,Mann-Whitney U + cluster bootstrap,speaker,8.046330287555055e-05,False
100,cross_language_fake,topk_5pct,0.1351423036205576,0.10669213819939896,-0.028450165421158635,-0.04330876058806326,-0.013600318751098444,9.393081518614658e-05,-0.5434619856088883,Mann-Whitney U + cluster bootstrap,speaker,0.00018786163037229315,False
100,cross_language_fake,topk_10pct,0.23167715906930864,0.1968550724704697,-0.034822086598838925,-0.05579549718913442,-0.014657201522648959,0.0003975691120105395,-0.49410164522931627,Mann-Whitney U + cluster bootstrap,speaker,0.0006626151866842324,False
100,cross_language_real,low_frac,0.7852565772719278,0.839517512288768,0.05426093501684026,0.02984346666770302,0.07858188213913359,4.286757058890993e-05,0.6320114938301783,Mann-Whitney U + cluster bootstrap,speaker,0.00021433785294454964,False
100,cross_language_real,mid_frac,0.14731564772500255,0.1198338742885293,-0.027481773436473247,-0.047793357783927445,-0.00772988487409017,0.05876313553183144,-0.3755142018146454,Mann-Whitney U + cluster bootstrap,speaker,0.05876313553183145,False
100,cross_language_real,high_frac,0.06742777500306964,0.040648613422702554,-0.026779161580367083,-0.040169773843543116,-0.011716757287954434,2.824716345493447e-07,-0.5979314901781617,Mann-Whitney U + cluster bootstrap,speaker,2.8247163454934472e-06,False
100,cross_language_real,speech_frac,0.960838571190834,0.9450699728727341,-0.015768598318099958,-0.032539164337842666,-0.00034057137423245353,0.039998850313461294,-0.298073631640615,Mann-Whitney U + cluster bootstrap,speaker,0.04444316701495699,False
100,cross_language_real,silence_frac,0.03916142783447867,0.05493002511793747,0.0157685972834588,0.0002680482189458327,0.032345468654994956,0.039998850313461294,0.29807367066047963,Mann-Whitney U + cluster bootstrap,speaker,0.04444316701495699,False
100,cross_language_real,gini,0.40621785843293445,0.357435300994918,-0.04878255743801646,-0.08753455644450688,-0.011539223597023357,0.013091832031530479,-0.3744759540115344,Mann-Whitney U + cluster bootstrap,speaker,0.026183664063060958,False
100,cross_language_real,entropy,15.47609253931684,15.584653156199419,0.10856061688257945,0.01737531792217264,0.20141933898041542,0.02240994155579531,0.32658642896190915,Mann-Whitney U + cluster bootstrap,speaker,0.03201420222256473,False
100,cross_language_real,topk_1pct,0.026770635898614656,0.02539699629283947,-0.0013736396057751864,-0.004458363206488258,0.002233111556853638,0.01669760859256407,-0.1123712904387076,Mann-Whitney U + cluster bootstrap,speaker,0.02782934765427345,False
100,cross_language_real,topk_5pct,0.12421313787073958,0.11545617598670108,-0.008756961884038503,-0.02150709619885923,0.004355784504253284,0.012221088397495607,-0.1937965041187964,Mann-Whitney U + cluster bootstrap,speaker,0.026183664063060958,False
100,cross_language_real,topk_10pct,0.2318921272922223,0.21289726370392625,-0.01899486358829605,-0.038331504594134,0.0013538189107202463,0.011244219967816917,-0.2613155914702748,Mann-Whitney U + cluster bootstrap,speaker,0.026183664063060958,False
100,english_fake_minus_real,low_frac,0.7852565772719278,0.6330157514116884,-0.1522408258602394,-0.16637791304828622,-0.13796968020505346,4.670683307897806e-18,-2.1064859984601347,Wilcoxon signed-rank + pair bootstrap,pair,4.133899292257757e-17,False
100,english_fake_minus_real,mid_frac,0.14731564772500255,0.25059606564307235,0.10328041791806986,0.09174275464895681,0.11461921036931942,3.2378376991430734e-17,1.7546124740943738,Wilcoxon signed-rank + pair bootstrap,pair,6.475675398286147e-17,False
100,english_fake_minus_real,high_frac,0.06742777500306964,0.11638818294523923,0.0489604079421696,0.04350834642410433,0.05477503700349985,8.267798584515514e-18,1.6829350429662946,Wilcoxon signed-rank + pair bootstrap,pair,4.133899292257757e-17,False
100,english_fake_minus_real,speech_frac,0.960838571190834,0.9998535418510437,0.039014970660209654,0.030685176387429236,0.04780053940415382,1.781293897222056e-17,0.879900518381812,Wilcoxon signed-rank + pair bootstrap,pair,4.45323474305514e-17,False
100,english_fake_minus_real,silence_frac,0.03916142783447867,0.00014645825722254814,-0.03901496957725612,-0.04846874752831354,-0.03063752857507643,1.781293897222056e-17,-0.8799005909947973,Wilcoxon signed-rank + pair bootstrap,pair,4.45323474305514e-17,False
100,english_fake_minus_real,gini,0.40621785843293445,0.30721321967516274,-0.09900463875777171,-0.13254420060336322,-0.06527444333426208,2.232679900122646e-06,-0.5692533195963441,Wilcoxon signed-rank + pair bootstrap,pair,3.1895427144609226e-06,False
100,english_fake_minus_real,entropy,15.47609253931684,15.709696866574047,0.23360432725720692,0.15893833644792496,0.31012808134826053,1.4089667001638243e-07,0.5937047395203346,Wilcoxon signed-rank + pair bootstrap,pair,2.3482778336063738e-07,False
100,english_fake_minus_real,topk_1pct,0.026770635898614656,0.03282397981479851,0.006053343916183859,0.0016684613119982252,0.010435156323246236,0.0362653406125505,0.27044622933755813,Wilcoxon signed-rank + pair bootstrap,pair,0.045331675765688126,False
100,english_fake_minus_real,topk_5pct,0.12421313787073958,0.1351423036205576,0.010929165749818054,-0.0016106646047724443,0.02419730290140632,0.17771520952175224,0.16936303791296767,Wilcoxon signed-rank + pair bootstrap,pair,0.19746134391305803,False
100,english_fake_minus_real,topk_10pct,0.2318921272922223,0.23167715906930864,-0.00021496822291372815,-0.017422484013466636,0.017539755262023733,0.8392435483441993,-0.0022900419487013445,Wilcoxon signed-rank + pair bootstrap,pair,0.8392435483441993,False
100,hindi_fake_minus_real,low_frac,0.839517512288768,0.3910694753828174,-0.4484480369059508,-0.4828958679595143,-0.4103923030997262,9.893009181510365e-18,-2.4971590917552478,Wilcoxon signed-rank + pair bootstrap,pair,4.5774167475349573e-17,False
100,hindi_fake_minus_real,mid_frac,0.1198338742885293,0.328923131089373,0.20908925680084367,0.19069969152895816,0.2265811983306937,1.3732250242604873e-17,2.325490138009964,Wilcoxon signed-rank + pair bootstrap,pair,4.5774167475349573e-17,False
100,hindi_fake_minus_real,high_frac,0.040648613422702554,0.28000739352780973,0.23935878010510725,0.22067891701525336,0.25906046195677446,3.896559845095909e-18,2.4413705315708203,Wilcoxon signed-rank + pair bootstrap,pair,3.8965598450959094e-17,False
100,hindi_fake_minus_real,speech_frac,0.9450699728727341,0.987786962389946,0.042716989517211916,0.03283572262525559,0.05470085167884827,3.776125830841551e-14,0.7822259391158608,Wilcoxon signed-rank + pair bootstrap,pair,7.552251661683102e-14,False
100,hindi_fake_minus_real,silence_frac,0.05493002511793747,0.01221303567290306,-0.042716989445034416,-0.05369841533969156,-0.03248202435887652,3.776125830841551e-14,-0.7822259480943947,Wilcoxon signed-rank + pair bootstrap,pair,7.552251661683102e-14,False
100,hindi_fake_minus_real,gini,0.357435300994918,0.271058396171899,-0.08637690482301906,-0.12211233460490216,-0.0520763643295562,1.4302449034926375e-05,-0.5025600762086916,Wilcoxon signed-rank + pair bootstrap,pair,2.043207004989482e-05,False
100,hindi_fake_minus_real,entropy,15.584653156199419,15.76294286060165,0.1782897044022291,0.1125203503717441,0.24530296557883424,4.3188724984886716e-07,0.5261130648880248,Wilcoxon signed-rank + pair bootstrap,pair,7.198120830814453e-07,False
100,hindi_fake_minus_real,topk_1pct,0.02539699629283947,0.02340611434721654,-0.0019908819456229254,-0.005563071169627073,0.0013749410500347055,0.5247177003787094,-0.1128205294470736,Wilcoxon signed-rank + pair bootstrap,pair,0.5247177003787094,False
100,hindi_fake_minus_real,topk_5pct,0.11545617598670108,0.10669213819939896,-0.008764037787302108,-0.021908214265954653,0.0036816015276319417,0.3055421446183436,-0.13898114247108673,Wilcoxon signed-rank + pair bootstrap,pair,0.3394912717981595,False
100,hindi_fake_minus_real,topk_10pct,0.21289726370392625,0.1968550724704697,-0.016042191233456547,-0.034536303443575174,0.0027217112586388576,0.19488989682868574,-0.16872400851522207,Wilcoxon signed-rank + pair bootstrap,pair,0.24361237103585717,False
