sample_key,pair_id,analysis_cluster,label,path,window_ms,occ_comp_5,occ_suff_5,occ_comp_10,occ_suff_10,occ_comp_20,occ_suff_20
a11_000_LA_E_1529183,a11_000,asvspoof_a11,0,database/LA/ASVspoof2019_LA_eval/flac/LA_E_1529183.flac,50,-0.28996992111206055,-6.012071132659912,0.29871320724487305,-5.900412559509277,0.3991518020629883,-6.103883743286133
a11_001_LA_E_7935311,a11_001,asvspoof_a11,0,database/LA/ASVspoof2019_LA_eval/flac/LA_E_7935311.flac,50,-1.0381031036376953,-4.485555648803711,-1.4052438735961914,-5.996333599090576,-0.038849830627441406,-6.071579933166504
a11_002_LA_E_5344211,a11_002,asvspoof_a11,0,database/LA/ASVspoof2019_LA_eval/flac/LA_E_5344211.flac,50,0.12023162841796875,-3.494630813598633,-0.2270054817199707,-6.007925987243652,0.09975481033325195,-5.646251678466797
a11_003_LA_E_2113190,a11_003,asvspoof_a11,0,database/LA/ASVspoof2019_LA_eval/flac/LA_E_2113190.flac,50,-0.4788484573364258,-3.768376111984253,0.09548568725585938,-6.05387020111084,0.11818170547485352,-6.026636600494385
a11_004_LA_E_8758886,a11_004,asvspoof_a11,0,database/LA/ASVspoof2019_LA_eval/flac/LA_E_8758886.flac,50,0.7044153213500977,-3.1356940269470215,0.7456612586975098,-5.611015796661377,0.8269839286804199,-6.003872394561768
a11_005_LA_E_8081889,a11_005,asvspoof_a11,0,database/LA/ASVspoof2019_LA_eval/flac/LA_E_8081889.flac,50,0.28168344497680664,-3.0037033557891846,0.29381847381591797,-5.801885604858398,0.3286147117614746,-6.007629871368408
a11_006_LA_E_1949642,a11_006,asvspoof_a11,0,database/LA/ASVspoof2019_LA_eval/flac/LA_E_1949642.flac,50,-0.001972675323486328,0.8006185293197632,0.09498262405395508,-0.3196411728858948,0.1423473358154297,-5.650392532348633
a11_007_LA_E_3774196,a11_007,asvspoof_a11,0,database/LA/ASVspoof2019_LA_eval/flac/LA_E_3774196.flac,50,0.2713346481323242,-4.840126991271973,0.6557703018188477,-6.045001029968262,0.9316582679748535,-6.172426223754883
a11_008_LA_E_5491233,a11_008,asvspoof_a11,0,database/LA/ASVspoof2019_LA_eval/flac/LA_E_5491233.flac,50,1.4536211490631104,1.7029125690460205,0.8116838932037354,-2.547497034072876,2.044327974319458,-4.051168441772461
a11_009_LA_E_6808678,a11_009,asvspoof_a11,0,database/LA/ASVspoof2019_LA_eval/flac/LA_E_6808678.flac,50,-1.8191876411437988,-4.401248455047607,-0.6063065528869629,-6.04694128036499,0.6072707176208496,-6.068743705749512
a11_010_LA_E_6585884,a11_010,asvspoof_a11,0,database/LA/ASVspoof2019_LA_eval/flac/LA_E_6585884.flac,50,0.12903451919555664,-0.8241057991981506,0.07353925704956055,-3.732891082763672,0.12894201278686523,-5.78322172164917
a11_011_LA_E_9223167,a11_011,asvspoof_a11,0,database/LA/ASVspoof2019_LA_eval/flac/LA_E_9223167.flac,50,0.11571264266967773,-4.268648147583008,0.35665082931518555,-6.019942283630371,0.38274431228637695,-5.109225273132324
a11_012_LA_E_5133679,a11_012,asvspoof_a11,0,database/LA/ASVspoof2019_LA_eval/flac/LA_E_5133679.flac,50,1.283891201019287,-5.197453022003174,1.4163451194763184,-6.034971237182617,1.401146411895752,-6.141460418701172
a11_013_LA_E_3376297,a11_013,asvspoof_a11,0,database/LA/ASVspoof2019_LA_eval/flac/LA_E_3376297.flac,50,0.42799901962280273,-1.966124176979065,0.7382349967956543,-4.812179088592529,0.6774992942810059,-6.101015090942383
a11_014_LA_E_2932205,a11_014,asvspoof_a11,0,database/LA/ASVspoof2019_LA_eval/flac/LA_E_2932205.flac,50,-0.09740591049194336,-4.443172931671143,-0.07584810256958008,-5.897171497344971,0.22826719284057617,-6.079104900360107
a11_015_LA_E_7192576,a11_015,asvspoof_a11,0,database/LA/ASVspoof2019_LA_eval/flac/LA_E_7192576.flac,50,0.14559698104858398,-1.4652678966522217,0.22092151641845703,-5.870726108551025,0.34938716888427734,-6.152844429016113
a11_016_LA_E_5026432,a11_016,asvspoof_a11,0,database/LA/ASVspoof2019_LA_eval/flac/LA_E_5026432.flac,50,0.02866506576538086,-5.5996294021606445,-0.019671916961669922,-6.238288879394531,0.10285282135009766,-6.200664043426514
a11_017_LA_E_7243479,a11_017,asvspoof_a11,0,database/LA/ASVspoof2019_LA_eval/flac/LA_E_7243479.flac,50,-0.1753401756286621,-2.9032740592956543,0.30519533157348633,-5.594786643981934,0.3684654235839844,-5.964199066162109
a11_018_LA_E_1074147,a11_018,asvspoof_a11,0,database/LA/ASVspoof2019_LA_eval/flac/LA_E_1074147.flac,50,-1.7716398239135742,-3.2971673011779785,-1.6974515914916992,-6.195733547210693,0.4110875129699707,-6.219668388366699
a11_019_LA_E_2774082,a11_019,asvspoof_a11,0,database/LA/ASVspoof2019_LA_eval/flac/LA_E_2774082.flac,50,2.1076016426086426,-3.567894458770752,2.179744243621826,-5.6584272384643555,2.3243584632873535,-6.060763359069824
a11_020_LA_E_1311878,a11_020,asvspoof_a11,0,database/LA/ASVspoof2019_LA_eval/flac/LA_E_1311878.flac,50,-0.06023216247558594,-3.5306434631347656,0.018454551696777344,-6.016339302062988,0.09563064575195312,-6.006728172302246
a11_021_LA_E_8412287,a11_021,asvspoof_a11,0,database/LA/ASVspoof2019_LA_eval/flac/LA_E_8412287.flac,50,-0.1603689193725586,-4.062154769897461,0.10144233703613281,-5.822659492492676,0.32380056381225586,-6.153156757354736
a11_022_LA_E_9883712,a11_022,asvspoof_a11,0,database/LA/ASVspoof2019_LA_eval/flac/LA_E_9883712.flac,50,0.03994607925415039,-2.507301092147827,0.23570919036865234,-6.045685291290283,0.33910274505615234,-6.187225341796875
a11_023_LA_E_3751267,a11_023,asvspoof_a11,0,database/LA/ASVspoof2019_LA_eval/flac/LA_E_3751267.flac,50,0.04411792755126953,-2.309582233428955,0.09547090530395508,-6.153252601623535,0.15310096740722656,-6.225495338439941
a11_024_LA_E_9587883,a11_024,asvspoof_a11,0,database/LA/ASVspoof2019_LA_eval/flac/LA_E_9587883.flac,50,-0.4572715759277344,-3.3697214126586914,0.5537481307983398,-5.824495315551758,0.6421976089477539,-6.117044448852539
a11_025_LA_E_7377873,a11_025,asvspoof_a11,0,database/LA/ASVspoof2019_LA_eval/flac/LA_E_7377873.flac,50,0.055623531341552734,-2.7094922065734863,0.3260793685913086,-6.057125091552734,0.39768075942993164,-6.104361534118652
a11_026_LA_E_1464800,a11_026,asvspoof_a11,0,database/LA/ASVspoof2019_LA_eval/flac/LA_E_1464800.flac,50,0.20415115356445312,-1.06708824634552,0.25794219970703125,-5.308234691619873,0.3434906005859375,-6.098628997802734
a11_027_LA_E_8938513,a11_027,asvspoof_a11,0,database/LA/ASVspoof2019_LA_eval/flac/LA_E_8938513.flac,50,0.09689712524414062,-1.2379581928253174,-0.05720329284667969,-5.761653900146484,0.14745235443115234,-6.1393232345581055
a11_028_LA_E_1495493,a11_028,asvspoof_a11,0,database/LA/ASVspoof2019_LA_eval/flac/LA_E_1495493.flac,50,-0.49306583404541016,-3.1558141708374023,-0.18607330322265625,-6.121604919433594,0.31207895278930664,-6.151037216186523
a11_029_LA_E_7712216,a11_029,asvspoof_a11,0,database/LA/ASVspoof2019_LA_eval/flac/LA_E_7712216.flac,50,-0.5905241966247559,-1.8537015914916992,0.09172344207763672,-5.444719314575195,0.033869266510009766,-5.9026288986206055
a11_030_LA_E_3021132,a11_030,asvspoof_a11,0,database/LA/ASVspoof2019_LA_eval/flac/LA_E_3021132.flac,50,0.3249702453613281,-2.8194844722747803,0.32208871841430664,-5.868753433227539,0.41376304626464844,-6.032632350921631
a11_031_LA_E_4453860,a11_031,asvspoof_a11,0,database/LA/ASVspoof2019_LA_eval/flac/LA_E_4453860.flac,50,1.1737523078918457,-3.7465243339538574,1.2328715324401855,-6.121822357177734,1.325096607208252,-6.191204071044922
a11_032_LA_E_5307079,a11_032,asvspoof_a11,0,database/LA/ASVspoof2019_LA_eval/flac/LA_E_5307079.flac,50,-0.2822880744934082,-2.442812204360962,0.04579734802246094,-5.891144275665283,0.20109033584594727,-6.173408508300781
a11_033_LA_E_9131776,a11_033,asvspoof_a11,0,database/LA/ASVspoof2019_LA_eval/flac/LA_E_9131776.flac,50,1.5322680473327637,-1.1936942338943481,1.3849921226501465,-3.461681365966797,1.6693787574768066,-6.068897724151611
a11_034_LA_E_3801561,a11_034,asvspoof_a11,0,database/LA/ASVspoof2019_LA_eval/flac/LA_E_3801561.flac,50,0.8436384201049805,-3.9054489135742188,0.8348274230957031,-6.091794490814209,0.9758820533752441,-5.966557502746582
a11_035_LA_E_3651718,a11_035,asvspoof_a11,0,database/LA/ASVspoof2019_LA_eval/flac/LA_E_3651718.flac,50,-0.45116615295410156,-5.422173976898193,0.3783578872680664,-6.023946762084961,0.6789045333862305,-6.099057197570801
a11_036_LA_E_5392207,a11_036,asvspoof_a11,0,database/LA/ASVspoof2019_LA_eval/flac/LA_E_5392207.flac,50,-0.829953670501709,-0.8395737409591675,-0.23708343505859375,-5.7798004150390625,0.2039952278137207,-6.173556327819824
a11_037_LA_E_5866471,a11_037,asvspoof_a11,0,database/LA/ASVspoof2019_LA_eval/flac/LA_E_5866471.flac,50,0.21622276306152344,-3.926131010055542,0.19359970092773438,-6.113241195678711,0.14800024032592773,-5.937005043029785
a11_038_LA_E_4828788,a11_038,asvspoof_a11,0,database/LA/ASVspoof2019_LA_eval/flac/LA_E_4828788.flac,50,-0.04456138610839844,-3.2575411796569824,-0.048750877380371094,-5.954751491546631,0.03054046630859375,-6.057764530181885
a11_039_LA_E_4467350,a11_039,asvspoof_a11,0,database/LA/ASVspoof2019_LA_eval/flac/LA_E_4467350.flac,50,0.7605199813842773,-2.279085636138916,0.782738208770752,-4.296054840087891,0.8534846305847168,-6.0001630783081055
a11_040_LA_E_8072815,a11_040,asvspoof_a11,0,database/LA/ASVspoof2019_LA_eval/flac/LA_E_8072815.flac,50,0.13439226150512695,-3.1127195358276367,0.10332584381103516,-5.6487321853637695,0.2609272003173828,-5.877184867858887
a11_041_LA_E_8309372,a11_041,asvspoof_a11,0,database/LA/ASVspoof2019_LA_eval/flac/LA_E_8309372.flac,50,-1.2528681755065918,-3.1599411964416504,-0.699002742767334,-5.727304458618164,0.4014115333557129,-6.053544044494629
a11_042_LA_E_5412721,a11_042,asvspoof_a11,0,database/LA/ASVspoof2019_LA_eval/flac/LA_E_5412721.flac,50,1.576277256011963,-3.201052188873291,1.6066994667053223,-6.030035495758057,1.5561041831970215,-6.058640956878662
a11_043_LA_E_1255192,a11_043,asvspoof_a11,0,database/LA/ASVspoof2019_LA_eval/flac/LA_E_1255192.flac,50,0.43642330169677734,-4.013301849365234,0.5307435989379883,-5.6287689208984375,0.5593767166137695,-4.674800872802734
a11_044_LA_E_6366765,a11_044,asvspoof_a11,0,database/LA/ASVspoof2019_LA_eval/flac/LA_E_6366765.flac,50,0.2191762924194336,-3.8259739875793457,0.2507777214050293,-5.943336486816406,0.24507617950439453,-6.125095367431641
a11_045_LA_E_7348169,a11_045,asvspoof_a11,0,database/LA/ASVspoof2019_LA_eval/flac/LA_E_7348169.flac,50,-0.016466140747070312,0.9159051775932312,0.12061786651611328,-4.398821830749512,0.13630104064941406,-6.116681098937988
a11_046_LA_E_1159671,a11_046,asvspoof_a11,0,database/LA/ASVspoof2019_LA_eval/flac/LA_E_1159671.flac,50,-0.17397165298461914,-0.879389762878418,-0.07664155960083008,-5.591447830200195,0.23169755935668945,-5.8279266357421875
a11_047_LA_E_4149963,a11_047,asvspoof_a11,0,database/LA/ASVspoof2019_LA_eval/flac/LA_E_4149963.flac,50,0.6840829849243164,-0.7860770225524902,0.6440658569335938,-6.009827613830566,0.8504447937011719,-6.126401901245117
a11_048_LA_E_1123759,a11_048,asvspoof_a11,0,database/LA/ASVspoof2019_LA_eval/flac/LA_E_1123759.flac,50,1.2286686897277832,-1.7869611978530884,1.5263104438781738,-3.903961181640625,1.7805242538452148,-6.065617561340332
a11_049_LA_E_3571743,a11_049,asvspoof_a11,0,database/LA/ASVspoof2019_LA_eval/flac/LA_E_3571743.flac,50,1.1890249252319336,-1.8265665769577026,1.2118639945983887,-5.446763038635254,1.1212072372436523,-4.637033462524414
a11_050_LA_E_4482383,a11_050,asvspoof_a11,0,database/LA/ASVspoof2019_LA_eval/flac/LA_E_4482383.flac,50,0.05253267288208008,-1.236406922340393,0.11148405075073242,-3.502985715866089,0.24095392227172852,-6.259988784790039
a11_051_LA_E_2554762,a11_051,asvspoof_a11,0,database/LA/ASVspoof2019_LA_eval/flac/LA_E_2554762.flac,50,-0.44159746170043945,-3.0210580825805664,-0.39480113983154297,-5.797269821166992,0.25908660888671875,-6.125498294830322
a11_052_LA_E_6979198,a11_052,asvspoof_a11,0,database/LA/ASVspoof2019_LA_eval/flac/LA_E_6979198.flac,50,0.20812225341796875,-1.5978037118911743,0.3144512176513672,-3.222869634628296,0.4905867576599121,-5.840732574462891
a11_053_LA_E_4317321,a11_053,asvspoof_a11,0,database/LA/ASVspoof2019_LA_eval/flac/LA_E_4317321.flac,50,0.6051793098449707,-3.0616250038146973,0.775515079498291,-6.055294036865234,0.5913486480712891,-5.820864677429199
a11_054_LA_E_7875546,a11_054,asvspoof_a11,0,database/LA/ASVspoof2019_LA_eval/flac/LA_E_7875546.flac,50,-0.4566831588745117,-3.854982852935791,0.04246044158935547,-6.076005935668945,0.5120077133178711,-6.087067604064941
a11_055_LA_E_4400203,a11_055,asvspoof_a11,0,database/LA/ASVspoof2019_LA_eval/flac/LA_E_4400203.flac,50,0.0015015602111816406,-4.047508239746094,0.12949132919311523,-6.056618690490723,0.3373384475708008,-6.221935272216797
a11_056_LA_E_7750719,a11_056,asvspoof_a11,0,database/LA/ASVspoof2019_LA_eval/flac/LA_E_7750719.flac,50,-0.8261685371398926,-0.17399631440639496,0.3062715530395508,-3.7505135536193848,0.2741093635559082,-6.145074844360352
a11_057_LA_E_1446073,a11_057,asvspoof_a11,0,database/LA/ASVspoof2019_LA_eval/flac/LA_E_1446073.flac,50,0.1840214729309082,-3.377556800842285,0.25121450424194336,-6.00550651550293,0.24158668518066406,-6.170482635498047
a11_058_LA_E_6152423,a11_058,asvspoof_a11,0,database/LA/ASVspoof2019_LA_eval/flac/LA_E_6152423.flac,50,0.13853740692138672,-3.2121691703796387,0.4349794387817383,-5.9288434982299805,0.4691152572631836,-6.005685806274414
a11_059_LA_E_3946300,a11_059,asvspoof_a11,0,database/LA/ASVspoof2019_LA_eval/flac/LA_E_3946300.flac,50,0.15717506408691406,-3.39639949798584,-0.15709590911865234,-6.000226974487305,0.21160459518432617,-6.0633697509765625
a11_060_LA_E_7428554,a11_060,asvspoof_a11,0,database/LA/ASVspoof2019_LA_eval/flac/LA_E_7428554.flac,50,0.1226949691772461,-4.21387243270874,0.8781843185424805,-4.75657844543457,0.5847687721252441,-4.251808166503906
a11_061_LA_E_7598073,a11_061,asvspoof_a11,0,database/LA/ASVspoof2019_LA_eval/flac/LA_E_7598073.flac,50,-0.25108814239501953,-4.384435653686523,0.06090259552001953,-6.065387725830078,0.22809362411499023,-6.015439510345459
a11_062_LA_E_7237949,a11_062,asvspoof_a11,0,database/LA/ASVspoof2019_LA_eval/flac/LA_E_7237949.flac,50,0.42711734771728516,-1.2146878242492676,0.5031337738037109,-4.628307342529297,0.5029067993164062,-6.2299604415893555
a11_063_LA_E_1688421,a11_063,asvspoof_a11,0,database/LA/ASVspoof2019_LA_eval/flac/LA_E_1688421.flac,50,-0.8525047302246094,-5.867470741271973,-0.06525897979736328,-6.166268348693848,0.21300220489501953,-6.193681716918945
a11_064_LA_E_6262854,a11_064,asvspoof_a11,0,database/LA/ASVspoof2019_LA_eval/flac/LA_E_6262854.flac,50,0.291806697845459,-1.6322559118270874,0.31025266647338867,-4.017884254455566,0.3831148147583008,-5.9166717529296875
a11_065_LA_E_7841941,a11_065,asvspoof_a11,0,database/LA/ASVspoof2019_LA_eval/flac/LA_E_7841941.flac,50,0.15618324279785156,-1.3483792543411255,0.19425678253173828,-5.682336807250977,0.07905387878417969,-6.089389324188232
a11_066_LA_E_9617374,a11_066,asvspoof_a11,0,database/LA/ASVspoof2019_LA_eval/flac/LA_E_9617374.flac,50,-0.8811531066894531,-5.945487976074219,-0.018253326416015625,-5.820147514343262,0.3827958106994629,-6.001112937927246
a11_067_LA_E_4885482,a11_067,asvspoof_a11,0,database/LA/ASVspoof2019_LA_eval/flac/LA_E_4885482.flac,50,0.2008681297302246,-2.2598156929016113,0.16217899322509766,-6.131901741027832,0.19070720672607422,-6.092438697814941
a11_068_LA_E_5464046,a11_068,asvspoof_a11,0,database/LA/ASVspoof2019_LA_eval/flac/LA_E_5464046.flac,50,0.5172257423400879,-2.339165210723877,0.6855983734130859,-3.6897926330566406,0.7105369567871094,-6.08415412902832
a11_069_LA_E_7660609,a11_069,asvspoof_a11,0,database/LA/ASVspoof2019_LA_eval/flac/LA_E_7660609.flac,50,-0.507652759552002,-2.429131031036377,0.2530956268310547,-6.048436164855957,0.14061927795410156,-5.901957988739014
a11_070_LA_E_3541044,a11_070,asvspoof_a11,0,database/LA/ASVspoof2019_LA_eval/flac/LA_E_3541044.flac,50,-1.022326946258545,-3.3950185775756836,-0.2555403709411621,-5.991886138916016,0.7342567443847656,-6.16549015045166
a11_071_LA_E_8611289,a11_071,asvspoof_a11,0,database/LA/ASVspoof2019_LA_eval/flac/LA_E_8611289.flac,50,-0.06959152221679688,-0.7960836887359619,0.14870882034301758,-4.398613452911377,0.2593851089477539,-6.113707542419434
a11_072_LA_E_7949755,a11_072,asvspoof_a11,0,database/LA/ASVspoof2019_LA_eval/flac/LA_E_7949755.flac,50,0.4191856384277344,-1.23343026638031,0.5001001358032227,-2.881171464920044,0.2959122657775879,-3.123305320739746
a11_073_LA_E_7813568,a11_073,asvspoof_a11,0,database/LA/ASVspoof2019_LA_eval/flac/LA_E_7813568.flac,50,0.08811473846435547,-1.9032349586486816,-0.22398042678833008,-6.0094499588012695,0.3085818290710449,-6.034651279449463
a11_074_LA_E_7665794,a11_074,asvspoof_a11,0,database/LA/ASVspoof2019_LA_eval/flac/LA_E_7665794.flac,50,0.2594032287597656,-2.466125965118408,0.2266073226928711,-3.1223206520080566,0.30822229385375977,-3.4769797325134277
a11_075_LA_E_5564312,a11_075,asvspoof_a11,0,database/LA/ASVspoof2019_LA_eval/flac/LA_E_5564312.flac,50,0.40256595611572266,-1.6546908617019653,0.45181941986083984,-5.717411041259766,0.340240478515625,-5.960914611816406
a11_076_LA_E_6219044,a11_076,asvspoof_a11,0,database/LA/ASVspoof2019_LA_eval/flac/LA_E_6219044.flac,50,-0.06453609466552734,-1.4304975271224976,0.1102132797241211,-6.032986164093018,0.2864847183227539,-6.032288551330566
a11_077_LA_E_4790939,a11_077,asvspoof_a11,0,database/LA/ASVspoof2019_LA_eval/flac/LA_E_4790939.flac,50,-1.46875,-4.047365665435791,-0.14136505126953125,-5.7490715980529785,0.14768266677856445,-5.654058456420898
a11_078_LA_E_9434610,a11_078,asvspoof_a11,0,database/LA/ASVspoof2019_LA_eval/flac/LA_E_9434610.flac,50,1.4576759338378906,-0.9442338943481445,1.3396592140197754,-6.065950393676758,1.7820854187011719,-5.993989944458008
a11_079_LA_E_5276446,a11_079,asvspoof_a11,0,database/LA/ASVspoof2019_LA_eval/flac/LA_E_5276446.flac,50,0.1765751838684082,-1.269310474395752,-0.22108697891235352,-6.1024627685546875,0.3284125328063965,-6.135215759277344
a11_080_LA_E_4944426,a11_080,asvspoof_a11,0,database/LA/ASVspoof2019_LA_eval/flac/LA_E_4944426.flac,50,0.39737462997436523,-2.4448788166046143,0.5303277969360352,-3.425210952758789,0.19660520553588867,-5.987473487854004
a11_081_LA_E_2856239,a11_081,asvspoof_a11,0,database/LA/ASVspoof2019_LA_eval/flac/LA_E_2856239.flac,50,-1.3482773303985596,-5.969403266906738,-0.7664394378662109,-6.060972690582275,0.431337833404541,-6.128947734832764
a11_082_LA_E_3576794,a11_082,asvspoof_a11,0,database/LA/ASVspoof2019_LA_eval/flac/LA_E_3576794.flac,50,0.11765098571777344,-3.4782376289367676,-0.06573677062988281,-1.4314428567886353,0.18411016464233398,-5.790658950805664
a11_083_LA_E_7317188,a11_083,asvspoof_a11,0,database/LA/ASVspoof2019_LA_eval/flac/LA_E_7317188.flac,50,-0.5885753631591797,-3.719754934310913,0.16796875,-5.891888618469238,0.49219608306884766,-6.227621078491211
a11_084_LA_E_3735713,a11_084,asvspoof_a11,0,database/LA/ASVspoof2019_LA_eval/flac/LA_E_3735713.flac,50,-0.5872440338134766,-1.356615424156189,-0.3873586654663086,-5.987209796905518,-0.15849971771240234,-6.168266296386719
a11_085_LA_E_5640567,a11_085,asvspoof_a11,0,database/LA/ASVspoof2019_LA_eval/flac/LA_E_5640567.flac,50,0.2560901641845703,-4.114773750305176,0.47121572494506836,-5.582098960876465,0.4094982147216797,-5.8116865158081055
a11_086_LA_E_2652576,a11_086,asvspoof_a11,0,database/LA/ASVspoof2019_LA_eval/flac/LA_E_2652576.flac,50,0.9231772422790527,-3.9369726181030273,0.9441962242126465,-3.652006149291992,1.0910539627075195,-2.9220900535583496
a11_087_LA_E_8125672,a11_087,asvspoof_a11,0,database/LA/ASVspoof2019_LA_eval/flac/LA_E_8125672.flac,50,-0.4561762809753418,-1.7690964937210083,-0.4138655662536621,-6.052962303161621,0.15905427932739258,-5.875296592712402
a11_088_LA_E_7027292,a11_088,asvspoof_a11,0,database/LA/ASVspoof2019_LA_eval/flac/LA_E_7027292.flac,50,-1.2735202312469482,-3.6001532077789307,-1.509023666381836,-5.576814651489258,-0.06403970718383789,-5.955063343048096
a11_089_LA_E_8817350,a11_089,asvspoof_a11,0,database/LA/ASVspoof2019_LA_eval/flac/LA_E_8817350.flac,50,-1.9430210590362549,-3.5218722820281982,-0.6527819633483887,-6.2136335372924805,-0.145477294921875,-6.25761604309082
a11_090_LA_E_2557147,a11_090,asvspoof_a11,0,database/LA/ASVspoof2019_LA_eval/flac/LA_E_2557147.flac,50,0.054233551025390625,-2.0076866149902344,0.27085161209106445,-6.087386131286621,0.2723679542541504,-6.124422550201416
a11_091_LA_E_7880943,a11_091,asvspoof_a11,0,database/LA/ASVspoof2019_LA_eval/flac/LA_E_7880943.flac,50,0.15044736862182617,-1.432120680809021,0.29207420349121094,-6.136608123779297,0.27234745025634766,-6.1724724769592285
a11_092_LA_E_1407058,a11_092,asvspoof_a11,0,database/LA/ASVspoof2019_LA_eval/flac/LA_E_1407058.flac,50,0.2980365753173828,-1.2173793315887451,0.36254119873046875,-3.7666449546813965,0.35735511779785156,-5.350769996643066
a11_093_LA_E_9678625,a11_093,asvspoof_a11,0,database/LA/ASVspoof2019_LA_eval/flac/LA_E_9678625.flac,50,0.17239999771118164,-3.938523769378662,0.24239301681518555,-5.97642183303833,0.2387528419494629,-6.0867390632629395
a11_094_LA_E_1848420,a11_094,asvspoof_a11,0,database/LA/ASVspoof2019_LA_eval/flac/LA_E_1848420.flac,50,0.3638453483581543,-4.026222229003906,1.2817559242248535,-6.0983805656433105,1.4235568046569824,-6.20637321472168
a11_095_LA_E_1490408,a11_095,asvspoof_a11,0,database/LA/ASVspoof2019_LA_eval/flac/LA_E_1490408.flac,50,-1.4931392669677734,-3.188720226287842,-0.9080748558044434,-6.082813262939453,0.3665885925292969,-6.1585164070129395
a11_096_LA_E_8740168,a11_096,asvspoof_a11,0,database/LA/ASVspoof2019_LA_eval/flac/LA_E_8740168.flac,50,-0.0301055908203125,-2.3531851768493652,0.16310358047485352,-5.752701759338379,0.3031330108642578,-5.375585556030273
a11_097_LA_E_4360551,a11_097,asvspoof_a11,0,database/LA/ASVspoof2019_LA_eval/flac/LA_E_4360551.flac,50,0.9186244010925293,-1.3536611795425415,0.9340972900390625,-5.873318672180176,0.9516439437866211,-6.184418678283691
a11_098_LA_E_2661837,a11_098,asvspoof_a11,0,database/LA/ASVspoof2019_LA_eval/flac/LA_E_2661837.flac,50,0.12849044799804688,-3.595879554748535,0.1587810516357422,-4.361276626586914,0.1409292221069336,-6.111761569976807
a11_099_LA_E_7854310,a11_099,asvspoof_a11,0,database/LA/ASVspoof2019_LA_eval/flac/LA_E_7854310.flac,50,-1.2929353713989258,-5.974793434143066,0.09386920928955078,-5.995917320251465,0.17089080810546875,-6.176321983337402
a11_bona_000_LA_E_4047464,a11_bona_000,asvspoof_bonafide,1,database/LA/ASVspoof2019_LA_eval/flac/LA_E_4047464.flac,50,1.0749473571777344,-0.48538321256637573,1.945943832397461,3.898827075958252,7.167385935783386,3.4092278480529785
a11_bona_001_LA_E_2405296,a11_bona_001,asvspoof_bonafide,1,database/LA/ASVspoof2019_LA_eval/flac/LA_E_2405296.flac,50,2.6824440956115723,-1.4086703062057495,5.365008890628815,-1.730259656906128,6.649218678474426,-0.7912235260009766
a11_bona_002_LA_E_5981275,a11_bona_002,asvspoof_bonafide,1,database/LA/ASVspoof2019_LA_eval/flac/LA_E_5981275.flac,50,4.5928226709365845,4.692630290985107,0.22188234329223633,5.914587020874023,0.13179826736450195,5.690814018249512
a11_bona_003_LA_E_8653724,a11_bona_003,asvspoof_bonafide,1,database/LA/ASVspoof2019_LA_eval/flac/LA_E_8653724.flac,50,1.0691637992858887,-2.9778494834899902,2.4313247203826904,-3.3406171798706055,6.514260306954384,-2.0591883659362793
a11_bona_004_LA_E_5224324,a11_bona_004,asvspoof_bonafide,1,database/LA/ASVspoof2019_LA_eval/flac/LA_E_5224324.flac,50,4.259137272834778,-3.5332939624786377,5.972354173660278,-5.822038650512695,5.898892313241959,-1.3588618040084839
a11_bona_005_LA_E_8545247,a11_bona_005,asvspoof_bonafide,1,database/LA/ASVspoof2019_LA_eval/flac/LA_E_8545247.flac,50,1.0357203483581543,4.532390117645264,5.1614216566085815,5.159663677215576,0.09297037124633789,6.114841461181641
a11_bona_006_LA_E_6500722,a11_bona_006,asvspoof_bonafide,1,database/LA/ASVspoof2019_LA_eval/flac/LA_E_6500722.flac,50,3.7676912546157837,-0.8056232929229736,5.816112458705902,-1.0126357078552246,6.1235644817352295,5.015305519104004
a11_bona_007_LA_E_3651348,a11_bona_007,asvspoof_bonafide,1,database/LA/ASVspoof2019_LA_eval/flac/LA_E_3651348.flac,50,1.7853913307189941,-1.4337102174758911,4.778612494468689,-3.8019485473632812,7.001541554927826,-3.9313571453094482
a11_bona_008_LA_E_7578678,a11_bona_008,asvspoof_bonafide,1,database/LA/ASVspoof2019_LA_eval/flac/LA_E_7578678.flac,50,2.201320171356201,-0.7970582842826843,5.628663212060928,-0.40276917815208435,6.501127541065216,2.317354440689087
a11_bona_009_LA_E_8881522,a11_bona_009,asvspoof_bonafide,1,database/LA/ASVspoof2019_LA_eval/flac/LA_E_8881522.flac,50,2.1199941635131836,-1.3868297338485718,4.51591956615448,-0.36597585678100586,7.140909194946289,1.323707103729248
a11_bona_010_LA_E_1636866,a11_bona_010,asvspoof_bonafide,1,database/LA/ASVspoof2019_LA_eval/flac/LA_E_1636866.flac,50,1.112391471862793,-0.47626543045043945,3.079690456390381,-0.873369574546814,6.093676775693893,1.4476953744888306
a11_bona_011_LA_E_7984621,a11_bona_011,asvspoof_bonafide,1,database/LA/ASVspoof2019_LA_eval/flac/LA_E_7984621.flac,50,1.8855743408203125,-2.4779815673828125,4.670027852058411,-1.4004782438278198,4.555129170417786,-0.486108660697937
a11_bona_012_LA_E_2456681,a11_bona_012,asvspoof_bonafide,1,database/LA/ASVspoof2019_LA_eval/flac/LA_E_2456681.flac,50,2.8785247802734375,-2.9916794300079346,4.052130222320557,-1.2366745471954346,6.756814688444138,-0.6932993531227112
a11_bona_013_LA_E_8057592,a11_bona_013,asvspoof_bonafide,1,database/LA/ASVspoof2019_LA_eval/flac/LA_E_8057592.flac,50,2.154736042022705,-1.3556917905807495,5.10897970199585,-0.649380624294281,7.001055359840393,0.2065521478652954
a11_bona_014_LA_E_4595991,a11_bona_014,asvspoof_bonafide,1,database/LA/ASVspoof2019_LA_eval/flac/LA_E_4595991.flac,50,1.0823774337768555,-0.3428390920162201,3.4940221309661865,-0.6071338057518005,7.042106747627258,-0.72539222240448
a11_bona_015_LA_E_9917448,a11_bona_015,asvspoof_bonafide,1,database/LA/ASVspoof2019_LA_eval/flac/LA_E_9917448.flac,50,1.3223848342895508,-1.149643898010254,3.097930908203125,-1.0863919258117676,6.346795067191124,0.603269636631012
a11_bona_016_LA_E_4861467,a11_bona_016,asvspoof_bonafide,1,database/LA/ASVspoof2019_LA_eval/flac/LA_E_4861467.flac,50,2.8913559913635254,-2.8746771812438965,5.13912832736969,-0.9703785181045532,6.075710270553827,2.0268044471740723
a11_bona_017_LA_E_4817837,a11_bona_017,asvspoof_bonafide,1,database/LA/ASVspoof2019_LA_eval/flac/LA_E_4817837.flac,50,1.4265937805175781,-1.17791748046875,1.7663850784301758,-0.7475042939186096,5.972641587257385,3.051837921142578
a11_bona_018_LA_E_9529895,a11_bona_018,asvspoof_bonafide,1,database/LA/ASVspoof2019_LA_eval/flac/LA_E_9529895.flac,50,1.1806669235229492,-1.7653895616531372,1.892618179321289,-0.4637088179588318,3.903515577316284,1.1304045915603638
a11_bona_019_LA_E_7200211,a11_bona_019,asvspoof_bonafide,1,database/LA/ASVspoof2019_LA_eval/flac/LA_E_7200211.flac,50,4.2949594259262085,-1.5131796598434448,6.357229471206665,-1.1122390031814575,5.658268302679062,5.393534183502197
a11_bona_020_LA_E_9782835,a11_bona_020,asvspoof_bonafide,1,database/LA/ASVspoof2019_LA_eval/flac/LA_E_9782835.flac,50,2.361726999282837,-0.9431896805763245,3.3170409202575684,-0.7496597170829773,5.933061435818672,1.3780266046524048
a11_bona_021_LA_E_3216271,a11_bona_021,asvspoof_bonafide,1,database/LA/ASVspoof2019_LA_eval/flac/LA_E_3216271.flac,50,4.246902942657471,-1.0262953042984009,5.395941063761711,1.894661784172058,6.751256823539734,2.269711971282959
a11_bona_022_LA_E_1615488,a11_bona_022,asvspoof_bonafide,1,database/LA/ASVspoof2019_LA_eval/flac/LA_E_1615488.flac,50,3.352872371673584,-0.8884634971618652,5.670511245727539,-1.3428400754928589,5.709514230489731,4.594200134277344
a11_bona_023_LA_E_4334060,a11_bona_023,asvspoof_bonafide,1,database/LA/ASVspoof2019_LA_eval/flac/LA_E_4334060.flac,50,2.2894949913024902,-1.2747907638549805,4.794778108596802,-0.7018663883209229,6.0612010806798935,0.0712093859910965
a11_bona_024_LA_E_9195705,a11_bona_024,asvspoof_bonafide,1,database/LA/ASVspoof2019_LA_eval/flac/LA_E_9195705.flac,50,2.7289023399353027,-1.1102392673492432,5.569017708301544,-0.8916718363761902,7.149842023849487,3.1783523559570312
a11_bona_025_LA_E_2569009,a11_bona_025,asvspoof_bonafide,1,database/LA/ASVspoof2019_LA_eval/flac/LA_E_2569009.flac,50,3.3849658966064453,-1.4336750507354736,4.355372905731201,-1.0861666202545166,5.3778557777404785,-0.2594948410987854
a11_bona_026_LA_E_5358177,a11_bona_026,asvspoof_bonafide,1,database/LA/ASVspoof2019_LA_eval/flac/LA_E_5358177.flac,50,2.1070024967193604,-1.6102523803710938,4.051170468330383,-0.114142045378685,6.147826254367828,0.40035519003868103
a11_bona_027_LA_E_3515491,a11_bona_027,asvspoof_bonafide,1,database/LA/ASVspoof2019_LA_eval/flac/LA_E_3515491.flac,50,0.8085122108459473,-0.5066901445388794,3.1794259548187256,-1.2911008596420288,7.273167729377747,-0.0733671486377716
a11_bona_028_LA_E_6572074,a11_bona_028,asvspoof_bonafide,1,database/LA/ASVspoof2019_LA_eval/flac/LA_E_6572074.flac,50,2.634571075439453,-1.7065130472183228,6.505191922187805,-2.947333335876465,6.90073037147522,-0.5387504696846008
a11_bona_029_LA_E_9795129,a11_bona_029,asvspoof_bonafide,1,database/LA/ASVspoof2019_LA_eval/flac/LA_E_9795129.flac,50,0.9046339988708496,3.892388105392456,4.051301002502441,-0.7039481401443481,6.215686853975058,2.6575205326080322
a11_bona_030_LA_E_9006627,a11_bona_030,asvspoof_bonafide,1,database/LA/ASVspoof2019_LA_eval/flac/LA_E_9006627.flac,50,3.2705767154693604,-1.2441424131393433,5.403404075652361,-5.999400615692139,6.505544543266296,-6.112142086029053
a11_bona_031_LA_E_9647402,a11_bona_031,asvspoof_bonafide,1,database/LA/ASVspoof2019_LA_eval/flac/LA_E_9647402.flac,50,3.2681074142456055,-1.5746060609817505,5.625596702098846,-2.3107497692108154,6.826554894447327,-1.004632592201233
a11_bona_032_LA_E_5331965,a11_bona_032,asvspoof_bonafide,1,database/LA/ASVspoof2019_LA_eval/flac/LA_E_5331965.flac,50,1.2779583930969238,-1.5649876594543457,1.280470848083496,1.7701518535614014,2.8307888507843018,4.4833149909973145
a11_bona_033_LA_E_2793337,a11_bona_033,asvspoof_bonafide,1,database/LA/ASVspoof2019_LA_eval/flac/LA_E_2793337.flac,50,2.2816808223724365,-1.0516542196273804,5.234941363334656,-0.9638534784317017,5.245014309883118,3.4483659267425537
a11_bona_034_LA_E_7187204,a11_bona_034,asvspoof_bonafide,1,database/LA/ASVspoof2019_LA_eval/flac/LA_E_7187204.flac,50,1.530186653137207,-0.7424694299697876,1.9230222702026367,2.4363160133361816,2.106975555419922,4.1815361976623535
a11_bona_035_LA_E_1581815,a11_bona_035,asvspoof_bonafide,1,database/LA/ASVspoof2019_LA_eval/flac/LA_E_1581815.flac,50,2.7445569038391113,-1.1755589246749878,6.067964851856232,-1.4147933721542358,7.466111898422241,-0.5986397862434387
a11_bona_036_LA_E_4157017,a11_bona_036,asvspoof_bonafide,1,database/LA/ASVspoof2019_LA_eval/flac/LA_E_4157017.flac,50,2.6573588848114014,-1.5350379943847656,3.252884864807129,0.17413605749607086,6.400583043694496,0.9623018503189087
a11_bona_037_LA_E_2253129,a11_bona_037,asvspoof_bonafide,1,database/LA/ASVspoof2019_LA_eval/flac/LA_E_2253129.flac,50,0.6951055526733398,-0.7108745574951172,1.3373188972473145,-1.1848915815353394,4.128476858139038,-0.8623762726783752
a11_bona_038_LA_E_3429507,a11_bona_038,asvspoof_bonafide,1,database/LA/ASVspoof2019_LA_eval/flac/LA_E_3429507.flac,50,2.9543278217315674,-1.7049639225006104,3.8709752559661865,-1.3378695249557495,6.001910209655762,-0.4880940914154053
a11_bona_039_LA_E_7721272,a11_bona_039,asvspoof_bonafide,1,database/LA/ASVspoof2019_LA_eval/flac/LA_E_7721272.flac,50,3.208550453186035,-1.2266682386398315,5.6027737855911255,-0.9493241310119629,6.2976983189582825,-0.2517123520374298
a11_bona_040_LA_E_7879827,a11_bona_040,asvspoof_bonafide,1,database/LA/ASVspoof2019_LA_eval/flac/LA_E_7879827.flac,50,4.259282231330872,-2.79072904586792,5.804953325539827,-0.777580976486206,7.904382228851318,-0.45862144231796265
a11_bona_041_LA_E_7690893,a11_bona_041,asvspoof_bonafide,1,database/LA/ASVspoof2019_LA_eval/flac/LA_E_7690893.flac,50,1.3131041526794434,-1.1487749814987183,2.5593576431274414,-1.6377218961715698,4.514276385307312,-0.6860037446022034
a11_bona_042_LA_E_2894759,a11_bona_042,asvspoof_bonafide,1,database/LA/ASVspoof2019_LA_eval/flac/LA_E_2894759.flac,50,3.6285260915756226,-1.414382815361023,5.716051295399666,-3.1220240592956543,4.85907256603241,3.3745932579040527
a11_bona_043_LA_E_4606649,a11_bona_043,asvspoof_bonafide,1,database/LA/ASVspoof2019_LA_eval/flac/LA_E_4606649.flac,50,1.142137050628662,-0.13583065569400787,3.29087495803833,-1.4098902940750122,5.524713158607483,-3.962799072265625
a11_bona_044_LA_E_7629534,a11_bona_044,asvspoof_bonafide,1,database/LA/ASVspoof2019_LA_eval/flac/LA_E_7629534.flac,50,6.062845289707184,-3.281811237335205,6.6858367919921875,-1.386891484260559,6.8526294231414795,-0.6904482841491699
a11_bona_045_LA_E_5801034,a11_bona_045,asvspoof_bonafide,1,database/LA/ASVspoof2019_LA_eval/flac/LA_E_5801034.flac,50,3.1997618675231934,-1.7597028017044067,4.134156227111816,-0.8093686103820801,6.191054165363312,0.5173737406730652
a11_bona_046_LA_E_2252816,a11_bona_046,asvspoof_bonafide,1,database/LA/ASVspoof2019_LA_eval/flac/LA_E_2252816.flac,50,3.1913721561431885,-0.7121991515159607,7.1960766315460205,-0.6443544626235962,7.188301086425781,4.30763578414917
a11_bona_047_LA_E_7072113,a11_bona_047,asvspoof_bonafide,1,database/LA/ASVspoof2019_LA_eval/flac/LA_E_7072113.flac,50,3.7162766456604004,-1.5425533056259155,5.069196939468384,-0.6839475631713867,7.165179967880249,1.242608904838562
a11_bona_048_LA_E_2168860,a11_bona_048,asvspoof_bonafide,1,database/LA/ASVspoof2019_LA_eval/flac/LA_E_2168860.flac,50,2.652733087539673,-2.4524753093719482,3.688471555709839,-4.359254837036133,3.8481318950653076,-3.872429609298706
a11_bona_049_LA_E_6271117,a11_bona_049,asvspoof_bonafide,1,database/LA/ASVspoof2019_LA_eval/flac/LA_E_6271117.flac,50,2.2518630027770996,-1.0431941747665405,5.539020776748657,-1.032106876373291,7.5880221128463745,4.074958801269531
a11_bona_050_LA_E_3974977,a11_bona_050,asvspoof_bonafide,1,database/LA/ASVspoof2019_LA_eval/flac/LA_E_3974977.flac,50,1.3792624473571777,-0.9432939291000366,1.8048014640808105,0.4958648085594177,4.741441488265991,-0.7045935392379761
a11_bona_051_LA_E_6076795,a11_bona_051,asvspoof_bonafide,1,database/LA/ASVspoof2019_LA_eval/flac/LA_E_6076795.flac,50,1.411107063293457,-1.5196515321731567,3.9828399419784546,-1.2960141897201538,6.39407742023468,0.05735228583216667
a11_bona_052_LA_E_7924681,a11_bona_052,asvspoof_bonafide,1,database/LA/ASVspoof2019_LA_eval/flac/LA_E_7924681.flac,50,1.982966423034668,-1.1416237354278564,4.91255521774292,-0.733288049697876,6.969676494598389,-0.3896448016166687
a11_bona_053_LA_E_5818473,a11_bona_053,asvspoof_bonafide,1,database/LA/ASVspoof2019_LA_eval/flac/LA_E_5818473.flac,50,1.1478228569030762,-0.9768177270889282,3.031108856201172,-2.9752321243286133,6.179411273449659,-0.8831770420074463
a11_bona_054_LA_E_7266939,a11_bona_054,asvspoof_bonafide,1,database/LA/ASVspoof2019_LA_eval/flac/LA_E_7266939.flac,50,1.8047542572021484,-1.4750345945358276,4.787237524986267,-1.557611346244812,7.055639743804932,-0.9254010915756226
a11_bona_055_LA_E_3144502,a11_bona_055,asvspoof_bonafide,1,database/LA/ASVspoof2019_LA_eval/flac/LA_E_3144502.flac,50,2.7575771808624268,-1.862532615661621,3.437723159790039,-1.1887633800506592,5.851496547460556,-0.3577601909637451
a11_bona_056_LA_E_9266777,a11_bona_056,asvspoof_bonafide,1,database/LA/ASVspoof2019_LA_eval/flac/LA_E_9266777.flac,50,2.1239888668060303,-1.6293343305587769,4.665482521057129,-1.5787912607192993,6.42235791683197,-1.0073374509811401
a11_bona_057_LA_E_6283390,a11_bona_057,asvspoof_bonafide,1,database/LA/ASVspoof2019_LA_eval/flac/LA_E_6283390.flac,50,0.8702492713928223,-0.3908050060272217,3.593380928039551,-4.4256744384765625,6.282316967844963,-4.211019515991211
a11_bona_058_LA_E_3165045,a11_bona_058,asvspoof_bonafide,1,database/LA/ASVspoof2019_LA_eval/flac/LA_E_3165045.flac,50,5.892289310693741,-1.7895879745483398,6.777063995599747,-0.020203445106744766,7.446998715400696,3.7633471488952637
a11_bona_059_LA_E_8394624,a11_bona_059,asvspoof_bonafide,1,database/LA/ASVspoof2019_LA_eval/flac/LA_E_8394624.flac,50,3.262859582901001,-1.5658047199249268,4.987751603126526,0.13803750276565552,5.292361259460449,5.031578540802002
a11_bona_060_LA_E_4610908,a11_bona_060,asvspoof_bonafide,1,database/LA/ASVspoof2019_LA_eval/flac/LA_E_4610908.flac,50,0.988807201385498,-1.1486674547195435,2.5200369358062744,-1.593899130821228,4.71871817111969,-0.3750234544277191
a11_bona_061_LA_E_9214440,a11_bona_061,asvspoof_bonafide,1,database/LA/ASVspoof2019_LA_eval/flac/LA_E_9214440.flac,50,1.3296103477478027,-1.4298142194747925,2.420301914215088,-1.0172903537750244,4.8918105363845825,0.33193886280059814
a11_bona_062_LA_E_8610376,a11_bona_062,asvspoof_bonafide,1,database/LA/ASVspoof2019_LA_eval/flac/LA_E_8610376.flac,50,2.261927366256714,-1.2887903451919556,7.1289713978767395,-0.9232041835784912,7.148178458213806,4.952048301696777
a11_bona_063_LA_E_5483459,a11_bona_063,asvspoof_bonafide,1,database/LA/ASVspoof2019_LA_eval/flac/LA_E_5483459.flac,50,1.9251909255981445,-2.7393527030944824,4.412302851676941,-2.1333727836608887,6.885705351829529,-0.9117230176925659
a11_bona_064_LA_E_3070188,a11_bona_064,asvspoof_bonafide,1,database/LA/ASVspoof2019_LA_eval/flac/LA_E_3070188.flac,50,2.8435962200164795,-1.4673620462417603,4.261290192604065,-1.2625631093978882,5.754713848233223,-1.6006430387496948
a11_bona_065_LA_E_7306091,a11_bona_065,asvspoof_bonafide,1,database/LA/ASVspoof2019_LA_eval/flac/LA_E_7306091.flac,50,1.719855785369873,-2.023604393005371,4.641041874885559,-1.5463435649871826,2.715993642807007,5.380983352661133
a11_bona_066_LA_E_4230026,a11_bona_066,asvspoof_bonafide,1,database/LA/ASVspoof2019_LA_eval/flac/LA_E_4230026.flac,50,1.264908790588379,-1.233229398727417,3.074981927871704,-0.5742271542549133,5.711602568626404,3.020728588104248
a11_bona_067_LA_E_4868247,a11_bona_067,asvspoof_bonafide,1,database/LA/ASVspoof2019_LA_eval/flac/LA_E_4868247.flac,50,1.7010283470153809,-0.8441529870033264,2.8796989917755127,2.166104316711426,6.574836373329163,-0.899782657623291
a11_bona_068_LA_E_9839751,a11_bona_068,asvspoof_bonafide,1,database/LA/ASVspoof2019_LA_eval/flac/LA_E_9839751.flac,50,2.567729949951172,-2.2908236980438232,3.980076789855957,-0.996110200881958,5.878915697336197,-0.9646997451782227
a11_bona_069_LA_E_7277286,a11_bona_069,asvspoof_bonafide,1,database/LA/ASVspoof2019_LA_eval/flac/LA_E_7277286.flac,50,2.8813343048095703,-0.8879613280296326,3.2502143383026123,-0.3183808922767639,5.619852960109711,0.35177481174468994
a11_bona_070_LA_E_7961634,a11_bona_070,asvspoof_bonafide,1,database/LA/ASVspoof2019_LA_eval/flac/LA_E_7961634.flac,50,0.9137535095214844,-1.8414371013641357,1.8249702453613281,-0.8553906679153442,5.819252014160156,3.5864639282226562
a11_bona_071_LA_E_1783411,a11_bona_071,asvspoof_bonafide,1,database/LA/ASVspoof2019_LA_eval/flac/LA_E_1783411.flac,50,2.472790241241455,-3.430375576019287,3.3360025882720947,-1.4648936986923218,6.852272629737854,-2.2620162963867188
a11_bona_072_LA_E_9419760,a11_bona_072,asvspoof_bonafide,1,database/LA/ASVspoof2019_LA_eval/flac/LA_E_9419760.flac,50,0.9249963760375977,-1.3392256498336792,1.7397785186767578,-0.662410318851471,5.364286482334137,2.581995964050293
a11_bona_073_LA_E_2511059,a11_bona_073,asvspoof_bonafide,1,database/LA/ASVspoof2019_LA_eval/flac/LA_E_2511059.flac,50,1.6173744201660156,-3.137312412261963,2.9857606887817383,-1.3933297395706177,7.20976984500885,0.44452524185180664
a11_bona_074_LA_E_9957197,a11_bona_074,asvspoof_bonafide,1,database/LA/ASVspoof2019_LA_eval/flac/LA_E_9957197.flac,50,2.5142738819122314,-1.6015349626541138,6.62798810005188,-2.927915573120117,6.882297575473785,-0.44291290640830994
a11_bona_075_LA_E_4884352,a11_bona_075,asvspoof_bonafide,1,database/LA/ASVspoof2019_LA_eval/flac/LA_E_4884352.flac,50,2.7324490547180176,-2.8022305965423584,4.777357220649719,-3.477896213531494,6.339561507105827,-1.3030948638916016
a11_bona_076_LA_E_9999235,a11_bona_076,asvspoof_bonafide,1,database/LA/ASVspoof2019_LA_eval/flac/LA_E_9999235.flac,50,0.838310718536377,-1.2098912000656128,1.7616329193115234,-0.07164455950260162,5.134332299232483,0.9002270102500916
a11_bona_077_LA_E_5272368,a11_bona_077,asvspoof_bonafide,1,database/LA/ASVspoof2019_LA_eval/flac/LA_E_5272368.flac,50,3.1280627250671387,-1.454100489616394,5.150946021080017,-3.1051158905029297,6.416764885187149,-0.9975680112838745
a11_bona_078_LA_E_6482711,a11_bona_078,asvspoof_bonafide,1,database/LA/ASVspoof2019_LA_eval/flac/LA_E_6482711.flac,50,4.817649841308594,-1.3294061422348022,5.650900334119797,-0.7928812503814697,5.112303733825684,4.734507083892822
a11_bona_079_LA_E_8123735,a11_bona_079,asvspoof_bonafide,1,database/LA/ASVspoof2019_LA_eval/flac/LA_E_8123735.flac,50,2.7204346656799316,-1.4933631420135498,3.325613498687744,-0.5755048990249634,4.584665417671204,5.467329025268555
a11_bona_080_LA_E_5934978,a11_bona_080,asvspoof_bonafide,1,database/LA/ASVspoof2019_LA_eval/flac/LA_E_5934978.flac,50,2.7413816452026367,-2.2169690132141113,6.4382635951042175,-1.4639300107955933,6.881959557533264,2.1473987102508545
a11_bona_081_LA_E_5533127,a11_bona_081,asvspoof_bonafide,1,database/LA/ASVspoof2019_LA_eval/flac/LA_E_5533127.flac,50,1.1053333282470703,-0.7830079197883606,1.6113972663879395,-0.7039690613746643,2.656318187713623,4.5472493171691895
a11_bona_082_LA_E_3627379,a11_bona_082,asvspoof_bonafide,1,database/LA/ASVspoof2019_LA_eval/flac/LA_E_3627379.flac,50,3.2748870849609375,-1.4693974256515503,4.811493813991547,-1.8161998987197876,5.32139179110527,-0.1616523563861847
a11_bona_083_LA_E_9296375,a11_bona_083,asvspoof_bonafide,1,database/LA/ASVspoof2019_LA_eval/flac/LA_E_9296375.flac,50,2.0243282318115234,-1.174486756324768,3.6860480308532715,-0.6146421432495117,6.638938128948212,-0.7166461944580078
a11_bona_084_LA_E_8211861,a11_bona_084,asvspoof_bonafide,1,database/LA/ASVspoof2019_LA_eval/flac/LA_E_8211861.flac,50,1.9670147895812988,-1.8258671760559082,3.1656558513641357,-0.9824227094650269,6.55430406332016,4.892004489898682
a11_bona_085_LA_E_8404271,a11_bona_085,asvspoof_bonafide,1,database/LA/ASVspoof2019_LA_eval/flac/LA_E_8404271.flac,50,2.455724000930786,-0.8283546566963196,3.777923583984375,0.23525065183639526,5.212438404560089,-0.41313350200653076
a11_bona_086_LA_E_8185828,a11_bona_086,asvspoof_bonafide,1,database/LA/ASVspoof2019_LA_eval/flac/LA_E_8185828.flac,50,0.7920026779174805,-0.7807401418685913,4.267910361289978,-1.2200580835342407,4.692893385887146,3.8021583557128906
a11_bona_087_LA_E_3065062,a11_bona_087,asvspoof_bonafide,1,database/LA/ASVspoof2019_LA_eval/flac/LA_E_3065062.flac,50,1.5148186683654785,-0.2869308888912201,3.3956992626190186,-3.1841537952423096,6.236469641327858,-3.3644521236419678
a11_bona_088_LA_E_6952476,a11_bona_088,asvspoof_bonafide,1,database/LA/ASVspoof2019_LA_eval/flac/LA_E_6952476.flac,50,0.9767360687255859,-0.014406632632017136,5.944088160991669,-0.85240238904953,7.305724382400513,2.640133857727051
a11_bona_089_LA_E_5049397,a11_bona_089,asvspoof_bonafide,1,database/LA/ASVspoof2019_LA_eval/flac/LA_E_5049397.flac,50,1.3239631652832031,-1.3048036098480225,3.4284276962280273,-1.2795003652572632,5.841064423322678,-0.9190303087234497
a11_bona_090_LA_E_3356829,a11_bona_090,asvspoof_bonafide,1,database/LA/ASVspoof2019_LA_eval/flac/LA_E_3356829.flac,50,0.6881723403930664,4.365006446838379,2.742556571960449,-0.13506220281124115,4.444363713264465,1.2290624380111694
a11_bona_091_LA_E_1309915,a11_bona_091,asvspoof_bonafide,1,database/LA/ASVspoof2019_LA_eval/flac/LA_E_1309915.flac,50,1.3484382629394531,-0.6714228987693787,4.730848073959351,-1.3890624046325684,6.396266222000122,-0.2799893021583557
a11_bona_092_LA_E_8439668,a11_bona_092,asvspoof_bonafide,1,database/LA/ASVspoof2019_LA_eval/flac/LA_E_8439668.flac,50,1.4256763458251953,-1.3553355932235718,4.263391017913818,-0.8801265954971313,3.612226724624634,4.619283676147461
a11_bona_093_LA_E_7337420,a11_bona_093,asvspoof_bonafide,1,database/LA/ASVspoof2019_LA_eval/flac/LA_E_7337420.flac,50,3.226698398590088,-1.3028639554977417,5.315567255020142,-1.2229896783828735,7.050500988960266,-0.24010010063648224
a11_bona_094_LA_E_7483475,a11_bona_094,asvspoof_bonafide,1,database/LA/ASVspoof2019_LA_eval/flac/LA_E_7483475.flac,50,2.235008716583252,-1.4650037288665771,3.4355201721191406,-0.7476072311401367,6.227704260498285,1.4414249658584595
a11_bona_095_LA_E_3049507,a11_bona_095,asvspoof_bonafide,1,database/LA/ASVspoof2019_LA_eval/flac/LA_E_3049507.flac,50,3.698575258255005,-1.3767236471176147,5.864551264792681,-0.8261962532997131,6.227219969034195,4.719964504241943
a11_bona_096_LA_E_1715598,a11_bona_096,asvspoof_bonafide,1,database/LA/ASVspoof2019_LA_eval/flac/LA_E_1715598.flac,50,0.8020753860473633,-0.9188401699066162,2.7901058197021484,-0.5061308145523071,7.180219769477844,-0.3295154571533203
a11_bona_097_LA_E_2781588,a11_bona_097,asvspoof_bonafide,1,database/LA/ASVspoof2019_LA_eval/flac/LA_E_2781588.flac,50,3.3819642066955566,-1.4183470010757446,6.5751564502716064,0.141683429479599,-0.5367679595947266,5.920681476593018
a11_bona_098_LA_E_4517012,a11_bona_098,asvspoof_bonafide,1,database/LA/ASVspoof2019_LA_eval/flac/LA_E_4517012.flac,50,1.7051198482513428,1.734466314315796,4.343732476234436,-1.2170993089675903,6.186634182929993,-1.7616761922836304
a11_bona_099_LA_E_6873356,a11_bona_099,asvspoof_bonafide,1,database/LA/ASVspoof2019_LA_eval/flac/LA_E_6873356.flac,50,3.8107441663742065,-3.340747594833374,5.057412683963776,-1.1184550523757935,6.537440299987793,-2.222660541534424
