sample_key,pair_id,analysis_cluster,label,path,duration_s,content_fraction,ig_delta,low_frac,mid_frac,high_frac,speech_frac,silence_frac,silence_duration_frac,gini,entropy,topk_1pct,topk_5pct,topk_10pct,bonafide_logit,difficulty,language
1002_english_fake_1002,1002,72fa4494c0ae90905d3e7b046cced92d9dfd9a1dfe7bd6b417b25b624c3ede012ea9f4347190f7df632505485b9b85aee0eab6012f82eedcede303e47450e7d7,0,english_griffinlim_eval_final/fake_english_griffinlim/english_fake_1002.wav,2.136,0.5290402476780186,1.1281918138814682,0.7869015065070664,0.1451682410007257,0.0679302524922079,1.0,0.0,0.0,0.7590486040187727,14.252153393368998,0.1671846108035633,0.4479717424426192,0.6240058522089222,-0.2254149168729782,0.2754276543855667,english
1032_english_fake_1032,1032,a67ea11203bf123fcd175858ced893c999654827e1be9016973959723c52339bcc804a4b6c052cf0dd3c0b189fdb22207e8a0bae5e2f02245083c80d76d730a3,0,english_griffinlim_eval_final/fake_english_griffinlim/english_fake_1032.wav,5.688,1.0,2.5239619438881795,0.8587785624727909,0.0822271431987223,0.0589942943284866,1.0,0.0,0.0,0.683792961506982,14.67802884362042,0.1262466093767572,0.3547582632778974,0.5190016550226972,0.4844375550746918,0.9852801263332367,english
1036_english_fake_1036,1036,d1813b3a39bbd5d6f35e04e8e2151930a40e56cefcc57eb71351d6cde06a360b99e6c7791989ff337b308103b8dd7f2f705c01f88506ec4146042276b5a122ce,0,english_griffinlim_eval_final/fake_english_griffinlim/english_fake_1036.wav,6.6,1.0,-0.3824471094444384,0.8186194919546355,0.111336979101438,0.0700435289439263,1.0,0.0,0.0,0.6818631842818081,14.662512498494827,0.1374386021967491,0.3696643534883985,0.5264135209172125,0.2274398952722549,0.7282824665307999,english
1044_english_fake_1044,1044,2613068726292355af6306df9b9448429d185bd61430a67718d1da33e22d3b695383a562c5a385f7df0cfd18b3cda8fa718e306ac9879707519a3ccaddb00154,0,english_griffinlim_eval_final/fake_english_griffinlim/english_fake_1044.wav,5.424,1.0,-5.01874858318029,0.940026903683253,0.0406656988404597,0.0193073974762872,1.0,0.0,0.0,0.6867854780760472,14.68028534817596,0.1210143553069815,0.3444966158842342,0.5091150075456663,-6.045958995819092,-5.545116424560547,english
1048_english_fake_1048,1048,47eab07d923d67d86227a7cef43ba747a0bb73c42ddf79a028f02e524bcb7ec8958a0f8f0c9365130c8ace2dfb83390d035ce5950b19f38463079bf11f5509eb,0,english_griffinlim_eval_final/fake_english_griffinlim/english_fake_1048.wav,3.0,0.7430340557275542,1.463958465458462,0.8300749721683935,0.143671516072426,0.0262535117591804,1.0,0.0,0.0,0.8177199191230915,13.842195462305032,0.2018045603416194,0.5190188754547232,0.7059529072229186,4.983749866485596,5.484592437744141,english
1050_english_fake_1050,1050,d1c5f949b950acff73774df763348084cac3b5e4d3593069e091c5962357ac3ee43613ca3ae0bd45d12357dc37c535b5f1016945d71f74f1f3dfa8f8e0995338,0,english_griffinlim_eval_final/fake_english_griffinlim/english_fake_1050.wav,2.688,0.6657585139318887,-0.3989281309643386,0.5736222851309671,0.344290975810349,0.0820867390586838,1.0,0.0,0.0,0.7488453954511634,14.306377299907927,0.1669783329859481,0.4327792090337262,0.6047702851661284,-0.652477502822876,-0.15163493156433105,english
1053_english_fake_1053,1053,e543cc12c580c37bb3b8b3f7904755db09992fc3d80a6166c231ad1dd6ac939bd8dc0a9e857b6d160cd42ebc5f8e9c9cd086e289027f1efa0ed914e44537b513,0,english_griffinlim_eval_final/fake_english_griffinlim/english_fake_1053.wav,4.824,1.0,-0.1861303600237702,0.8165765583498888,0.0982477957891855,0.0851756458609257,1.0,0.0,0.0,0.7201131872180138,14.45292232536404,0.1603674745819164,0.4151258053318095,0.5764644231736552,0.5787286162376404,1.0795711874961853,english
1056_english_fake_1056,1056,ec89bf72638f6265060c86f7407b002bb309d6f741e3a5fd806c873e17b7fe6fc8709aa83aa29f2fd8fb85c32e4362da17de510e68100b9ab69112a7a4b98a8b,0,english_griffinlim_eval_final/fake_english_griffinlim/english_fake_1056.wav,3.624,0.8975851393188855,-0.2040852258205645,0.6608822115631932,0.270443431681476,0.0686743567553307,1.0,0.0,0.0,0.7753007104609155,14.081586958193688,0.2050169261545972,0.482907994160572,0.6492873078104296,4.180591583251953,4.681434154510498,english
1061_english_fake_1061,1061,82f6efc51109b0bf49ddffc1c25f741e829f97693190472af40ef149afc34810117bcf347aa5dc553239a149ca670eb50780f5aa54c5744c7406ea577fb9de23,0,english_griffinlim_eval_final/fake_english_griffinlim/english_fake_1061.wav,3.84,0.9510835913312694,1.1950651322299102,0.7775811504814746,0.1720052766772039,0.0504135728413216,1.0,0.0,0.0,0.8014117019907825,14.009305368486205,0.1729900730246384,0.4768451157086793,0.6685315367417137,-3.4091060161590576,-2.9082634449005127,english
1063_english_fake_1063,1063,409cd65d420a277b83b2021d2f9ed4086713d62a714661a851f13367f9ce3171b940f57dd4216f6c7e6f877ca02bb8d104475499592153735f1c91bd88960a56,0,english_griffinlim_eval_final/fake_english_griffinlim/english_fake_1063.wav,4.056,1.0,-4.26149650076426,0.8644874728720087,0.109492385393064,0.0260201417349273,1.0,0.0,0.0,0.7670214737434753,14.206636939805117,0.1716905623410474,0.4461421699527335,0.6237209922400977,-2.811776161193848,-2.310933589935303,english
1075_english_fake_1075,1075,36922c402abcb8a960e15a726c1eb0bc363d122ae506ce244e70ed2856d94436d80da7151a14c5bdf25b8b780e67ebe3d286677fde1a458b1348677b58ada1ec,0,english_griffinlim_eval_final/fake_english_griffinlim/english_fake_1075.wav,3.348,0.8292260061919505,0.2136966062510694,0.8902477034492801,0.0620190417153619,0.0477332548353579,1.0,0.0,0.0,0.767701183293132,14.13681462460418,0.1990740938457536,0.4803085709196302,0.6429485620664079,-1.982031226158142,-1.4811886548995972,english
108_english_fake_0108,108,7bf8e335b222c8f3eceaee7f9a0e4ada4d4de7d2fa39b6503a2fddb8334e437ba9cd1c7ad266a08048d0a324e2e1147e57b7befa84d4abdaa17a7209b9854567,0,english_griffinlim_eval_final/fake_english_griffinlim/english_fake_0108.wav,5.424,1.0,2.687483505939923,0.7694743463914496,0.1508953546280025,0.0796302989805476,1.0,0.0,0.0,0.6825175195272204,14.674928121293554,0.1293893048359649,0.3557312242657199,0.5161238726284317,-4.101478576660156,-3.6006360054016113,english
1090_english_fake_1090,1090,7901622282b4a34e1b1367e79c8435281595ba66942f5bcd6a63be9d03f1853b9a78cfe7751b28d704b0b71ef0622d4f2286b307c4c4232841726caa7d102f03,0,english_griffinlim_eval_final/fake_english_griffinlim/english_fake_1090.wav,6.876,1.0,-1.5621784378024124,0.7731851451380047,0.1794897575818539,0.0473250972801413,1.0,0.0,0.0,0.7682265343588444,14.18047393747914,0.1771692569842838,0.4626447281086822,0.6373961691979054,4.3242692947387695,4.8251118659973145,english
1097_english_fake_1097,1097,341ce7bb8bca97ea26dbb3fe4bb111a51e5b2173cf305527dbc4155064cf046baab8c77c7fd1dc924893b6282332542e289382f4fc1ba0094799ec30c4d2401c,0,english_griffinlim_eval_final/fake_english_griffinlim/english_fake_1097.wav,3.936,0.9748606811145512,-1.6522839678692662,0.9788825714033764,0.0174920152590032,0.0036254133376202,0.9980912804603576,0.0019087097607553,0.0158513931888544,0.7810731856053135,14.170971107571493,0.1543737168963205,0.4323861775752696,0.6211718852389246,-1.1242538690567017,-0.6234112977981567,english
1101_english_fake_1101,1101,3d500be5f0ac82734ed233877afd75e82a0bbc6ff6317dda86bf1200c1a21c26f1d0923dd27d8a1d0b5a015ab3df12e5e7091a959b21c2da852854f0365fbe5e,0,english_griffinlim_eval_final/fake_english_griffinlim/english_fake_1101.wav,7.92,1.0,-0.6845050949933427,0.8333354123805164,0.1589487493436037,0.0077158382758797,0.9983240365982056,0.0016759687568992,0.0079256965944272,0.7139942891012074,14.541998301079884,0.1343379794808962,0.3744006814648045,0.5438680113560895,-1.7412840127944946,-1.2404414415359497,english
1116_english_fake_1116,1116,57d9be2eeda5fbaad0290c45f4e95813da95e09633d5fd84df35a758151788abec644a351cdf610c7b792561d1db0ac6f122dbc94404646941967bd6f0befd44,0,english_griffinlim_eval_final/fake_english_griffinlim/english_fake_1116.wav,5.4,1.0,2.506647257419819,0.7000270206718533,0.1996243206872209,0.1003486586409257,1.0,0.0,0.0,0.7075157837028894,14.54800206187248,0.1445779319318715,0.3852914940258444,0.5486903342474004,-1.980069041252136,-1.479226469993591,english
1124_english_fake_1124,1124,04a248bc0cc9b8d91ed448e89914226cdc02d79ad7d6e16b1f465a314c309237bd129173d14caf301a038141a7e3e1be76c61c098ad7ed2d91a3cdaf3dd4b7a7,0,english_griffinlim_eval_final/fake_english_griffinlim/english_fake_1124.wav,3.504,0.8678637770897834,-0.2542288808921302,0.8372829153858866,0.1072083189797314,0.0555087656343819,1.0,0.0,0.0,0.8203210958312972,13.790705007919222,0.2094580846112656,0.546954888499406,0.725890633463269,2.949720859527588,3.450563430786133,english
113_english_fake_0113,113,9c08dc6149dbb8f8308a5c383d34ab4637ed7fe1a9609e59d193cedb16c652716b6615184dfc6897be7e21f904ce1f1a9b58db97f543075f88c128f2c24da8b2,0,english_griffinlim_eval_final/fake_english_griffinlim/english_fake_0113.wav,6.48,1.0,-3.4938142018136205,0.5209665781084797,0.3171831408282538,0.1618502810632664,1.0,0.0,0.0,0.7427308490662783,14.234170937207429,0.2033857298406015,0.4470237838105164,0.6003287733968041,-5.891564846038818,-5.390722274780273,english
125_english_fake_0125,125,a6dfe0e31661197a82a0558dd1eeb2ce3f898d4cbfc740cf28766768e8fe5901cb2fbdcfa2b6a980993832d144a8a1865bc69af3ddafe929f660c90b23d94fb8,0,english_griffinlim_eval_final/fake_english_griffinlim/english_fake_0125.wav,3.744,0.9273065015479878,0.3631874913057409,0.7112628895674297,0.2031908100596804,0.0855463003728897,1.0,0.0,0.0,0.7320705056429639,14.387039465639385,0.1644170991671172,0.4268347276018445,0.5917757816294328,1.524736762046814,2.025579333305359,english
142_english_fake_0142,142,c42a23f67177dda1636890108c1e4bdb0a076c2e6a863ba282eff5f7753b76902fb745b9e6b9ce2ffd2f7fe5c150228e15ba0bf7a36c23a5000470a494878d53,0,english_griffinlim_eval_final/fake_english_griffinlim/english_fake_0142.wav,5.016,1.0,0.4097545140391965,0.7898972855383534,0.1547973375991215,0.0553053768625251,1.0,0.0,0.0,0.7550940078788135,14.25168980304904,0.1771012170012074,0.4516315555478897,0.6197938678806757,-1.6435540914535522,-1.1427115201950073,english
146_english_fake_0146,146,f53fbd579558bad737c60acebb98f882914859e93b5dca543a0e42fec1b50d133581e268f275656ab05ef0b606c0552fe22920a2c67ff22e44a3b162ef51f63e,0,english_griffinlim_eval_final/fake_english_griffinlim/english_fake_0146.wav,5.076,1.0,1.443169670940712,0.7398360531835901,0.1995900586377272,0.0605738881786826,1.0,0.0,0.0,0.7084646913390353,14.540057823335957,0.1431293252812271,0.388804981324492,0.5555257176383549,-5.54449462890625,-5.043652057647705,english
156_english_fake_0156,156,b15d4bf1cec79fab48b4b54ed50287b51593be2f5eece61b2e8384a25677e1c5a981559fa92dfc6b32f78906e4bc661ab51acf779451c06bd827987f0a2a6646,0,english_griffinlim_eval_final/fake_english_griffinlim/english_fake_0156.wav,3.84,0.9510835913312694,0.6648635630461861,0.7531573869934373,0.1771998836972199,0.0696427293093427,1.0,0.0,0.0,0.7606211787572894,14.17300273292657,0.197141489190393,0.4714057860696759,0.6336855279061087,-2.822793483734131,-2.321950912475586,english
166_english_fake_0166,166,df63f060fc8bc48ff5170190067300d14da1bcdf1088857191d40e924ec66568597c0b4093ac6b361ac07e7f88cb87a5768cdf077ffb613336bb413a78379282,0,english_griffinlim_eval_final/fake_english_griffinlim/english_fake_0166.wav,3.552,0.8797523219814243,1.4338370846232742,0.4431690032315561,0.4946059982628228,0.0622249985056211,1.0,0.0,0.0,0.8717734807800914,12.993877290185242,0.3571814304045411,0.717229207252641,0.8282099224400561,-0.6024424433708191,-0.10159987211227417,english
188_english_fake_0188,188,deb84f2071c433e699d881d69ca709979161da7ea1de4cab0046ce737b31d9fca1e9d7b5b765082ae872201fbff90905e718bacf89af718feeafbcb3f2f97f99,0,english_griffinlim_eval_final/fake_english_griffinlim/english_fake_0188.wav,4.968,1.0,-0.98184351387083,0.7880680865601615,0.1583284471146807,0.0536034663251577,1.0,0.0,0.0,0.7255144371798634,14.37365763574795,0.1852401815726995,0.4333246192782915,0.584390199641603,-6.039366722106934,-5.538524150848389,english
190_english_fake_0190,190,33450eb388de60fa6a9907092ae242b8df433c71557ab6b6908373c3300bd9c11890a52fa8f4ecac0a91ecb4c49edc7acb6e1287396a1f28f5b8f1fc1c66107c,0,english_griffinlim_eval_final/fake_english_griffinlim/english_fake_0190.wav,5.736,1.0,-0.0506374069978461,0.5932431679666956,0.2802334277290823,0.1265234043042219,1.0,0.0,0.0,0.688361310037354,14.588772027608112,0.1550765475716297,0.3834359894685462,0.5373337419334469,5.236016273498535,5.73685884475708,english
192_english_fake_0192,192,97b5754c2b7322d08cc69d621f60a6be00d50a86ef476e6a240529cb2dc06025626beddbcafff75d80ec8871a4b8cae6dd253dfa7009ee443b82423108973e01,0,english_griffinlim_eval_final/fake_english_griffinlim/english_fake_0192.wav,2.784,0.6895356037151703,-0.0028712956405255,0.4654582571199984,0.3803558700279678,0.1541858728520337,1.0,0.0,0.0,0.7384148030457132,14.271024405615004,0.1987116193373334,0.4587913297419503,0.6109423759668431,6.131879806518555,6.6327223777771,english
201_english_fake_0201,201,575dd0ea9fe293b4ce19f4526086fcaec5b306d9e3fde20eb37962b673c764936e80c3b0bbb55017e9d5043c80aa2ce6e53d909637133c7a3d9fb1ece1061a4f,0,english_griffinlim_eval_final/fake_english_griffinlim/english_fake_0201.wav,2.856,0.7073684210526316,2.576234608222478,0.6784955615103757,0.2353816699819605,0.0861227685076636,1.0,0.0,0.0,0.6889447779932814,14.601744919468617,0.1524411743920632,0.3782219408286777,0.5337947104262597,-5.566695213317871,-5.065852642059326,english
207_english_fake_0207,207,551d5ea36eb46269c7a7710255ff0cab38e68cd8360ad3d7b3c566e71573c778819d6d1161422130875f138f6caf9bf7e29c972fbf0bf5352ab63029a7dce8f7,0,english_griffinlim_eval_final/fake_english_griffinlim/english_fake_0207.wav,3.144,0.7786996904024769,1.676561408285762,0.7214209476559797,0.2406625613875607,0.0379164909564594,1.0,0.0,0.0,0.6879305078793254,14.672754345881918,0.1218566537229886,0.3526588148934189,0.5185179658111597,-5.679182052612305,-5.17833948135376,english
230_english_fake_0230,230,94796df469d4a3dc6594d9d759a97275d001a4aabd862b04e5bb10bb6d1991c349084f6e5120e28213bab509cfc1a892321b96ac5d0a50d5496385a32abcd94d,0,english_griffinlim_eval_final/fake_english_griffinlim/english_fake_0230.wav,6.048,1.0,1.4002499102161874,0.7868494549856753,0.1767816383271642,0.0363689066871606,1.0,0.0,0.0,0.6822370431206954,14.699892204318711,0.1183409192218491,0.3452286285642,0.5121016291036541,-5.6708173751831055,-5.1699748039245605,english
248_english_fake_0248,248,f39de6abfa4322db64ef4558412eb948a07d1209d7da08ce2a087b143c2976e42727d750025f9705c1dcc43044ddaf807245dee934c56958755c85e18330ee76,0,english_griffinlim_eval_final/fake_english_griffinlim/english_fake_0248.wav,2.952,0.7311455108359134,1.960450128019413,0.7643150589210679,0.1575353545935091,0.078149586485423,1.0,0.0,0.0,0.7455479344145364,14.316118291807564,0.1660803362661069,0.4429786051912559,0.6115323027168671,-5.790012836456299,-5.289170265197754,english
265_english_fake_0265,265,132b6782676f870d070f361565dd2fbdfd514c4b6f4b6f60e2e16faba81c7ba89a087c098f0b489e2fc362f23423babf2db83e5078984ab4c170951c2451a8b4,0,english_griffinlim_eval_final/fake_english_griffinlim/english_fake_0265.wav,3.408,0.8440866873065016,0.7856428054172735,0.7459766302803463,0.1757777327978703,0.0782456369217834,1.0,0.0,0.0,0.779771347304183,14.071912692493402,0.1997416862510389,0.4882562008805833,0.6560776599609676,-3.9064111709594727,-3.4055685997009277,english
266_english_fake_0266,266,76d8709ad91b316a2e6387adf373ac7ca0b0bacca24ae7b34861b5ed351b20be1626ae72574dea01859dc2cadcdaa90477fad45d97b0f4a88c85e53d8b13fd1f,0,english_griffinlim_eval_final/fake_english_griffinlim/english_fake_0266.wav,4.5,1.0,-1.6604084418795662,0.7438089197770198,0.1672321134942319,0.0889589667287483,1.0,0.0,0.0,0.7422429070012626,14.35030926465218,0.1608475248826713,0.4282840512061954,0.599849739183665,-0.6033304929733276,-0.10248792171478271,english
272_english_fake_0272,272,d7c73ae2de660adfdeb61aeb21afd7ac68d69e3651943b502c64697c81d8e01afb2c00e6b295f7015041007dac086776ab9778627a6fa3339e2b8e40c12cc8e6,0,english_griffinlim_eval_final/fake_english_griffinlim/english_fake_0272.wav,3.864,0.9570278637770898,2.427427015108412,0.881321722325175,0.0805769260417092,0.0381013516331157,1.0,0.0,0.0,0.777937879578465,14.093767385547366,0.1964820657793274,0.4805414830191373,0.6490839241202329,-3.9178295135498047,-3.4169869422912598,english
275_english_fake_0275,275,b8f422899ba904a601872eafb38e3a69597acd37b8e25a576e063e372b7e2dfc85ca8975f1c77ad2f133e719ef3b1bf119f71eab8d1bb7422dbf27052d871b4d,0,english_griffinlim_eval_final/fake_english_griffinlim/english_fake_0275.wav,5.064,1.0,-0.5311618754191265,0.8757257542779159,0.0738777789467318,0.0503964667753522,1.0,0.0,0.0,0.7222421472350304,14.444772581895332,0.1601903862888796,0.4114184484473918,0.5752703070674996,-5.709017753601074,-5.208175182342529,english
319_english_fake_0319,319,e6dbbe39377aa0fe2851852b2c695c9c31094c80c9ccd244bac8dfdc8a523b2a114362d4c717bd9d628499fe1d3c11971221be5ec4dadce15c9ff8c5254ae368,0,english_griffinlim_eval_final/fake_english_griffinlim/english_fake_0319.wav,6.864,1.0,3.742168801219634,0.7642452014631973,0.1449589452507489,0.0907958532860538,1.0,0.0,0.0,0.6715225538712866,14.759065903604956,0.109568941184988,0.3313406691887149,0.4963759512800688,-5.892115592956543,-5.391273021697998,english
33_english_fake_0033,33,c41dd22e62ebbf278d1247d7b4cc49e06bad2e5f7c5e11a2b72580e6575d667e87d89dfffc6dd1194e2ff81c0e2583b09932914c94d3ca2bd829e0099b068f65,0,english_griffinlim_eval_final/fake_english_griffinlim/english_fake_0033.wav,3.552,0.8797523219814243,0.183883108899705,0.8541370639339838,0.1331334446722441,0.0127294913937721,1.0,0.0,0.0,0.8508117529697563,13.471570358847083,0.2571691873232062,0.6065478099335557,0.7763648821395971,-0.4118508696556091,0.08899170160293585,english
330_english_fake_0330,330,8d420f53a26d9d11408386b68b1abba0684eabcf0244129c55b7556955e32d2139c235fcdcd37b0eaf4b0cc7061a0029d4764fc2c221dcf4a38c2faafffdb540,0,english_griffinlim_eval_final/fake_english_griffinlim/english_fake_0330.wav,4.8,1.0,2.0378061677610155,0.7579286849701431,0.1896079864209646,0.0524633286088922,1.0,0.0,0.0,0.6989820217020644,14.57061960007497,0.1464766858834392,0.3895985135397119,0.5498458669732234,-3.1375732421875,-2.636730670928955,english
351_english_fake_0351,351,e5c4f6ca3b3f072f7d83f84015ff8afab5fb91b7d7b1b724a5045642aa5f9aad4c9c92898891633961279f00304de7fba346d83a5aa040d12d91afbbeff396e7,0,english_griffinlim_eval_final/fake_english_griffinlim/english_fake_0351.wav,2.736,0.6776470588235295,3.809860816258494,0.7183249547802663,0.2222305114783542,0.0594445337413795,1.0,0.0,0.0,0.7034169216903781,14.540281974652904,0.1553614085596579,0.3862340506509507,0.5455314629848727,-6.0266218185424805,-5.5257792472839355,english
361_english_fake_0361,361,f4c52a7fa71f422af00b4870bad198752cd8a8b01f906ff580165a2cfa1983a539a838a60ff9e9781df46320441f07ec0a791fcb5356a89c101dc655cef68ea1,0,english_griffinlim_eval_final/fake_english_griffinlim/english_fake_0361.wav,2.856,0.7073684210526316,-0.1183314606316754,0.5665491202619624,0.3155199531767746,0.117930926561263,1.0,0.0,0.0,0.7141613692103972,14.438752402086704,0.1766474933106621,0.4228868897329382,0.5751896534157861,4.301057815551758,4.801900386810303,english
366_english_fake_0366,366,ce36fee6cbee98a2411ceb6595540808f38836d238bd6df6f3bdf9da1d53c8b967a78f091d0bf69cd356b5919f3ad634893fa53bf1471a8b661bd11f77809624,0,english_griffinlim_eval_final/fake_english_griffinlim/english_fake_0366.wav,4.584,1.0,-0.3188841323498206,0.908870746391247,0.0662136526371017,0.0249156009716512,1.0,0.0,0.0,0.6875285159421778,14.649874464329285,0.1358920865521578,0.3609531571130395,0.5194808169498968,-5.197337627410889,-4.696495056152344,english
369_english_fake_0369,369,36b83dc2895ee7ca3860332467eae1004c2b17adbd25614e15f889989fc897b8c9e5760d973eaad41a0e88bf8bf7846b75184b636cc58a1601a2fe7b3034b84c,0,english_griffinlim_eval_final/fake_english_griffinlim/english_fake_0369.wav,5.256,1.0,0.6724701638082857,0.5280561610956723,0.3326268271045534,0.1393170117997743,1.0,0.0,0.0,0.6721180281780814,14.7077971789042,0.1348752119804704,0.3554959998045751,0.5119697066802537,-0.5785671472549438,-0.07772457599639893,english
373_english_fake_0373,373,5768cbb92b87c5172453df7b0076a5c0c6a6c7aa3551e6a9f1fd721a6c582b6560cd57b1cafc691b08180ee69afbf539710f1a52b30bafe0c98f4d74fc37146b,0,english_griffinlim_eval_final/fake_english_griffinlim/english_fake_0373.wav,6.48,1.0,0.3850017465144653,0.8216946943260871,0.1265957504336707,0.051709555240242,1.0,0.0,0.0,0.6984297809992768,14.572765485428492,0.1474709137737333,0.3852729407642138,0.5445418274711269,-5.3419060707092285,-4.841063499450684,english
386_english_fake_0386,386,cea18d12298f2bbae520713a1cfcf05e63b2b9470dcc0adadabc81e69d8d57a0f3c22c06bc4f280d08b9084d3e16b22b3c5d60f7711c9db8dba0d3f53075a34e,0,english_griffinlim_eval_final/fake_english_griffinlim/english_fake_0386.wav,3.456,0.8559752321981425,2.335681391314957,0.7287553805819622,0.1765712095263926,0.0946734098916451,1.0,0.0,0.0,0.7842151305198679,14.08693896309301,0.1807053664651782,0.4762713557048783,0.657112542499987,-5.950229644775391,-5.449387073516846,english
40_english_fake_0040,40,d32d90f243364ebcad7ca3e5cc05b554b0f8ced3c210142d11329e5f9cde5a584f72f4e410f2a93f3407093671098a2d89a8fd8d705b06f5749e57841254fedd,0,english_griffinlim_eval_final/fake_english_griffinlim/english_fake_0040.wav,3.528,0.8738080495356038,1.1331468221097012,0.660426973797044,0.2520391181970967,0.0875339080058592,1.0,0.0,0.0,0.7316421863664997,14.379024336208246,0.1700125327123312,0.4277367990166184,0.5905303424342957,-0.3986541628837585,0.10218840837478643,english
401_english_fake_0401,401,2171e7f5b831cf25bd8dd5db58678b16340b3d7821f3fa45e0710841830a13f56b0a92796790e5e3cc18b20c522b24336afeaba54685d3535a4ce69013ae1291,0,english_griffinlim_eval_final/fake_english_griffinlim/english_fake_0401.wav,5.544,1.0,1.0871598928674011,0.6179815626200713,0.3064617740156391,0.0755566633642894,1.0,0.0,0.0,0.7238089603183817,14.458148353317174,0.1507417256417328,0.4040526837142218,0.5731486744697601,-0.649856448173523,-0.14901387691497803,english
412_english_fake_0412,412,59a91e5a9add4b651a12a8922a9aa25f7f78a0654e1dcfb6112d9163608f0535175b1c5ce3bddebdef29392dd94750c1e6b600ec2976aef79f4a755f1f82beb0,0,english_griffinlim_eval_final/fake_english_griffinlim/english_fake_0412.wav,6.912,1.0,2.731448846812217,0.8175598660523214,0.1388777047425699,0.0435624292051086,1.0,0.0,0.0,0.6982251833821036,14.61204939295055,0.1318751783142406,0.3667339405925789,0.5332777919840602,-4.258445739746094,-3.757603168487549,english
413_english_fake_0413,413,6f539d306a5507913a18d0829b4764a73a677fd4cfdb6f41017e52e026b7e1984e3466f23e52fc9fc4f521510255429815c0090953855c329512e1417ec80801,0,english_griffinlim_eval_final/fake_english_griffinlim/english_fake_0413.wav,2.232,0.5528173374613005,0.3610812134508014,0.7037324472379868,0.212980928405971,0.0832866243560421,1.0,0.0,0.0,0.6950973240135006,14.60895502082406,0.1386236883658938,0.3717683599463176,0.534839548794187,-0.0307216309010982,0.4701209403574467,english
415_english_fake_0415,415,fab4fe7d76806a557d22302117fc50c25fa30abe22679a5aa6b6940f30b12fd47c2c5b4e21f7cc3699132b8dee7c39ec0f9272530ca6e2d311e96bc7e88d40e8,0,english_griffinlim_eval_final/fake_english_griffinlim/english_fake_0415.wav,4.584,1.0,-3.0565438588970704,0.8410134301799934,0.1064123691199124,0.052574200700094,1.0,0.0,0.0,0.7143055055189558,14.51292520620942,0.1456895575218879,0.3898804269339149,0.5580534822728511,-5.668158531188965,-5.16731595993042,english
427_english_fake_0427,427,959c769d9a0863ebd10e46ba1e1e76b06250e53d5c5baab568fa47e09785ac1298a229d104c41a297faa1d3115cf601810b3b11366da8a2af3b2f450aab3f040,0,english_griffinlim_eval_final/fake_english_griffinlim/english_fake_0427.wav,4.992,1.0,-0.9095825283834388,0.8247479098344314,0.1286158169728029,0.0466362731927657,1.0,0.0,0.0,0.7000218029897443,14.524711170148205,0.1645412572286384,0.4000381104153512,0.5527095631295849,-0.7175915241241455,-0.21674895286560059,english
441_english_fake_0441,441,6bc01ab25300086ec3cf94e8ca3fb50aac19b413564602dfd674fd1104663f7bd8d1ed480ebbdbe3a672c55950e644594c8f5e5f7b5cbd75d4aa94cabb7081e8,0,english_griffinlim_eval_final/fake_english_griffinlim/english_fake_0441.wav,7.128,1.0,-0.7964849754551881,0.7979599603151086,0.1708476573093819,0.0311923823755094,1.0,0.0,0.0,0.6910487737316624,14.653311985484288,0.1268893385750622,0.3535685833406848,0.5180568571461401,-4.784613609313965,-4.28377103805542,english
479_english_fake_0479,479,863ff359f109c8d4fbd978d4439474bcfe0ab5f2065efa125c935b85f1a7b1cf99540a82b2d32394fa34c2bd093283b12257fa42cc8d8dcd4dc032af79981c7d,0,english_griffinlim_eval_final/fake_english_griffinlim/english_fake_0479.wav,2.592,0.6419814241486069,-0.3438628368555978,0.5662853730033381,0.321347465429799,0.1123671615668627,1.0,0.0,0.0,0.7049699483032161,14.50798711361895,0.1630220784754089,0.4005012847849152,0.5573280512189925,-0.6457103490829468,-0.14486777782440186,english
483_english_fake_0483,483,6ac8b1a295e2a4a5b11a602a368771530cd7b900ee5d8b552946eb8d32c21f4694c786c41ca996b12adb8a1d1e15160f84cb0632d9359cf84c6d99a18745692e,0,english_griffinlim_eval_final/fake_english_griffinlim/english_fake_0483.wav,5.328,1.0,2.372219503420736,0.7780559887736173,0.1626146433331313,0.0593293678932513,1.0,0.0,0.0,0.7259404813865862,14.450181370093071,0.1494703162294798,0.4073227103896456,0.5771796879576263,-1.0762059688568115,-0.5753633975982666,english
497_english_fake_0497,497,79ce8451fea8968eae6f84f6814187a7a9d4a4da089294de5565c6872ff1f951ebdcfb6b74c51cd7c08a2745c89c5ae67c5464dd4c0b22e55b2d4b1d7c0181bf,0,english_griffinlim_eval_final/fake_english_griffinlim/english_fake_0497.wav,6.048,1.0,0.7260821710936902,0.8977646467016781,0.0755843317213098,0.0266510215770121,1.0,0.0,0.0,0.6933917279915998,14.641020811682264,0.1279116210110767,0.3571850321578909,0.5233891821679072,-4.982746601104736,-4.481904029846191,english
498_english_fake_0498,498,3a3a12ef79a5ae168e17630ddee4bc75ac379e7a4bd0a2c01e9dfef7f09c47891f3ab3c3943a9b3255d4962453f314a139edc4c88d3e71a3128f49ef85947a79,0,english_griffinlim_eval_final/fake_english_griffinlim/english_fake_0498.wav,5.328,1.0,3.8074764710982647,0.73298272200814,0.2170896043825674,0.0499276736092927,1.0,0.0,0.0,0.6855790787576281,14.677710087415528,0.1251214299293782,0.3500672029681245,0.5150226908020883,-3.361804962158203,-2.860962390899658,english
533_english_fake_0533,533,3edf4b5a0cbf9980fc696cc1f71c5ea73ff6a7bdfadac46c2965325ece452b575cd5a51551251456d4fbfc3d621d23a13c32b856241bc0d37134acb2327deab3,0,english_griffinlim_eval_final/fake_english_griffinlim/english_fake_0533.wav,6.216,1.0,7.500734384128668,0.7692771253256747,0.1747949886471171,0.055927886027208,1.0,0.0,0.0,0.6695014687828929,14.727583856234986,0.1297777050389572,0.3444256413491874,0.5021763924949746,-5.759790897369385,-5.25894832611084,english
541_english_fake_0541,541,ab84a621f52d398150ac593392424f8d99e265cf69a25aef10d8222187d4da096854b3302504ba3e568d2febed4234eda0d3c85280b58ad5a2c063e82a8d3379,0,english_griffinlim_eval_final/fake_english_griffinlim/english_fake_0541.wav,4.14,1.0,-2.1578035311789137,0.8959076768753136,0.0806521794231403,0.0234401437015459,1.0,0.0,0.0,0.7624338761666452,14.24934871600624,0.1604394272579779,0.4411111181752554,0.621431087072732,-5.878884315490723,-5.378041744232178,english
60_english_fake_0060,60,e2292237c77b576132df4cdbb79155e854aeff199c96095ab6db95684d8fa140ff1f42fe9cf87b811f15ce8039d6563a304b507926ca4a641d04765a70b79d91,0,english_griffinlim_eval_final/fake_english_griffinlim/english_fake_0060.wav,4.896,1.0,0.5774524915795904,0.6043672059588693,0.2849410917487017,0.110691702292429,1.0,0.0,0.0,0.699172515475009,14.592602621928322,0.1373057350515814,0.3764878054934789,0.5407351255852884,-3.865090370178223,-3.364247798919678,english
605_english_fake_0605,605,762536642be71e032d46c7775283ea954494e6a6ec1d016a96f776b6812b2c04125b9f6519054836d3808a767975ae889250695ae20f649da1e64b94557f985e,0,english_griffinlim_eval_final/fake_english_griffinlim/english_fake_0605.wav,4.464,1.0,0.7309157022053228,0.8016087249483412,0.1480589318045297,0.0503323432471288,1.0,0.0,0.0,0.6698011531189221,14.74772395131458,0.1198470392070579,0.3413290196009538,0.5010138034250046,-4.430818557739258,-3.929975986480713,english
610_english_fake_0610,610,e80b40908fa49afbc617da992c0736d82bbe441589a8e6d390ad0533bc1aca7e5e4dc76629de5433eaf6c9a5b2aa2846308b5fbb909bcba9af2b5cbb41e5a8de,0,english_griffinlim_eval_final/fake_english_griffinlim/english_fake_0610.wav,5.436,1.0,0.3107091760291851,0.5522500569824532,0.2228051318488239,0.2249448111687227,1.0,0.0,0.0,0.6813146008875519,14.6400171504516,0.1485894855223458,0.3733887884393088,0.5270950721656006,1.0874203443527222,1.588262915611267,english
614_english_fake_0614,614,38750f6fe4575f45443936753f75d6e7875cf624362bd4bc50a7430cd3b69784b783b9f9601d9f1c1d6c6da22d9af4b1523da231ea55a13189c6d5a4923d728c,0,english_griffinlim_eval_final/fake_english_griffinlim/english_fake_0614.wav,5.904,1.0,0.3072627645218837,0.795991109062388,0.1459138654206908,0.0580950255169212,1.0,0.0,0.0,0.7091712947175561,14.538285232309311,0.1413703610028592,0.389845382756151,0.5576054775824129,-3.72078800201416,-3.2199454307556152,english
62_english_fake_0062,62,bc6842f7e140397b505f5329aaca34022b3f8e999b01e0436bb66dd3a21a5614f7a4f9d522b37d41ea0018bc8323781a97b055ff458e3bedbb436d5f292c7373,0,english_griffinlim_eval_final/fake_english_griffinlim/english_fake_0062.wav,6.336,1.0,-0.7893515013815904,0.8051162596400986,0.1284913594557778,0.0663923809041236,1.0,0.0,0.0,0.6969454755143019,14.613725850219923,0.1313341284326773,0.3731562941146417,0.5382814579504783,-3.369063377380371,-2.868220806121826,english
636_english_fake_0636,636,9512ce701610c86108d16bfea418d204afa210e7f6c75d42db9a6b51bec07e9eb09bf98ef5aa04b604915b8c111d85fc0ec4470033196a59f34be1b1d6c09030,0,english_griffinlim_eval_final/fake_english_griffinlim/english_fake_0636.wav,5.448,1.0,-0.4733165506179375,0.8183748495305925,0.1260942035039245,0.0555309469654828,1.0,0.0,0.0,0.6796881206115066,14.667292516859131,0.139286602727883,0.3667859158581301,0.5225176060168097,-3.661530494689941,-3.160687923431396,english
652_english_fake_0652,652,95374f4f0281ce754ec20477f0fb494597129dcbd84a71b9840512f16624ca875a5d182e2d11413d3344e7cfc09432596ca9a53c1de30ea445daae342c2d251f,0,english_griffinlim_eval_final/fake_english_griffinlim/english_fake_0652.wav,3.168,0.7846439628482973,-1.2089889467962536,0.6727409660963527,0.2677319460988688,0.0595270878047783,1.0,0.0,0.0,0.7445026816380715,14.32456378935072,0.1693703595370007,0.4293511436419251,0.5973904605568191,-4.174793243408203,-3.673950672149658,english
668_english_fake_0668,668,e0e4d1cd7c5b678bc8918882cb0a87cddf2ed32589d5db607900f79fda5e4d390b6200c339fe7e2faef88ced7f65983583c2d47b76247732160108d47083496f,0,english_griffinlim_eval_final/fake_english_griffinlim/english_fake_0668.wav,3.336,0.8262538699690403,0.6453612540862821,0.6498745887804589,0.3058102007009984,0.0443152105185425,1.0,0.0,0.0,0.7840210848528844,14.073415055989988,0.1893097766705636,0.4806290218134177,0.6551177598233672,-0.6261930465698242,-0.1253504753112793,english
679_english_fake_0679,679,7a79ef86945a0ed5e5053d368f18efed75b430b67b8d9b56ed1c4554cf876ed1cb4929c6521da2b4deec0a6411608947dee178aad65656c62cf1f07795ae91f5,0,english_griffinlim_eval_final/fake_english_griffinlim/english_fake_0679.wav,5.76,1.0,3.77845403270836,0.6805174121367165,0.2460403442861347,0.0734422435771487,1.0,0.0,0.0,0.6958191921187045,14.568317841725149,0.1535644294453953,0.3868025826421802,0.5434271608401442,-2.793797731399536,-2.292955160140991,english
699_english_fake_0699,699,5eaa49f00193ae8a891fa69e0c5a5ddbaf415ec00f344e11d982c8ec02606e2c4af3b7d9e4dc96fc3f68a296ff841aabea06ee2177d4966adfaeb885a7031ced,0,english_griffinlim_eval_final/fake_english_griffinlim/english_fake_0699.wav,6.372,1.0,-0.9878645713809178,0.7009908369374832,0.1884490253344818,0.1105601377280348,1.0,0.0,0.0,0.7114276503342827,14.48584506712108,0.1616852252791007,0.4070354203462158,0.5644202832451464,-0.9508740305900574,-0.45003145933151245,english
705_english_fake_0705,705,57c1af95690cc609ae9b624378d71903486561981a9cf056cedb0c0ff39383cafb7f47f61aab8285dcb7e7690a28f45bb5fe18282bf73b8f63b7ac38bbd70cd6,0,english_griffinlim_eval_final/fake_english_griffinlim/english_fake_0705.wav,7.884,1.0,-3.383249892579233,0.8918190969009705,0.0704493376799995,0.0377315654190301,1.0,0.0,0.0,0.7636764766487234,14.249167816593774,0.16098905364607,0.4385485799551339,0.6174073989249254,-5.345187187194824,-4.844344615936279,english
72_english_fake_0072,72,e7011a6e1591f49fac676ffa48b33f7d4d89c44cf513e32821e0739db30434d37780a046e0ab31a8c16dee8675d07b384d4244aa1a2ce0a80a2b42e31655cac9,0,english_griffinlim_eval_final/fake_english_griffinlim/english_fake_0072.wav,2.976,0.7370897832817338,4.517568599664702,0.6650211257964442,0.2743499748885595,0.0606288993149961,1.0,0.0,0.0,0.8453555315946018,13.444024950658804,0.2797230141649633,0.621260111596929,0.775092367940881,-0.9842759370803832,-0.48343336582183827,english
725_english_fake_0725,725,261902fd23f83fff961976a161dd750896c8083c6e43fd7ea0913fe63fcd4ecb3acf6e2803cc583385eccd92760f88605cf5ffa62e91574a379fe32fe8950ae6,0,english_griffinlim_eval_final/fake_english_griffinlim/english_fake_0725.wav,3.72,0.9213622291021674,0.0748444890980284,0.7590808653403175,0.1681424331661497,0.0727767014935327,1.0,0.0,0.0,0.6961779277456033,14.570443834713222,0.1522942954831776,0.3854062846875635,0.5427002062916129,-0.2863044142723083,0.21453815698623663,english
726_english_fake_0726,726,9a91a00fa1c8844d761e0bbb191f87d023185b5eaa08a6bc2f4030e7f2604c4f84ecc8725e7a47df26158f1414a2b868368eba0dca8545c3afcb74dfb6d20400,0,english_griffinlim_eval_final/fake_english_griffinlim/english_fake_0726.wav,4.824,1.0,-0.1305470523078966,0.883379881903746,0.084267443033527,0.0323526750627269,1.0,0.0,0.0,0.7181595461492587,14.468041465227095,0.1559170830600509,0.4112985629672043,0.5737870372203717,-4.004494667053223,-3.5036520957946777,english
76_english_fake_0076,76,56ef6218bdd27655fae9f85f0a18b0cc608586fd0a9709f20dd5f6a4b3ad55d078fa858ae7858359709a699813eaad85527749d9d03639f00fcd2251ef60af96,0,english_griffinlim_eval_final/fake_english_griffinlim/english_fake_0076.wav,4.224,1.0,-3.5857005008188096,0.8489013353643983,0.0997155866878387,0.0513830779477629,1.0,0.0,0.0,0.7305729993616754,14.423547402935142,0.1524874286127182,0.4127850572841126,0.5818886590468406,-5.982792854309082,-5.481950283050537,english
772_english_fake_0772,772,0a418a5678721353da80d2ca2abb89df1cf6da912135762ff0b046ee50725ade5564d71329e2bac85ce57069b17818d51b24b7db84f0440758860882d5af9c48,0,english_griffinlim_eval_final/fake_english_griffinlim/english_fake_0772.wav,2.616,0.6479256965944273,1.3072715001597022,0.4401142078267618,0.5056266062531977,0.0542591859200405,1.0,0.0,0.0,0.7788851842804141,14.111989602728292,0.1832083368055792,0.4753807666113233,0.6506239683244168,-2.964384794235229,-2.463542222976684,english
777_english_fake_0777,777,444d0fa7d140a61fbb031de7af88504ded7c0998fa41e015ce8afdbbf6f7e91c03cd2b9a14b7cf50cc1b270d59f1b76cbe4618b10a3a6e09f90280124cbd1655,0,english_griffinlim_eval_final/fake_english_griffinlim/english_fake_0777.wav,4.7020625,1.0,0.1713895048244058,0.5771091387255289,0.2717078158961009,0.1511830453783703,1.0,0.0,0.0,0.7157045717557515,14.39799225356494,0.185624962545989,0.4224031382085892,0.5738718935317897,-0.6252586841583252,-0.12441611289978027,english
782_english_fake_0782,782,b15afb2e48dfae2b0ab41a1438127545dc8a674a77c00454a5af7375916d4b259113180dd5a41012dff51cf00b1ce09f2d2957278e105d3091ae1522ce487503,0,english_griffinlim_eval_final/fake_english_griffinlim/english_fake_0782.wav,7.668,1.0,-0.3978265665746558,0.6183250570832659,0.326047073833033,0.0556278690837011,1.0,0.0,0.0,0.7229032211692037,14.467063987402462,0.1486606363860908,0.4014797704870871,0.5705439546076223,-2.135582447052002,-1.634739875793457,english
797_english_fake_0797,797,782ec7b338418a4966cc49ae09265d258705091874fb4d3a7fc76c9541738a997af0f51e9ef6045dc01874a060b482c7adfbfff2a51b50fa8d03764248956d48,0,english_griffinlim_eval_final/fake_english_griffinlim/english_fake_0797.wav,4.824,1.0,4.59350510052311,0.7603079038891987,0.1891697404515696,0.0505223556592317,1.0,0.0,0.0,0.7022260089653278,14.598827508925876,0.1288203821904433,0.3686783302889971,0.5383577620399396,-5.922890663146973,-5.422048091888428,english
802_english_fake_0802,802,827ec12d835b8a4dd847f01b6f1b936b964f5994a2cdc1fb37228228d53dfa26b5f5364ec2153df9348ba174f2e435ce0918f8b71df41fed09e3fd0d7eec39ef,0,english_griffinlim_eval_final/fake_english_griffinlim/english_fake_0802.wav,3.636,0.9005572755417958,2.043134971869584,0.6112012811520509,0.2987254644109658,0.0900732544369831,1.0,0.0,0.0,0.7436364264415876,14.296246970716526,0.180983755128892,0.4457939111073805,0.6069644809149907,-4.748395919799805,-4.24755334854126,english
83_english_fake_0083,83,18b951dc2813f5814ff2517741eea11223b24b0d981c48d278682c713cf69dba191e3fabec0c27a7840be61854d3384d1aa88af7ec9fd6e59d08e23ee7ba26d6,0,english_griffinlim_eval_final/fake_english_griffinlim/english_fake_0083.wav,3.072,0.7608668730650155,1.255696681328308,0.571748185485035,0.3470978140149293,0.0811540005000357,1.0,0.0,0.0,0.7980361948464649,13.94445529036393,0.2080286501456288,0.5148164555993754,0.6863579970933511,0.3252778053283691,0.8261203765869141,english
830_english_fake_0830,830,f0ea206776edd98e6ab41801393839be2d3a3508647336452079b21ddc3ed6eafddd8489e7a79cf149c48136862b49b77c412f7721653750f051aa12c2858e0b,0,english_griffinlim_eval_final/fake_english_griffinlim/english_fake_0830.wav,2.4,0.5944272445820433,0.0574748265598032,0.6091021103857654,0.2725864049591942,0.1183114846550403,1.0,0.0,0.0,0.7025632357069678,14.537344477317223,0.1572939380898808,0.3976636825323026,0.5531919927844355,3.445931911468506,3.946774482727051,english
836_english_fake_0836,836,9489088a420426808becec14c5f401ed90743aab43f0ea3a7103e44a9a49dbe34a988a64a728e2a0a1211acd83899a91998b77dfdba504b2154a6900315ffa62,0,english_griffinlim_eval_final/fake_english_griffinlim/english_fake_0836.wav,6.732,1.0,2.475106780872657,0.5715769256297104,0.3655548703479916,0.0628682040222979,1.0,0.0,0.0,0.7039523801055274,14.545990085690423,0.1505831531878785,0.3888572890340956,0.5497855575848155,-5.134318828582764,-4.633476257324219,english
839_english_fake_0839,839,f138d75a743543591fb23c61bbb2cfc4a204866aa791fdddc2a868be75a3f5851013ee0e9036241396a08fce890ff0911b3218224b0b11dc917eb7b4fa2e8cec,0,english_griffinlim_eval_final/fake_english_griffinlim/english_fake_0839.wav,3.708,0.9183900928792572,1.2179404335557784,0.7878481920167494,0.1593192458751788,0.0528325621080716,1.0,0.0,0.0,0.7953531503702125,13.961583878791208,0.2048049965830179,0.514944815554333,0.6880054889477667,-1.9968184232711792,-1.4959758520126343,english
841_english_fake_0841,841,fe47f7429a8b74dac1af555a066bf3631aca9f68332f0c9a863bfb2a3b1a591005ed8546e708f9cbbc02aad144afb89da53d5115b656368d8ec2a02e7c745493,0,english_griffinlim_eval_final/fake_english_griffinlim/english_fake_0841.wav,3.72,0.9213622291021674,0.3888885199926948,0.7256212132211417,0.1944764784957018,0.0799023082831565,1.0,0.0,0.0,0.7389720834070346,14.353287574691754,0.1654450627249331,0.431577960693476,0.5984289801470393,-0.7671604156494141,-0.26631784439086914,english
843_english_fake_0843,843,8e05a9762bba8885d665f8ab67084a8adc8c1690725914992dcf9f84a1f11352da18624b6bad7d77301c9ae6a69e3dbf0a68e91086fd32a256cce450e2233db5,0,english_griffinlim_eval_final/fake_english_griffinlim/english_fake_0843.wav,3.144,0.7786996904024769,2.3742102706211057,0.7226689940665575,0.1978985069616953,0.0794324989717473,1.0,0.0,0.0,0.7519416669889227,14.27843584969838,0.1707140309522277,0.4409141108344638,0.6118729252526769,-6.005956649780273,-5.5051140785217285,english
854_english_fake_0854,854,4779be1c6beb90f5a6341ef5655c2c3a670a764c9c067600de821c89d5f452973f1853d1ad04425d6e465ba18791014dcd03298bbd7ef48b18af21743ab0bd9e,0,english_griffinlim_eval_final/fake_english_griffinlim/english_fake_0854.wav,4.992,1.0,0.0984026695517066,0.8074085749371687,0.141431621460204,0.0511598036026273,1.0,0.0,0.0,0.6806371596603655,14.700826011954211,0.1217731168467428,0.3484389957293045,0.5135979945374294,-5.457886695861816,-4.9570441246032715,english
857_english_fake_0857,857,53f3a1ababf2543e3f79739434893c64e1f5bb3e94c1f3e8d053ed7650183182a922f2959399ac2ac3827c824b225074ed237b465bdbc65c79edc92fe8e6ee61,0,english_griffinlim_eval_final/fake_english_griffinlim/english_fake_0857.wav,2.784,0.6895356037151703,5.497172238101193,0.8305853544349696,0.1201426088347933,0.0492720367302369,1.0,0.0,0.0,0.7691522942526372,14.17696072040851,0.1782715877735948,0.4619552115588701,0.6362313901118591,-2.9390172958374023,-2.4381747245788574,english
865_english_fake_0865,865,8d0e1eb79f6b76705cc5af2590b6b1d85297a3666be5be7420f6ee5d3db8f81b0df4097cdf6e9ee75ac8436aef1eb3352e5dbecbb127cdefb441d5aa376b56f5,0,english_griffinlim_eval_final/fake_english_griffinlim/english_fake_0865.wav,2.808,0.6954798761609907,-0.1423479012657811,0.7424889553150881,0.1830149756399683,0.0744960690449435,1.0,0.0,0.0,0.7089075464113426,14.507446680938436,0.1590220204244392,0.3988292221758465,0.5583831728724415,-0.0111176259815692,0.48972494527697574,english
867_english_fake_0867,867,141d2fb979ebab495f92c338e4ca2fcc5a9d7b10f19be3047972ea5a0656809b99460f8afa0f5b12848e69becfe6185ae8f44f773289568ba1745fdbbdffaa82,0,english_griffinlim_eval_final/fake_english_griffinlim/english_fake_0867.wav,5.868,1.0,-4.6080212213351,0.8389454583747782,0.1160236321378813,0.0450309094873405,1.0,0.0,0.0,0.7247193943959023,14.45912561749324,0.1494685159574079,0.3992936531606417,0.5688129549882818,-5.982135772705078,-5.481293201446533,english
879_english_fake_0879,879,d83fdccca9769420abdaed1f3ae86ae7d925c3a43a17770c3b931613a03e8d6ed32a7aaa07163dd79016b8be140611cba54c7d296beac05b58ad3f6c00c05a44,0,english_griffinlim_eval_final/fake_english_griffinlim/english_fake_0879.wav,4.032,0.9986377708978328,-0.091526021158774,0.610658293720788,0.297987464815095,0.0913542414641169,1.0,0.0,0.0,0.7332241422518315,14.330760146039134,0.1825381455634295,0.4419622323597214,0.6000903418819976,4.844412803649902,5.345255374908447,english
883_english_fake_0883,883,dc7a6852f48d22de3cbcd76a7d2deeeec6198b4460fd6a6400b465b60c87bae9fa62e64609548d33496d04f34d0b0a99fa64977b866ddbc189994f779ae01608,0,english_griffinlim_eval_final/fake_english_griffinlim/english_fake_0883.wav,3.264,0.8084210526315789,1.144118724500256,0.8454235974793318,0.1023266318601878,0.0522497706604803,1.0,0.0,0.0,0.7660093222078155,14.23093784167851,0.1633066732814379,0.4423737515277717,0.6212837313078662,-4.752134323120117,-4.251291751861572,english
884_english_fake_0884,884,82557ed50b74bac49d5fb53a88f1e68cce75de29a91d98c3cf2d1af73ac1a4a05b8bf92c984a37192e63b7209242b64dac903c3c69101cbe7d196047a60cf886,0,english_griffinlim_eval_final/fake_english_griffinlim/english_fake_0884.wav,7.308,1.0,-3.606703786786241,0.8117844644158624,0.1519639360638132,0.0362515995203243,1.0,0.0,0.0,0.7081295351930321,14.53428556233986,0.1478939127655017,0.3869666948676006,0.552523352576523,-3.151948928833008,-2.651106357574463,english
888_english_fake_0888,888,76c9f8a8f018cb1a1837f237862266e5e4558b176f18afa1692f9061136d7ed1220f71b4dc61d1afd073d6632d2cb497c30d8222c299c6a65184c32128c535a7,0,english_griffinlim_eval_final/fake_english_griffinlim/english_fake_0888.wav,4.392,1.0,1.39018391828459,0.7471096979151208,0.1886729295831064,0.0642173725017726,1.0,0.0,0.0,0.7278191803382343,14.412990369011544,0.1645164686313318,0.4151007499054521,0.5793892013749437,-0.8757759928703308,-0.3749334216117859,english
897_english_fake_0897,897,d1813b3a39bbd5d6f35e04e8e2151930a40e56cefcc57eb71351d6cde06a360b99e6c7791989ff337b308103b8dd7f2f705c01f88506ec4146042276b5a122ce,0,english_griffinlim_eval_final/fake_english_griffinlim/english_fake_0897.wav,6.864,1.0,0.5122439138409218,0.7274747167767871,0.1984105545902239,0.0741147286329889,1.0,0.0,0.0,0.6842504473953916,14.66470054911613,0.1318302294770825,0.3649702598132973,0.5255073149813625,-0.0672493577003479,0.433593213558197,english
902_english_fake_0902,902,159b58b5b8c0be4886690fdb1021843612807181e092f8c4e248190b8fb4e3a300bbdeddc8b9eebf043f129da38256409213f78bdf4cca33e4650a9eaf5d8526,0,english_griffinlim_eval_final/fake_english_griffinlim/english_fake_0902.wav,3.048,0.7549226006191951,-0.2690311822367217,0.6344199850309611,0.2374993183119792,0.1280806966570597,1.0,0.0,0.0,0.6897288723155843,14.652279545672696,0.1266811503397796,0.3579035788935757,0.5244411022373074,-3.537945508956909,-3.0371029376983643,english
907_english_fake_0907,907,e873e7a2b27ce654de6921916a75fd32f3addbe2f0d3debde9c8ac68a0fc624e039368043edd2f2dd5ae19f5e311c3a228d1cad655c55713d88366f7026ed09a,0,english_griffinlim_eval_final/fake_english_griffinlim/english_fake_0907.wav,5.148,1.0,-0.9623209367989354,0.7332722861585327,0.1918086023977359,0.0749191114437313,1.0,0.0,0.0,0.7366834209701261,14.306929649791805,0.1910372910207326,0.442164989824209,0.5970859113649845,-5.961319923400879,-5.460477352142334,english
916_english_fake_0916,916,0f18104e03d5e581438478e9674a659629658c17a3e794bcc28993da355930aca6d790aff81d0d7ab22de74f548b9e8961dc2d5ecb81f3bf3e19910e4501a480,0,english_griffinlim_eval_final/fake_english_griffinlim/english_fake_0916.wav,7.488,1.0,-1.8310173808818424,0.6951804213387065,0.2492925360377192,0.0555270426235743,1.0,0.0,0.0,0.7084258872497349,14.524040071373491,0.15168057348325,0.3946431338889147,0.5556953095673173,-0.2429153770208358,0.25792719423770916,english
937_english_fake_0937,937,15f4b2d89fd6ef677ad0cf16118393247db64e892060c2b238c09fa625e31ed5d5c4b4e05b0de21c6fc2202db2a2ebf567b2fd032758dbfbeb9897aecb2ab555,0,english_griffinlim_eval_final/fake_english_griffinlim/english_fake_0937.wav,2.88,0.713312693498452,-2.6937609971079493,0.7985659217235979,0.1662024351352374,0.0352316431411646,1.0,0.0,0.0,0.7786424227385642,14.130605772503015,0.1793739566158302,0.4553164434910114,0.633864684489584,-5.849465847015381,-5.348623275756836,english
948_english_fake_0948,948,aa9941b68c0d09069571c0105e601b61631c79ef1c9e1fa6bc2a7b15bbb7e1cbae92efee9449f68e4aaa4219b3b897e0382b39a5fc689c6b7bcf60bcf776dd22,0,english_griffinlim_eval_final/fake_english_griffinlim/english_fake_0948.wav,2.328,0.5765944272445821,0.2450049888238865,0.6752762511798454,0.2669428325044899,0.0577809163156647,1.0,0.0,0.0,0.8197891578871028,13.68723782799306,0.2479766391581822,0.5842432145658866,0.7392983542161935,-1.9990609884262085,-1.4982184171676636,english
961_english_fake_0961,961,cc7cc15dbf1966fe301042b960b06893a68fd036d88915f4267b56d3d1dbd2c4aff1078274af41f50a01168b66f71b1ef9b9b12a6a64747dd70329071684590d,0,english_griffinlim_eval_final/fake_english_griffinlim/english_fake_0961.wav,6.768,1.0,1.2917499418395746,0.8444387879497893,0.1212733937242575,0.034287818325953,1.0,0.0,0.0,0.766123549100088,14.218243191615455,0.1691173367486245,0.4447856192910461,0.6239282997045972,-2.0272669792175293,-1.5264244079589844,english
966_english_fake_0966,966,39c7f4a092c239dd28b5af1f5d2478b19641bae496c30909b4d3eaa73bdcb6e1ccfa348210a57be42889112d2eb3f99efc3d142574f6bb9174ce2be1c3781066,0,english_griffinlim_eval_final/fake_english_griffinlim/english_fake_0966.wav,7.56,1.0,-0.591691896862649,0.8552471561035889,0.127426339087594,0.0173265048088171,1.0,0.0,0.0,0.7449778200832102,14.346774000696458,0.159350505650392,0.4189429855088614,0.5914636347657487,-3.823976993560791,-3.323134422302246,english
99_english_fake_0099,99,ab72e9ab22713aec03a3189202a0713e56016ea07569b3041fcd65d77c9eb3f8c692f7ccaec75c16bbc62476d528f434d829193994cf07fcde9e3b1e4a2fa93a,0,english_griffinlim_eval_final/fake_english_griffinlim/english_fake_0099.wav,3.192,0.7905882352941178,4.076118725496796,0.5630513468517032,0.38530512413452,0.0516435290137767,1.0,0.0,0.0,0.7197221061272518,14.4327436471769,0.1668335973884278,0.4066045698607,0.5682927718787997,-5.738290309906006,-5.237447738647461,english
994_english_fake_0994,994,c948b5166ffa7f0a17b7d067f7f99418cfe1cf101ee9b845047cdcb43911af6bc2c5f775f5099e60052e8edf9d59a2a0fdd906095c9ea0f02c8af763b2088235,0,english_griffinlim_eval_final/fake_english_griffinlim/english_fake_0994.wav,3.024,0.7489783281733747,-3.1438175732391827,0.3259246385937561,0.5628469111217658,0.1112284502844781,1.0,0.0,0.0,0.7661642449156645,14.127523677454212,0.2006153428664781,0.482855776538388,0.645217129400794,-1.2514766454696655,-0.7506340742111206,english
