sample_key,pair_id,analysis_cluster,label,path,duration_s,content_fraction,ig_delta,low_frac,mid_frac,high_frac,speech_frac,silence_frac,silence_duration_frac,gini,entropy,topk_1pct,topk_5pct,topk_10pct
1002_hindi_real_1002,1002,7b90778674a3659c892533d96bb0aa534879da17cd2f9cb1ae73fc3cc114dda10eba8bb6cfeddbafde910b396a60b95e64b4134430071bf2dd23b8d6a9c32785,1,hindi_griffinlim_eval_final/real_hindi/hindi_real_1002.wav,7.38,1.0,0.0367111362285474,0.8900655052256254,0.10235499546301971,0.007579499311354888,0.9746601581573486,0.02533976174890995,0.13473684210526315,0.7538443675914683,14.227059720878183,0.19076922377207842,0.4377445145930863,0.5997898450634184
1032_hindi_real_1032,1032,cea40007071ea914e41633e74d05142fd1f5f8f49c154534816017cf89ce625657c804fe479fe87c08854ecd847697d6ca0fb6bcf424006c307f65430c34785e,1,hindi_griffinlim_eval_final/real_hindi/hindi_real_1032.wav,5.076,1.0,0.8563780405764194,0.8828870654539751,0.11155225046854848,0.005560684077476325,0.977694571018219,0.02230544202029705,0.2946130030959752,0.7458079029708589,14.355950337441165,0.15553299684976407,0.40720157034910454,0.5785720584577797
1036_hindi_real_1036,1036,b726b76c3576ad4edb7eeec20cfca6ae5b5ce074dd7e042da97ec800dc152b6fc7d0c462260dde20cea9d99782632cdd7a47c83c615cfcc3324c9b890fc12ee9,1,hindi_griffinlim_eval_final/real_hindi/hindi_real_1036.wav,7.848,1.0,-8.612826870508576,0.9246906560999474,0.07169654108468217,0.0036128028153703928,0.9913270473480225,0.008672993630170822,0.19814241486068113,0.7565773266354425,14.29305329112026,0.15881431803364532,0.419851283580934,0.5946719915586075
1044_hindi_real_1044,1044,60b2daa4cda30b5320834f3c2d21ea1841b52ccd7bf7ed4689f3ff27ca59c3323707c95e9a17bea4082356c576bbc3f17a00106134240f3632529b329fc1e62a,1,hindi_griffinlim_eval_final/real_hindi/hindi_real_1044.wav,6.156,1.0,0.1749315449592652,0.9927149915056497,0.005839536073601085,0.001445472420749247,0.9835394620895386,0.016460558399558067,0.27876160990712073,0.7616192628993672,14.281049250542845,0.15303570636971217,0.4139531488411807,0.5943741015347996
1048_hindi_real_1048,1048,a4a1040c8228b7c4f4f6d82e4db994894b669b51b15980a75e3c7f8f91169c13973557c4f950a4eef6447617ff114233bc495632040f6b24694c4127cc9a86b9,1,hindi_griffinlim_eval_final/real_hindi/hindi_real_1048.wav,7.92,1.0,-0.3423112708241111,0.9343996511669153,0.04498938357497523,0.020610965258109442,0.9811180233955383,0.018882038071751595,0.29325077399380806,0.7955656983820403,14.023949596864414,0.18875912655131047,0.47080346703183024,0.648089129184456
1050_hindi_real_1050,1050,5191b8af39731f5141ffac823e13e25016e5b3109209f12d3337bdfc92ddff74ea717e293a01fe3b90fb2be2a87b0621cc385140b097b7e6d76f1d2e2f319d74,1,hindi_griffinlim_eval_final/real_hindi/hindi_real_1050.wav,7.236,1.0,3.972706636730989,0.8028150097622643,0.18153600371660472,0.015648986521131066,0.9663498401641846,0.033650051802396774,0.19021671826625386,0.7369471956310378,14.423383221837527,0.13995429828605543,0.39575002405950765,0.5737073911668537
1053_hindi_real_1053,1053,9c12887b11ae7ce76bcb5c4ca6b56f174e89c82f02c52c05b93ac7a40b6fb7b28d8474241a7dc36b3ad5b36eab48a209bf7e68a905ca64ac40b89e9311dec25d,1,hindi_griffinlim_eval_final/real_hindi/hindi_real_1053.wav,3.672,0.9094736842105264,-1.4225630578656423,0.9263123795295869,0.0692793631305729,0.004408257339840215,0.9998986721038818,0.00010129508882528171,0.047554179566563465,0.6899820311947431,14.62281495270488,0.14149631476147162,0.3646012465215202,0.5221880912438972
1056_hindi_real_1056,1056,74751bae9cd9bc9a9c005dce39ee035a3d1a201afb6bc83523226793b7fa2526d2c29ccebaaee7bcc6af9949646ae1bde77eade6fcec218564391c06e0ec86d3,1,hindi_griffinlim_eval_final/real_hindi/hindi_real_1056.wav,4.968,1.0,-0.9339721650531114,0.9340873494095046,0.0605109668221236,0.005401683768371944,0.9810085296630859,0.018991444259881973,0.2153560371517028,0.7878599351338087,14.03329798510824,0.1952721782598461,0.465036959934038,0.6381984879766375
1061_hindi_real_1061,1061,52f22814969ddf3ae439c9927cdc815781938e7b8db9939cbe5cc7211c83b3dd6eccb62b360571d4002d64878c3b70340e8a76bf784048ff984b73b71d31fc52,1,hindi_griffinlim_eval_final/real_hindi/hindi_real_1061.wav,2.808,0.6954798761609907,0.0002056713455926,0.8492239409961025,0.13969826940487193,0.011077789599025507,0.9798434376716614,0.020156649872660637,0.25956656346749224,0.7869811478140487,14.111463874938151,0.16750595844708097,0.449271222667702,0.6360689747999866
1063_hindi_real_1063,1063,6599122319c224d4b370bdaa817d68a9d0d1774b81aada4980c0519f78ae3a9ebea33cc1b8fc6a20008d791474bdefb675e448b3c00d10d0fd05a39e153e922e,1,hindi_griffinlim_eval_final/real_hindi/hindi_real_1063.wav,6.156,1.0,0.736595134967895,0.9764061554643714,0.01636446047236853,0.0072293840632601135,0.9834134578704834,0.016586581245064735,0.20606811145510837,0.7243469818453898,14.50338272728656,0.1308170091987144,0.3663892300801834,0.5404590808007843
1075_hindi_real_1075,1075,5910123d516315dfc2a43523d5cbc63444096a4cd38bb8b772155e3c51fb2f1eb673beaa1603de242ad8aa5dafe9d0ebd85a1c02bc6a7ee45e636585932306ae,1,hindi_griffinlim_eval_final/real_hindi/hindi_real_1075.wav,3.348,0.8292260061919505,-1.4251970892016788,0.9019661421289527,0.09121771333910787,0.006816144531939361,0.9985308051109314,0.001469321665354073,0.09510835913312693,0.8197769148124816,13.775097670485643,0.22839620402214977,0.5287326582259843,0.7011523506618826
108_hindi_real_0108,108,c0fce8f25f23b41ed1321b49a5940b20f8b61130c14559d79ddf3816e5a433e06cad1469ff786911ce97ba8ea234da6b623881f3bb65339d1d3dd296e477a193,1,hindi_griffinlim_eval_final/real_hindi/hindi_real_0108.wav,4.968,1.0,5.252941499249128,0.8749729674951443,0.07924642398291051,0.045780608521945036,0.9993351697921753,0.0006650133291259408,0.23120743034055727,0.8147747636239195,13.876419672579978,0.20160531096856232,0.4976807941982404,0.6769791104676599
1090_hindi_real_1090,1090,f446689d92087b875d07eaa1d98e4b7e07ec4f8651762d73d8e0ecbae21be60e60a3b7356828d24a8c9071f872f21361ca196ae017820a2908412966f0a59df2,1,hindi_griffinlim_eval_final/real_hindi/hindi_real_1090.wav,5.76,1.0,2.1055827826350813,0.8994914468003281,0.08250968511543573,0.01799886808423611,0.9975789189338684,0.0024211169220507145,0.10303405572755418,0.7451287625622329,14.366019031645203,0.15018715512861425,0.40845433671738773,0.5833804100335496
1097_hindi_real_1097,1097,0e97e303991e6646c845049579a4bea7a25ea775f6b8b44a09e0efd0ae9661ec984c393c92d2522e3158c8b0ca206ad60fd9e136713e18c21dffd72811a88b88,1,hindi_griffinlim_eval_final/real_hindi/hindi_real_1097.wav,5.94,1.0,3.821333278941255,0.890291162648928,0.1096977349845333,1.1102366538537542e-05,0.9982444047927856,0.0017555877566337585,0.29325077399380806,0.7816378294368349,14.098763382367299,0.18749953977059697,0.45481127064618876,0.6246517973839096
1101_hindi_real_1101,1101,461059307d756b80d08835b893bbee0e93e8cf237db0b4ba90a0b34adfa5ee77c44a3777d5a0c19d7a920260f7fd54fdd84661371abe9ece4b08ea2624146827,1,hindi_griffinlim_eval_final/real_hindi/hindi_real_1101.wav,7.128,1.0,2.1229857314678764,0.9014978753634385,0.08481355385880121,0.013688570777760301,0.9960739612579346,0.003926079720258713,0.11888544891640866,0.7217521980248935,14.517163737189579,0.12852081254554798,0.36755887899794626,0.5406657332474155
1116_hindi_real_1116,1116,e6aef31fac7411f3f1b15c566dede061e3024cde1382d7ca1a860a093ad5b0b9c87aaa13c749ef9982c688d7a8d715c11aee89c2e3d541b9ba3dc73c5ec5cb85,1,hindi_griffinlim_eval_final/real_hindi/hindi_real_1116.wav,5.22,1.0,-1.654674834348118,0.9598683650459541,0.032076449833470216,0.008055185120575651,0.9919038414955139,0.008096291683614254,0.19021671826625386,0.7368808673700464,14.426911483194328,0.139556417392837,0.3886514802533552,0.5626552603751321
1124_hindi_real_1124,1124,230d27ac6435d55a47ccc110561f23b342676f24aac1bed0eec64dd0deefc5d13f306e9df3216cfa91eb7972029e60e59586109fba46ac6dcf631a9e04b60644,1,hindi_griffinlim_eval_final/real_hindi/hindi_real_1124.wav,7.128,1.0,1.0484633273127972,0.9107244922196497,0.06985361361960565,0.019421894160744642,0.9808913469314575,0.019108695909380913,0.10303405572755418,0.6909506363851892,14.616348566168838,0.14372197167989093,0.36755410004223193,0.5251189206242445
113_hindi_real_0113,113,3aef16007bd29046bf29aa965433206ce23419410af7d4bc3d292635ddc31b83ce37bccb79f9f0fb3d857b77a1bba903b1dfbadc1d390b9c5b687a475c9f29a6,1,hindi_griffinlim_eval_final/real_hindi/hindi_real_0113.wav,5.94,1.0,-5.751232941115655,0.8758407551461931,0.11826848601580014,0.005890758838006796,0.992450475692749,0.00754956528544426,0.26291021671826625,0.781756706634106,14.161131998384924,0.15824483305368175,0.435395363671245,0.6223654034659557
125_hindi_real_0125,125,35b57937a48c8fa81eaa6a6af0b8228f449a80b7228b9d97f8ba3a9963ecfdc2bd5c60372b83e4f7ca0133fbb9c4dfdbcb554dbf34c2a262de380f4d396f042a,1,hindi_griffinlim_eval_final/real_hindi/hindi_real_0125.wav,4.788,1.0,5.750344201616304,0.831870094086465,0.1595117321804633,0.00861817373307184,0.9878775477409363,0.012122559361159801,0.31839009287925696,0.8429472667586955,13.595400549067532,0.24357377095443264,0.5589027543194711,0.733712620782014
142_hindi_real_0142,142,389842e0cd33cfb9876ef3d2f0e50eb0d9842d3a72efb647244e2cab4f456609c2fe3c3584b5307808cc70d8a9f6cbc18617ef2eadf45ed518b03c0dee8dfd87,1,hindi_griffinlim_eval_final/real_hindi/hindi_real_0142.wav,5.784,1.0,2.7642951381675145,0.9104084169355517,0.0833985529679054,0.006193030096542973,0.9917431473731995,0.00825691781938076,0.1836532507739938,0.7894266800478169,14.022362065326591,0.20248891946686068,0.4832455786904105,0.6527587867723749
146_hindi_real_0146,146,51ac71db84d066b7c2fe1dd940f0e75602010e8a2c0a23df2b47108a43c6df09aea35278f729be243a1d02576df693c13705cc367b391889be00e5a572b08fb5,1,hindi_griffinlim_eval_final/real_hindi/hindi_real_0146.wav,7.452,1.0,0.4466290738283227,0.9288505858824379,0.06859153986105708,0.002557874256505215,1.0,0.0,0.0,0.7091767247987115,14.550194969114369,0.1385558455386523,0.3829093768422019,0.549658138481523
156_hindi_real_0156,156,55facf37cfec7564d08860906bdb688d9e2c45d7ac50a054dcc66778b3b1a10a9489051097f6fe9232742597187752dc71f4f0432aa771771721c259ff4324c7,1,hindi_griffinlim_eval_final/real_hindi/hindi_real_0156.wav,5.94,1.0,4.053250187095488,0.9072886034890929,0.06733139079676827,0.02538000571413878,0.9917747378349304,0.008225174620747566,0.2773993808049536,0.7896122715495084,14.108315650109184,0.1616084384380849,0.44446126321573015,0.6320855817014454
166_hindi_real_0166,166,3d60da54a5e96710c627c37362c5f17d026c725b99466b5596f08c6584beafa8dd546aff3ef61dd1cfda5150cdd82d08970d8ad36a49e933571b903361a6cbdd,1,hindi_griffinlim_eval_final/real_hindi/hindi_real_0166.wav,6.12,1.0,0.8262105725400972,0.8639803470351991,0.11801695741138654,0.018002695553414223,0.9849051833152771,0.015094777569174767,0.2853250773993808,0.7857045757311509,14.105908205878068,0.17587921616408755,0.44750627697292544,0.6268410960466807
188_hindi_real_0188,188,0db277015ed4c7602383504e75bcfead10db6e33b12e442a983cb259a17baf2c98daf32f18e2c1917269103a2ef1776d88cab0357c43c487473d8fa511dde7e8,1,hindi_griffinlim_eval_final/real_hindi/hindi_real_0188.wav,4.5,1.0,-5.560347325949641,0.9249303503387137,0.057691618522990436,0.0173780311382959,0.9874177575111389,0.012582274153828621,0.3025386996904025,0.8013624059700275,13.983425117819792,0.1905644536906599,0.47757328401149773,0.6592653639031815
190_hindi_real_0190,190,b3384290eb1959d422480362d83e5209c28470116f7c5b10b0306ace4c6c34fec56325a07bec155e841663e775d0573922c4e90dd59bad4795f5d75530c6732e,1,hindi_griffinlim_eval_final/real_hindi/hindi_real_0190.wav,7.236,1.0,0.6612628552350923,0.9566214359425468,0.03612028675838893,0.007258277299064275,0.9977133274078369,0.002286722883582115,0.19814241486068113,0.707737581204468,14.591190786498013,0.11888003597649364,0.34705845491347426,0.5181030876387624
192_hindi_real_0192,192,9564825a0829d21edd512e0523b3dccf946f9cd0f8b90c2589961c1867f2100b337df3df56dcee0dbdc7b4f23de4dc7d2af884dea2f7a3f6a3f3dc081879acfa,1,hindi_griffinlim_eval_final/real_hindi/hindi_real_0192.wav,4.068,1.0,-1.5639524477413111,0.9037929802377782,0.07472605313357329,0.021480966628648433,0.9770409464836121,0.0229590255767107,0.3421671826625387,0.8091035993959386,13.942005531486837,0.184831651116109,0.481369061831032,0.6735582274984702
201_hindi_real_0201,201,3dbb15be45bbb6a44cee0c715a4fd06c4e5267061420217c4a4279a8f47365fa3c7243c274d08ddaa39a11d39b1c281760c59e358f1a4b14914923605831a3b8,1,hindi_griffinlim_eval_final/real_hindi/hindi_real_0201.wav,3.492,0.8648916408668731,-0.303081135361575,0.9852103875637287,0.011596180121599388,0.0031934323146717986,0.9999393224716187,6.070459130569361e-05,0.03269349845201239,0.9207434542931519,12.398658894980256,0.3995962604934582,0.808430865377054,0.9129698229890612
207_hindi_real_0207,207,ff8d1bfdc7d8be2fd275f506691f3ba70d9d60666488ab551bcbb76c3fe93c7cfaa703f465f40b60131807d73913eb37830221336b6803114df015fb7caed36e,1,hindi_griffinlim_eval_final/real_hindi/hindi_real_0207.wav,2.556,0.6330650154798763,3.511494441284704,0.8814673701728493,0.09090725145940441,0.027625378367746374,0.9788200259208679,0.02117997035384178,0.22885448916408668,0.7494995852406356,14.327492407609983,0.15910603101994805,0.41983175088034536,0.5932618334119539
230_hindi_real_0230,230,0d2120fd5389d89f197e877a642aeb305bd4d8a9820d642a3ca7e83fe64ca61a0a8b15a37958f3629aa855408d3eabc56d2521ff9a06db24bd0c95320f66efab,1,hindi_griffinlim_eval_final/real_hindi/hindi_real_0230.wav,3.6,0.8916408668730651,-1.435634218273333,0.9675965672664938,0.028959543231124246,0.0034438895023820265,0.9925491809844971,0.00745081203058362,0.5006811145510836,0.8569678303949255,13.559960593600236,0.20461924011895039,0.5442227351345381,0.7461370048057527
248_hindi_real_0248,248,36062260d676bde6039ce120c376465b2bd64e0699bac4f5ccf693568a39376a0cbc895a1c3ad2b74de0236420dc51f0dc3bc8d7f1fcac394756286a2c426056,1,hindi_griffinlim_eval_final/real_hindi/hindi_real_0248.wav,7.632,1.0,-15.56524109937763,0.8735846543174496,0.1168852052471663,0.009530140435383989,0.9615350961685181,0.038464851677417755,0.19814241486068113,0.7521663545066437,14.328353460844209,0.15055301697643106,0.4149101301435451,0.5936080651371671
265_hindi_real_0265,265,d5417347b8d450c2aefa6ac74539b48c943a0d94b866457184e18c67074d8c2eb785e7191abf9c2199ef4db0873ef3ca503bfeaee470f6ab2506b8c2120a6669,1,hindi_griffinlim_eval_final/real_hindi/hindi_real_0265.wav,6.048,1.0,6.138486035131312,0.8299881999722326,0.1441827819776842,0.02582901805008323,1.0,0.0,0.0,0.7060734188113487,14.54253959570164,0.14831485470433917,0.38732241717092203,0.54982043508506
266_hindi_real_0266,266,f4be1316ad0e2da63cc723ae7822391bf5e9bebab20d134595b5dfaa0fcfc42a3907fb02b5ee992a496c84610d4d015a0b2f1e8240dc27a431cd55d69b1ab7e3,1,hindi_griffinlim_eval_final/real_hindi/hindi_real_0266.wav,4.356,1.0,-0.4264395042645184,0.78854898259224,0.19655353874931553,0.01489747865844453,0.9770679473876953,0.022932076826691628,0.3421671826625387,0.7951192976953299,13.986810276698963,0.2000620695986885,0.4848343942080284,0.65904463545107
272_hindi_real_0272,272,ec78af2b863dab21a727f2ae9acf3ca8000403bcaaa82e800686048efeb2dcd359c7afd61fc63ea272d52e127546ccc8650a9df372bdb8f30a4df59e828cc263,1,hindi_griffinlim_eval_final/real_hindi/hindi_real_0272.wav,4.536,1.0,0.2157088343181268,0.8334206516137714,0.15193835621762006,0.01464099216860847,0.986945390701294,0.013054554350674152,0.2694736842105263,0.7709558946017037,14.184072816432629,0.17645382706914367,0.435938302535064,0.6109970038633405
275_hindi_real_0275,275,c7a77aac9398049c593a06e3bde552061eb033612d2266a548202cc8790a06dd5c5c4fb002e8013ef38f94abed95b3bea0e56c4cb6aa8deecf7c63373764826d,1,hindi_griffinlim_eval_final/real_hindi/hindi_real_0275.wav,5.652,1.0,3.390801997107181,0.9500456281802724,0.025629481809906176,0.024324890009821524,0.9817078113555908,0.018292199820280075,0.19021671826625386,0.8033037588902165,13.851155406228603,0.23944780670292928,0.5144596424131408,0.6756838795224367
319_hindi_real_0319,319,ea8f8541a19f474c4246d33005ad2c365f8b82b7a9b214bc39bd7b0ea6469e6d17fc574bce867f5fa60612c98df61735b7e95bf0d9c731a290e4c4bd515098bb,1,hindi_griffinlim_eval_final/real_hindi/hindi_real_0319.wav,3.816,0.945139318885449,-6.512225542763888,0.9052383232996164,0.09244140348075683,0.002320273219626723,0.9974812269210815,0.0025187148712575436,0.43727554179566563,0.8451066624099153,13.593138275057708,0.2350735971294217,0.5410931782196504,0.7213024109620952
33_hindi_real_0033,33,daa76944376a4ffb1588dd2a305c507bc1b8e14eafbbb1784aba0d0e901a3ceccaa5f1d84909bc13f2ff0ab6c7facb2ac2e487daed3470c7fe44022f33cd2a26,1,hindi_griffinlim_eval_final/real_hindi/hindi_real_0033.wav,3.348,0.8292260061919505,-1.767459242996543,0.831749874150267,0.08969187018601313,0.07855825566371971,0.9986869096755981,0.0013129730941727757,0.6354179566563467,0.9104954040294762,12.832842213579653,0.3069314225623078,0.6899960040457807,0.8631581571563914
330_hindi_real_0330,330,9daf98d1ee349378718aead0f9edd13b1352e0fe0e72a2d71aa458a79d9f474c8680549bf1d62115d59c13d52d97364c5672adb795ac73db59b709c92cb7870e,1,hindi_griffinlim_eval_final/real_hindi/hindi_real_0330.wav,4.176,1.0,2.564273413702515,0.8353548875851112,0.15679442305121905,0.007850689363669765,0.988716721534729,0.011283176951110363,0.27876160990712073,0.7650491690273558,14.25367263618127,0.15684598597463817,0.4173583294507902,0.5975665990377649
351_hindi_real_0351,351,f4be1316ad0e2da63cc723ae7822391bf5e9bebab20d134595b5dfaa0fcfc42a3907fb02b5ee992a496c84610d4d015a0b2f1e8240dc27a431cd55d69b1ab7e3,1,hindi_griffinlim_eval_final/real_hindi/hindi_real_0351.wav,7.02,1.0,-1.6849063066863623,0.785331021345237,0.2094654267230241,0.005203551931738896,0.9841301441192627,0.015869827941060066,0.2615479876160991,0.7631112148431498,14.227889338723815,0.1753061811262646,0.4391679163606114,0.6091606575129584
361_hindi_real_0361,361,b4dcba6c853f94a6e9abf98d501e79af3eec51ee1635fb1529bb4103e9fa495c7c937b7c4e4219bf3d414b549d2476904d15ff5feeb26b478b01bdc367f61bb2,1,hindi_griffinlim_eval_final/real_hindi/hindi_real_0361.wav,3.852,0.9540557275541797,-1.1465884278547898,0.9632507902717056,0.03651188381298355,0.00023732591531087802,0.9810566902160645,0.018943358212709427,0.5640866873065016,0.8574396504075859,13.517626729580762,0.22241754700398592,0.5489718056642446,0.748369948133465
366_hindi_real_0366,366,ae1ae84ba2341eb4c7c3fa47026ddc0b784387b58fa28c0a69f32c966e590141de3da70921c65c3477fb49575fab03213843d087f177422adb685978ca5c4b13,1,hindi_griffinlim_eval_final/real_hindi/hindi_real_0366.wav,3.996,0.9897213622291022,-0.460289403407732,0.9154291512437777,0.03674028369761727,0.047830565058605126,0.9842483997344971,0.015751557424664497,0.37386996904024766,0.8147687522791507,13.910960912549903,0.18312671398805783,0.4844265643205171,0.6746614933358694
369_hindi_real_0369,369,3f0b866ee8d4499e4c0de09d34862acbb1ea0139f53bf7f1271a8648fb35d9a3a31272a8bc7af870e3b52bf7f4cb51ae512fa07df79663eaeafa30221c0b200b,1,hindi_griffinlim_eval_final/real_hindi/hindi_real_0369.wav,3.168,0.7846439628482973,2.932252255550857,0.9153088083705494,0.07397711195578953,0.010714079673661043,1.0,0.0,0.0,0.8172089023084963,13.758031393483327,0.2322358300050416,0.5600657738617175,0.725608813704297
373_hindi_real_0373,373,1ab26689a68e6aeb9ee56daf140f5d65c19295d6b65eaef9f51f22cbd867b635758194eb9640790ea7d37a0de2bd5d0f235fb7662cc80dda56261f92c3cb4475,1,hindi_griffinlim_eval_final/real_hindi/hindi_real_0373.wav,3.816,0.945139318885449,-0.6084359857750359,0.9070416381846746,0.0894557183846433,0.003502643430681962,0.996726930141449,0.0032730798702687025,0.6354179566563467,0.9016615117125835,12.943840857855498,0.305303142269557,0.6586826621103178,0.8345620000049572
386_hindi_real_0386,386,13b72f7b7cca925bd373d5f2eab80cc1ea66148b333a85d6ca12be7e926fa2faf00dd733d0c670651eca79a91b3efeaf6918600638811c1c946b261c671a525e,1,hindi_griffinlim_eval_final/real_hindi/hindi_real_0386.wav,4.356,1.0,-0.2588549244393485,0.7657502907267126,0.2018615884343766,0.03238812083891066,0.9907621741294861,0.009237829595804214,0.4055727554179567,0.811103455629369,13.920549106317791,0.1903249442151047,0.48004018278088556,0.6648398410119107
40_hindi_real_0040,40,424c16a8450e8b742c1380d9d38d919d880a36379e8c7e09126a2a8411022bc42cbae339c1d8dfd42695fb073ca783ed5e86b8a2531d11c4491259ab1378e445,1,hindi_griffinlim_eval_final/real_hindi/hindi_real_0040.wav,5.976,1.0,-0.3565926228974896,0.9186009228643636,0.06226687281413675,0.019132204321499712,0.9998420476913452,0.0001578980009071529,0.01585139318885449,0.763937371682039,14.213949865368187,0.1771856310220639,0.44969007611530704,0.6198970821939486
401_hindi_real_0401,401,7b90778674a3659c892533d96bb0aa534879da17cd2f9cb1ae73fc3cc114dda10eba8bb6cfeddbafde910b396a60b95e64b4134430071bf2dd23b8d6a9c32785,1,hindi_griffinlim_eval_final/real_hindi/hindi_real_0401.wav,7.092,1.0,0.2572330529308766,0.8256821909923014,0.16753867292735866,0.006779136080339907,0.9928902387619019,0.0071097975596785545,0.2773993808049536,0.7921600681789185,14.079564628392584,0.16944284079048655,0.4501383610256769,0.6350079943751455
412_hindi_real_0412,412,68cb270e1215efd79204c075fb9df17b4ea024a7c09f74970ea4e506e73229238b2c3b3fc62c0f650e4fbd93cfbdd109b4442bcd5292c50b81cf80146568bf42,1,hindi_griffinlim_eval_final/real_hindi/hindi_real_0412.wav,6.588,1.0,2.481459935344501,0.9406593828248418,0.05774214975154048,0.001598467423617738,0.9972378015518188,0.002762116026133299,0.23777089783281732,0.8127114837363167,13.845940424634106,0.21890919591758148,0.5038316678588962,0.6758397455662817
413_hindi_real_0413,413,d09397973383a68b428b2de77fa5f97b990441e1d4f668eca001e162425c7928eb19441bc4e961b80af9f9414a3d1ce66d15cc8fde6c11fbb24bf65ac1eddcf0,1,hindi_griffinlim_eval_final/real_hindi/hindi_real_0413.wav,7.488,1.0,0.109214884322526,0.9061329798237872,0.08846978447365898,0.005397235702553981,0.9860798120498657,0.013920076191425323,0.11095975232198142,0.7361754390943287,14.390692094810152,0.15713960805022817,0.40780203995469655,0.5784672988532304
415_hindi_real_0415,415,c8eabd52eef7e16e14998264ec78831ec7b891135ad93c446e459d4643b02c721b412f4fc828522a478fdbd2d5f4ca9838991a89368c78cb7f0617b3837a00ca,1,hindi_griffinlim_eval_final/real_hindi/hindi_real_0415.wav,2.988,0.7400619195046441,-4.195986201403466,0.9443399103628699,0.03630529918987473,0.019354790447255438,1.0,0.0,0.0,0.739124828989254,14.369514359479535,0.16104120767099753,0.41611794128550134,0.5859642509587035
427_hindi_real_0427,427,ddc0ae40d79e0f3980eb00cedd80e03d7a0cbf3ab7880588429060f50c16895262e0a1874caae85ee39e8bdd72e5ac94830df955d0cf0ec817d50ce83d61f055,1,hindi_griffinlim_eval_final/real_hindi/hindi_real_0427.wav,5.904,1.0,3.083465257112268,0.8547710126769152,0.12229434854389128,0.02293463877919348,0.9999997615814209,3.930579168809345e-07,0.007925696594427245,0.7186220767420517,14.524613551770337,0.1314835983492807,0.3763581920118753,0.5503864068955068
441_hindi_real_0441,441,7b90778674a3659c892533d96bb0aa534879da17cd2f9cb1ae73fc3cc114dda10eba8bb6cfeddbafde910b396a60b95e64b4134430071bf2dd23b8d6a9c32785,1,hindi_griffinlim_eval_final/real_hindi/hindi_real_0441.wav,3.852,0.9540557275541797,0.1707339297515209,0.860034932106974,0.12777079965379418,0.012194268239231856,0.9977872967720032,0.0022126163821667433,0.3976470588235294,0.8250149823463133,13.783232808904605,0.20631335669654127,0.49659320664406836,0.6801295025075713
479_hindi_real_0479,479,5b3872837902e6d95327320c254ce8cc9e7b69e3ad4e2e54f93009f6f44af95a3b2bd03dd9504518ddea0ce1bb0793458ea03d00ccd3c918aba1a0a91476da99,1,hindi_griffinlim_eval_final/real_hindi/hindi_real_0479.wav,4.824,1.0,-0.5706052029504449,0.8993709128339661,0.07843588411765319,0.022193203048380686,0.9711560606956482,0.028843777254223824,0.22328173374613003,0.7496123056936388,14.343685844033606,0.14883194926871304,0.410341999644486,0.5878370940864416
483_hindi_real_0483,483,b9854a362f9f2796f98c3105310553f5d5b1d2aea5f247080a0d9ab5d329ac51e5e519bad74bd68b022867bb103a42741c9523a32ce80c3a4ac8ed64c4bde957,1,hindi_griffinlim_eval_final/real_hindi/hindi_real_0483.wav,3.216,0.7965325077399382,-0.8845934897916017,0.8280145496893369,0.08029138196353602,0.0916940683471271,0.977254331111908,0.022745691239833832,0.23120743034055727,0.8261847050017235,13.781402339958667,0.20506249104211574,0.5285905174026171,0.7167585170503586
497_hindi_real_0497,497,9a862e8c754a334f2c39963b8da67e4e6e46ef2889e6ac772bb3e3847c4e1586e46be4d21adf569a90009925022013d8900d5ec065a6eaf767a5f0c3f1317f6d,1,hindi_griffinlim_eval_final/real_hindi/hindi_real_0497.wav,7.056,1.0,-6.071695389593614,0.8746304221920149,0.1152143051814676,0.010155272626517537,0.9916373491287231,0.008362729102373123,0.30910216718266253,0.7544146994001817,14.320974964401973,0.14843685150679042,0.39951247670484935,0.5767350646097772
498_hindi_real_0498,498,3255dc44d5426ad255e14c4db4d12b224dfffd1e594a400a47cee7aafcd670d56a9834052a13be30307100ec6a3e1f8bffe33260e25f32c5a89ef64c744c0433,1,hindi_griffinlim_eval_final/real_hindi/hindi_real_0498.wav,2.664,0.6598142414860682,0.2144986067483745,0.9107320543441365,0.07837354762908061,0.010894398026782846,0.999630331993103,0.0003697258944157511,0.0891640866873065,0.764487593070148,14.236131860360118,0.16444830495535162,0.42915513966912755,0.6056076202916779
533_hindi_real_0533,533,5a2a681a4af95b92777b6adcd74644a5291136b27678f3afb168b9ebcc348031ce19ae24e738331ee6e5e5e54f6c4c560d455f898f348ad11957ec799c28fe59,1,hindi_griffinlim_eval_final/real_hindi/hindi_real_0533.wav,5.796,1.0,-1.213339998701521,0.8933438113560271,0.08989406283156605,0.01676212581240681,0.9923874139785767,0.0076126838102936745,0.29325077399380806,0.8123243508284599,13.887604412700002,0.2037786180180796,0.4950795503302242,0.6742804573365199
541_hindi_real_0541,541,5e46ac50eb1d862c9c16cabb7768b1b412ed7ec5a51e13e22953cbb21d43c30f5addea8f5b6797634a95c8140661feb46f36a8e68d9968dc8452c0ac88af7e59,1,hindi_griffinlim_eval_final/real_hindi/hindi_real_0541.wav,2.664,0.6598142414860682,2.870925503054674,0.9370152348594023,0.062401162933072137,0.0005836022075255629,0.9992313385009766,0.0007687032921239734,0.03170278637770898,0.8011462897309043,13.978683884720256,0.18673227151809618,0.4799747123706211,0.6662233571626406
60_hindi_real_0060,60,9c12887b11ae7ce76bcb5c4ca6b56f174e89c82f02c52c05b93ac7a40b6fb7b28d8474241a7dc36b3ad5b36eab48a209bf7e68a905ca64ac40b89e9311dec25d,1,hindi_griffinlim_eval_final/real_hindi/hindi_real_0060.wav,2.736,0.6776470588235295,-0.9567126974640424,0.9140229990802442,0.07912295309870933,0.0068540478210464,0.9988609552383423,0.001139021129347384,0.06340557275541796,0.7512584002530727,14.286707170232308,0.16966565895838662,0.4353655690778273,0.6071707131988976
605_hindi_real_0605,605,ea8ef3168cd29cf3bb33c603fc49336a1b58747fac2bdd17b4f6d59f24ed30a903a1b574e5d276035f8c3141478664e8f36c46a55fb6637e08b183a0969615a0,1,hindi_griffinlim_eval_final/real_hindi/hindi_real_0605.wav,4.896,1.0,1.2888183401169917,0.9322973250336739,0.06626938243192806,0.0014332925343979112,0.9709481596946716,0.029051722958683968,0.15058823529411763,0.6994095840740555,14.617583961772896,0.12619101679665348,0.35680055734662314,0.5234242166417237
610_hindi_real_0610,610,0a073b2441b86a13d80728f1a14413d473c4091d1053a3a53982f2c2698abb2a31f35efaefaad9b678d4cf8b27aecc058d4f664d005474a90b8af287ff58c303,1,hindi_griffinlim_eval_final/real_hindi/hindi_real_0610.wav,5.376,1.0,-9.309265686716309,0.9422207856192506,0.049194213393328946,0.00858500098742047,0.9828171730041504,0.01718292385339737,0.22191950464396284,0.7725888457958874,14.18955519259286,0.1688569747629613,0.4395019766129216,0.6173833493408705
614_hindi_real_0614,614,2b0295a46df33cca7111334e28048e4ca8856ac39e51ceba5d127c2defec2c84aa3dbbe0b2cd9a0057a3710d4ca5936186ac62306a21dbc4f493acb9486d1452,1,hindi_griffinlim_eval_final/real_hindi/hindi_real_0614.wav,6.336,1.0,2.7076416780767323,0.891739280726701,0.06614227093683407,0.04211844833646495,0.9742221236228943,0.02577780745923519,0.2391331269349845,0.7657608841662946,14.23048979059277,0.16731643694493223,0.4301275056563521,0.6055851894774668
62_hindi_real_0062,62,c0fce8f25f23b41ed1321b49a5940b20f8b61130c14559d79ddf3816e5a433e06cad1469ff786911ce97ba8ea234da6b623881f3bb65339d1d3dd296e477a193,1,hindi_griffinlim_eval_final/real_hindi/hindi_real_0062.wav,3.528,0.8738080495356038,4.210859841713665,0.8702754721562169,0.07399380379522798,0.0557307240485551,0.9912850856781006,0.008714960888028145,0.23182662538699692,0.7673535211254758,14.214717328806126,0.170746677218222,0.43374331397610383,0.6077591592583905
636_hindi_real_0636,636,5d11b952e9611a75d83a6b37c9eb61990cda39a280a57ed6b8e1e5169bbf408c23a2618a05bd8ed04bef3258fc84db91cac825708b4163b8053d8301d130370b,1,hindi_griffinlim_eval_final/real_hindi/hindi_real_0636.wav,7.416,1.0,-1.865456915706416,0.9358554820168099,0.053534092943407476,0.010610425039782654,0.9850533604621887,0.014946689829230309,0.34873065015479876,0.7849057797416548,14.154524640863457,0.1503126393398192,0.423909415710749,0.6157020401356215
652_hindi_real_0652,652,ef72dad515c406393c07ffac9b57e6cd1e83073c82a001d49ea19a30fd9976d0d50d4c5cffcfdbec8ea222c152695775d85c227194f2e56516531e1c8e76ff70,1,hindi_griffinlim_eval_final/real_hindi/hindi_real_0652.wav,4.056,1.0,5.406617594434254,0.7934061150849347,0.1814821145436866,0.025111770371378704,0.962689995765686,0.03731008991599083,0.4689783281733746,0.8113624185261417,13.89286023487408,0.20283669384278555,0.49561843577080883,0.6775590490988658
668_hindi_real_0668,668,75c6bb7203a8fae0c08c18b39bebaf7f25f86e3b2cdbb1dbd65927288474b3fa5b24c5c88144d238b93b8327677bdfbdf560078a95a3594a6b6ea7dbf3f3eec8,1,hindi_griffinlim_eval_final/real_hindi/hindi_real_0668.wav,5.94,1.0,3.644797726713536,0.9002843939426158,0.07782654825058095,0.02188905780680321,0.9899322390556335,0.010067748837172985,0.1585139318885449,0.7433470603119379,14.3158898265775,0.17598118723682588,0.42032581704039795,0.5833772628568035
679_hindi_real_0679,679,80d92595b38c164010ef7313465d16463f2c96fa6fc022b2e01e189d36b259ca8c60d34dedd33eb9e2efc010529edd502641106737ba607a53218e01e86be40a,1,hindi_griffinlim_eval_final/real_hindi/hindi_real_0679.wav,7.236,1.0,2.034439513637424,0.8818844759463542,0.10707065356622,0.011044870487425988,0.9838386178016663,0.016161438077688217,0.2853250773993808,0.7572616730811599,14.28688240969228,0.16036979472733445,0.420199113914399,0.5952015477759588
699_hindi_real_0699,699,ffb5eeb570d2ef310e46742868405151da6adb390253787708f24b730c59c01b34656465701e80b1157e9b0f9421b9a06a454f56e2a3a4bdfbf5c6c64addad11,1,hindi_griffinlim_eval_final/real_hindi/hindi_real_0699.wav,4.248,1.0,0.4298086120622635,0.9428588479975102,0.04824330102330424,0.008897850979185521,0.9979534149169922,0.002046676119789481,0.37386996904024766,0.819543179384892,13.876249865605343,0.18513669167568444,0.48070476559855385,0.6714613106632429
705_hindi_real_0705,705,0eef353f918900f4b6b2c52b697013c0ac2340228d97696f460545e777a0a619dc934a6e2bdc5329525c74d683591af809ae5b8d4157abba6321a5b7366bb73e,1,hindi_griffinlim_eval_final/real_hindi/hindi_real_0705.wav,2.736,0.6776470588235295,-0.6400450429097733,0.9290118285541887,0.06864248650044173,0.0023456849453695784,0.9985573887825012,0.0014426762936636806,0.11095975232198142,0.8157304806847128,13.835240217345692,0.21518072465097482,0.5098653731875065,0.686301798816098
72_hindi_real_0072,72,1963c5f396b43a02ea6a7cf2cacaafb042bfe53209c711d2325e2e4cfd7185370746e463b5ceb83f9ac807e048b8891b494db95e3bd7eccfbef896877eea9bbc,1,hindi_griffinlim_eval_final/real_hindi/hindi_real_0072.wav,3.096,0.766811145510836,-3.082792403018299,0.903335633555997,0.09534435660921561,0.0013200098347874779,0.9981241822242737,0.0018758416408672929,0.6829721362229102,0.9127797638704576,12.856714203914215,0.2697654006769812,0.674332193563199,0.8789057413335274
725_hindi_real_0725,725,f4acf13791d1ffc57965afc160c66ab08985a745fc07997aced0be646a308c8b8c3f851c7143204d02449b094fd7811bc980a05b337acdadb7e2a83dd9c9c2bb,1,hindi_griffinlim_eval_final/real_hindi/hindi_real_0725.wav,4.968,1.0,-0.7466265634710059,0.9488621945830847,0.04329233032726125,0.007845475089654122,0.9991037845611572,0.0008962327265180647,0.2853250773993808,0.7986290782674941,14.0144468474359,0.18055833761246032,0.45801088891099556,0.6405129142199313
726_hindi_real_0726,726,aaf6b52267451edd43f92433e040803b7c695022ac637484427c841d61dddefbc79acf6b684ebc2769e18c649d9b7a520a0041ecb7898d3f7e49d804f477a3ac,1,hindi_griffinlim_eval_final/real_hindi/hindi_real_0726.wav,3.132,0.7757275541795666,0.6628234641783237,0.881044890197189,0.10828704848519455,0.010668061317616393,1.0,0.0,0.0,0.7828666386129208,14.050344776756983,0.19817132682615338,0.49291003292395197,0.6657317694359921
76_hindi_real_0076,76,b9854a362f9f2796f98c3105310553f5d5b1d2aea5f247080a0d9ab5d329ac51e5e519bad74bd68b022867bb103a42741c9523a32ce80c3a4ac8ed64c4bde957,1,hindi_griffinlim_eval_final/real_hindi/hindi_real_0076.wav,4.056,1.0,0.5835501022996432,0.7179827334182656,0.20631413069719964,0.07570313588453467,0.986059308052063,0.013940633274614811,0.10303405572755418,0.738570721634052,14.382660872787678,0.1563913409285174,0.413049882775944,0.5846654168443879
772_hindi_real_0772,772,4f7f65a3c1d0ad3bc8c1b1b9d1f99a33e4785aac4a57bf5803876af5b7bd8c4d96f9ce70fa5d287f0aa26fa4aa86e8572fa595a5554dc71ae32d82496237da62,1,hindi_griffinlim_eval_final/real_hindi/hindi_real_0772.wav,3.864,0.9570278637770898,1.7225009652237766,0.9362326955046459,0.053262408766568424,0.010504895728785614,0.9914080500602722,0.008591907098889351,0.4452012383900929,0.7953600874542757,14.074230754391527,0.15971670877722288,0.43647916348663096,0.626737017886638
777_hindi_real_0777,777,6ebad08c5960e5ac3ec20197f173828d6da580b660c01794cdd4270089cdd590b3d512277ba38e372e860e7e9e9d9621fbeec2edd3ab07dcfe713a646c246543,1,hindi_griffinlim_eval_final/real_hindi/hindi_real_0777.wav,4.968,1.0,-0.4605759152113027,0.9545731399508561,0.03600715640654397,0.00941970364259982,0.9921442270278931,0.00785579439252615,0.3263157894736842,0.7815455284667685,14.164630570836716,0.15476597207483236,0.4251892230511631,0.611939754042121
782_hindi_real_0782,782,ef72dad515c406393c07ffac9b57e6cd1e83073c82a001d49ea19a30fd9976d0d50d4c5cffcfdbec8ea222c152695775d85c227194f2e56516531e1c8e76ff70,1,hindi_griffinlim_eval_final/real_hindi/hindi_real_0782.wav,3.312,0.8203095975232199,5.964859694500379,0.8450936973490996,0.12044931622824057,0.034456986422659854,0.9719035625457764,0.028096504509449005,0.6829721362229102,0.8797724446324751,13.265962455406449,0.2501864730724483,0.6067563161236947,0.8023760761238541
797_hindi_real_0797,797,a3c9eb18e51d74ec5fbf9ca9ca1d5edf24c691d0f685ef2ffc8689d107710a300eec2172a79cc039b119ebc451ab794cb8519ce2d3c37209c7f24649089a7fc2,1,hindi_griffinlim_eval_final/real_hindi/hindi_real_0797.wav,3.24,0.8024767801857586,-4.614728762832352,0.8767864827405984,0.11948728576913346,0.0037262314902680787,0.9993255734443665,0.0006743869162164629,0.05746130030959752,0.8747137500619211,13.139582390675567,0.31694802415816203,0.6649468142599887,0.8182218230561539
802_hindi_real_0802,802,ae1ae84ba2341eb4c7c3fa47026ddc0b784387b58fa28c0a69f32c966e590141de3da70921c65c3477fb49575fab03213843d087f177422adb685978ca5c4b13,1,hindi_griffinlim_eval_final/real_hindi/hindi_real_0802.wav,3.816,0.945139318885449,4.432156928735864,0.9459119764907145,0.022195637107870394,0.03189238640141504,0.9899330139160156,0.010066904127597809,0.4452012383900929,0.8229894271462683,13.84443708637372,0.19114047119680955,0.4897075141423952,0.68131966895572
83_hindi_real_0083,83,755950c6eb4b91d87a8d62458e27e794e08783fbb4e47b61730e21bb685a9d3634dab0401114292ec8b3d3a282e0248c34c8868056fdb057716c14ae2b9844fc,1,hindi_griffinlim_eval_final/real_hindi/hindi_real_0083.wav,4.824,1.0,0.2015132634830534,0.9479988537034423,0.04904951250475643,0.00295163379180118,0.9611676931381226,0.038832325488328934,0.19021671826625386,0.714218072342852,14.556839626205795,0.12472997397491024,0.35860842170731017,0.5326332211558569
830_hindi_real_0830,830,32bf5ca000a1d646bb2e636e32c4bd507750c204271ab585b1e9fab7d08103c7e07825bdb376119fdef205be82f6e81766655dd5590cc21ec598b79a5c18e45f,1,hindi_griffinlim_eval_final/real_hindi/hindi_real_0830.wav,6.048,1.0,-6.700795241021355,0.9090066999288693,0.054089354373901104,0.03690394569722967,0.9953604936599731,0.00463953847065568,0.2773993808049536,0.8041204609442214,13.960129585936576,0.19169174062305408,0.4774134717621308,0.6596685005428581
836_hindi_real_0836,836,e13c23ee2d8500b3cffa2cdf67ef9d827331c36238411c839fe39b077736953b55de43cff6bb2d96066fb6660cc6542db53e3e5abe00c2cb8d79cf3bc38b22fb,1,hindi_griffinlim_eval_final/real_hindi/hindi_real_0836.wav,7.344,1.0,0.4412173064138258,0.8605954374050321,0.09019519109499376,0.049209371499974265,0.9763832092285156,0.02361675724387169,0.07925696594427245,0.7640952559009504,14.158735513928779,0.19807481695104212,0.4595143776619201,0.6227096505785734
839_hindi_real_0839,839,345ead41094d4bf4aae58398d87ab219b6ffd948dd640a1a2a4da43e2522343c539d11a27052a9cca1014b590e440971db0710852df02639dc9f3d304469aaca,1,hindi_griffinlim_eval_final/real_hindi/hindi_real_0839.wav,2.988,0.7400619195046441,-5.1274318072918526,0.9184103284705769,0.07515120025720048,0.006438471272222579,0.9978936910629272,0.0021065156906843185,0.22489164086687308,0.7522818417130279,14.305290485970446,0.16160624490315267,0.4124447319070381,0.5830336104217095
841_hindi_real_0841,841,b69e010df6113e5d308dc62955e0f00639179e3f7074a50ff065d102adab88d624810f4c5bb6e59977dd65ba69bdff66ff08dc72ff47bd0dbd8dace3e3c392d7,1,hindi_griffinlim_eval_final/real_hindi/hindi_real_0841.wav,4.968,1.0,2.4268690466744496,0.9200371767424523,0.07489335752208376,0.00506946573546386,0.9707293510437012,0.029270648956298828,0.2708359133126935,0.8053974935394692,13.847822646918848,0.23154374138044972,0.5135254601161816,0.6792524893477576
843_hindi_real_0843,843,0db277015ed4c7602383504e75bcfead10db6e33b12e442a983cb259a17baf2c98daf32f18e2c1917269103a2ef1776d88cab0357c43c487473d8fa511dde7e8,1,hindi_griffinlim_eval_final/real_hindi/hindi_real_0843.wav,4.608,1.0,-3.2542036554762825,0.9221963111180912,0.054284720222549696,0.023518968659359058,0.9928843379020691,0.007115757092833519,0.4689783281733746,0.8527137369137632,13.577566271315058,0.21807609899067928,0.5406168843034453,0.7364338784723914
854_hindi_real_0854,854,c45d64f4a9ad8d1efb4d802830abc40f0e0e29e23a1d399fb4e668a1781d60c7b6329f4ed2b4ee75586b7ef748b73a373cb36707965a2b5785d7e9ce6196f390,1,hindi_griffinlim_eval_final/real_hindi/hindi_real_0854.wav,4.716,1.0,-5.118745934078085,0.9279047310136277,0.06915420376187809,0.0029410652244941976,1.0,0.0,0.0713312693498452,0.6779583222514793,14.687343199304088,0.13315154444979707,0.3484398246340031,0.5037331081324987
857_hindi_real_0857,857,3d60da54a5e96710c627c37362c5f17d026c725b99466b5596f08c6584beafa8dd546aff3ef61dd1cfda5150cdd82d08970d8ad36a49e933571b903361a6cbdd,1,hindi_griffinlim_eval_final/real_hindi/hindi_real_0857.wav,4.356,1.0,1.2888784494423842,0.816014652098888,0.14023809300190979,0.04374725489920224,0.991402804851532,0.008597245439887047,0.3263157894736842,0.7886174101515047,14.084260570913388,0.1689145472306648,0.44232509000829107,0.6280644780451687
865_hindi_real_0865,865,806c8f1750366fd789fd41da89a86157e07cc51bb8aae5e3e963abd25d659afa282b2d5d1ae80d08eb78bcbf88984ac5b1c10bb62f2582cdaa48774594e5b746,1,hindi_griffinlim_eval_final/real_hindi/hindi_real_0865.wav,5.904,1.0,0.691762653810974,0.9524924105366962,0.03458890687060832,0.012918682592695437,0.9912232756614685,0.008776666596531868,0.10303405572755418,0.684816900367079,14.653738560025506,0.13903583592919483,0.3566273459622299,0.5122799535739498
867_hindi_real_0867,867,80ffb7f21aebcd96b01f5098bdf0f377f31fa297c2c30290be3dcd6a69b87e7570cd2e9ce41edb96038e485ce70cf75436dba4a0c7925bb36a68db134979c585,1,hindi_griffinlim_eval_final/real_hindi/hindi_real_0867.wav,4.284,1.0,-0.0597799987184242,0.87478572163294,0.12354721793681127,0.0016670604302487283,0.9999868273735046,1.3306455002748407e-05,0.007925696594427245,0.7206641005314234,14.477170038275009,0.15077427050143524,0.39616421279987213,0.5611568100768021
879_hindi_real_0879,879,65d886c17e6173ec624dcf8fa7a03e75f82801af0e6b0a177d149e9137b2bc1c6f88b5e060a9db7493ec77e6ef243e8a1b1ca307a3f303b8d8a5c80dbd08572d,1,hindi_griffinlim_eval_final/real_hindi/hindi_real_0879.wav,4.68,1.0,7.475054228105493,0.9532715806029964,0.04416156671494954,0.00256685268205407,0.9181132912635803,0.08188678324222565,0.20606811145510837,0.6719040108631371,14.744699885266902,0.11719996441012626,0.33277789136423785,0.4927012899036956
883_hindi_real_0883,883,0db277015ed4c7602383504e75bcfead10db6e33b12e442a983cb259a17baf2c98daf32f18e2c1917269103a2ef1776d88cab0357c43c487473d8fa511dde7e8,1,hindi_griffinlim_eval_final/real_hindi/hindi_real_0883.wav,4.572,1.0,-3.25231932632056,0.891923470200582,0.10061743919262744,0.007459090606790568,0.9915962219238281,0.00840371660888195,0.4452012383900929,0.8669681005748797,13.377628985870027,0.2622513118382553,0.5914767420161089,0.7720329366431157
884_hindi_real_0884,884,c88824395561074e0eb0ebc1280d4866dbc29f01c026899e205a1db558ba1be8d683a10dc5e1f8117571ea0794f699ebe359e833d714ad66942a429a2112a5a6,1,hindi_griffinlim_eval_final/real_hindi/hindi_real_0884.wav,4.212,1.0,-0.3421318864916234,0.9443017399393442,0.03980713064064435,0.015891129420011512,0.9921980500221252,0.007802014704793692,0.08061919504643963,0.7205674142938547,14.501481021726063,0.1401066276232039,0.37845370482798246,0.5487122576317642
888_hindi_real_0888,888,3512a2ce63a4044e19713803ad92889a443d1d6fe4e83bd00833b842957b10139899aa75c48d47ecd6d7e02112c2f7d3dbf5e752d40bfb9bffe073a8983b56b9,1,hindi_griffinlim_eval_final/real_hindi/hindi_real_0888.wav,6.336,1.0,1.4955930564723283,0.8308841949445546,0.16474484992350036,0.004370955131945084,0.9876372814178467,0.012362693436443806,0.19814241486068113,0.7087700921700029,14.548783034225298,0.1414789720253323,0.37454980364513946,0.5378336629485222
897_hindi_real_0897,897,8532ee1920f74cab963f7b2895f0b5d5519a8762bb1f3b742293915270928c8826003a955e9a9a092982572ddaceed20ff3eaedd2517aa8c4a3759585bfb5493,1,hindi_griffinlim_eval_final/real_hindi/hindi_real_0897.wav,5.508,1.0,3.112560172850192,0.8270256357577327,0.16992144523407904,0.003052919008188324,0.9871600270271301,0.012839959003031254,0.2708359133126935,0.7575065482357142,14.287855072449254,0.16006762331787433,0.4228176114531943,0.5971955250426089
902_hindi_real_0902,902,b7fde8b01808baf29c65724c04b9461381f7985ce4825b5663eb776d15da60e04453179bb8655290425de10178de70a1bd3e57b2381901578b63e663e90c0628,1,hindi_griffinlim_eval_final/real_hindi/hindi_real_0902.wav,5.436,1.0,1.8113634808897556,0.9402403655730394,0.038032464168658714,0.02172717025830195,0.9917982220649719,0.008201835677027702,0.3263157894736842,0.8051827234834961,13.943414187907313,0.19503190075433008,0.48111802198857384,0.6597782700415402
907_hindi_real_0907,907,c45d64f4a9ad8d1efb4d802830abc40f0e0e29e23a1d399fb4e668a1781d60c7b6329f4ed2b4ee75586b7ef748b73a373cb36707965a2b5785d7e9ce6196f390,1,hindi_griffinlim_eval_final/real_hindi/hindi_real_0907.wav,6.336,1.0,1.477270185629262,0.9351324543253052,0.0610028000705142,0.003864745604180413,0.9955456852912903,0.004454382695257664,0.22984520123839008,0.7835547396316596,14.146036876224734,0.16088160463479756,0.4339957858738623,0.6178577874480421
916_hindi_real_0916,916,5a2a681a4af95b92777b6adcd74644a5291136b27678f3afb168b9ebcc348031ce19ae24e738331ee6e5e5e54f6c4c560d455f898f348ad11957ec799c28fe59,1,hindi_griffinlim_eval_final/real_hindi/hindi_real_0916.wav,5.148,1.0,5.088664560814472,0.8570081781421355,0.11583262280168902,0.02715919905617567,0.9742891192436218,0.025710944086313248,0.08718266253869969,0.7269910411256528,14.444883987061054,0.15356190779071757,0.3985223052891503,0.5655286675998067
937_hindi_real_0937,937,4165462ba3028c7e25d5ff7abf7e81fe2d31ab129cfa039232a6753837447e299445e86cc1a94db3a8957d1cf55c3a1aaa96b297a0c75a814bc1a2df686daae8,1,hindi_griffinlim_eval_final/real_hindi/hindi_real_0937.wav,3.744,0.9273065015479878,-2.5835845363258176,0.932554000703099,0.05660945939276942,0.010836539904131592,0.9809872508049011,0.01901273801922798,0.1585139318885449,0.7972346093630529,13.997323737951712,0.19150582480629422,0.4816832991665368,0.6634905505756183
948_hindi_real_0948,948,72f877fac9bb314cc8a49f707222e440bdbf0011ca28657fa408f62c6b95ed4f617faa364554b0b0a75f4c74e6a1a745f376376bbadd8c8737f405f04bd49632,1,hindi_griffinlim_eval_final/real_hindi/hindi_real_0948.wav,5.58,1.0,5.511940733129052,0.8487018752937575,0.14738388778854852,0.003914236917693862,0.9883744716644287,0.011625552549958229,0.11888544891640866,0.6768648927425216,14.70855504700684,0.1260266262951159,0.34310930825065084,0.5017688167373455
961_hindi_real_0961,961,b9854a362f9f2796f98c3105310553f5d5b1d2aea5f247080a0d9ab5d329ac51e5e519bad74bd68b022867bb103a42741c9523a32ce80c3a4ac8ed64c4bde957,1,hindi_griffinlim_eval_final/real_hindi/hindi_real_0961.wav,4.416,1.0,0.8380982091663896,0.7918096391106574,0.10154766091662983,0.10664269997271283,0.9704268574714661,0.029573239386081696,0.10303405572755418,0.717306455800711,14.501538658085458,0.14427646850516884,0.3960519026722209,0.5640282492236723
966_hindi_real_0966,966,f59a2dc4d475bfb45d9b9628faa8b0e53570d46a05fd85dd8542559975c8cd75bf87c02f557d7ecd3e4eda2872a7e4a57adc699bc30e819c9e5c1c9e520cd02b,1,hindi_griffinlim_eval_final/real_hindi/hindi_real_0966.wav,4.356,1.0,4.079671222648482,0.9547146288770608,0.043465637772138875,0.0018197333508003307,0.9888105988502502,0.011189415119588375,0.07925696594427245,0.7067572951360572,14.550771373161616,0.1443299555966554,0.38083946152638554,0.544894176146666
99_hindi_real_0099,99,9392443e20fff21db185ec2e21925398c267cdaec962d7a8bff381ae171fd3563894988fe4244da0866881fb39e56492843fac59b139c31b99211d6c8f44c2ac,1,hindi_griffinlim_eval_final/real_hindi/hindi_real_0099.wav,4.356,1.0,10.111245471675302,0.8502190148550737,0.13385119217604652,0.015929792968879874,0.9417858719825745,0.05821404233574867,0.15987616099071209,0.7056115103026925,14.58080959359664,0.13160323859274609,0.36768925212131265,0.5369653104400701
994_hindi_real_0994,994,aabd80b27714da5c6b5d4592a6f29f161db3cb06672ab14afb56eaf550ac0be0c14536ba5df7358621f018a4bc767c8c8477eaa4746830cf31ec4cdbcc2193fc,1,hindi_griffinlim_eval_final/real_hindi/hindi_real_0994.wav,4.644,1.0,-0.0753495982630907,0.9708202166847524,0.025274346698688194,0.0039054366165594302,0.9921746253967285,0.007825182750821114,0.08718266253869969,0.702124657340008,14.592878025474077,0.13244134660820114,0.362378554531752,0.5263940029254313
