pair_id,analysis_cluster,path,label,duration_s,bonafide_logit,spoof_logit
1002,72fa4494c0ae90905d3e7b046cced92d9dfd9a1dfe7bd6b417b25b624c3ede012ea9f4347190f7df632505485b9b85aee0eab6012f82eedcede303e47450e7d7,english_griffinlim_eval_final/fake_english_griffinlim/english_fake_1002.wav,0,2.136,-0.2254149168729782,0.5401180386543274
1002,72fa4494c0ae90905d3e7b046cced92d9dfd9a1dfe7bd6b417b25b624c3ede012ea9f4347190f7df632505485b9b85aee0eab6012f82eedcede303e47450e7d7,english_griffinlim_eval_final/real_english/english_real_1002.wav,1,2.136,4.494197368621826,-5.603890419006348
1032,a67ea11203bf123fcd175858ced893c999654827e1be9016973959723c52339bcc804a4b6c052cf0dd3c0b189fdb22207e8a0bae5e2f02245083c80d76d730a3,english_griffinlim_eval_final/fake_english_griffinlim/english_fake_1032.wav,0,5.688,0.4844375550746918,-1.1759968996047974
1032,a67ea11203bf123fcd175858ced893c999654827e1be9016973959723c52339bcc804a4b6c052cf0dd3c0b189fdb22207e8a0bae5e2f02245083c80d76d730a3,english_griffinlim_eval_final/real_english/english_real_1032.wav,1,5.688,5.303993225097656,-6.702846527099609
1036,d1813b3a39bbd5d6f35e04e8e2151930a40e56cefcc57eb71351d6cde06a360b99e6c7791989ff337b308103b8dd7f2f705c01f88506ec4146042276b5a122ce,english_griffinlim_eval_final/fake_english_griffinlim/english_fake_1036.wav,0,6.6,0.22743989527225494,-0.2623944878578186
1036,d1813b3a39bbd5d6f35e04e8e2151930a40e56cefcc57eb71351d6cde06a360b99e6c7791989ff337b308103b8dd7f2f705c01f88506ec4146042276b5a122ce,english_griffinlim_eval_final/real_english/english_real_1036.wav,1,6.6,-2.2686285972595215,2.8984756469726562
1044,2613068726292355af6306df9b9448429d185bd61430a67718d1da33e22d3b695383a562c5a385f7df0cfd18b3cda8fa718e306ac9879707519a3ccaddb00154,english_griffinlim_eval_final/fake_english_griffinlim/english_fake_1044.wav,0,5.424,-6.045958995819092,6.91807746887207
1044,2613068726292355af6306df9b9448429d185bd61430a67718d1da33e22d3b695383a562c5a385f7df0cfd18b3cda8fa718e306ac9879707519a3ccaddb00154,english_griffinlim_eval_final/real_english/english_real_1044.wav,1,5.424,-2.9755635261535645,3.6805591583251953
1048,47eab07d923d67d86227a7cef43ba747a0bb73c42ddf79a028f02e524bcb7ec8958a0f8f0c9365130c8ace2dfb83390d035ce5950b19f38463079bf11f5509eb,english_griffinlim_eval_final/fake_english_griffinlim/english_fake_1048.wav,0,3.0,4.983749866485596,-6.340526103973389
1048,47eab07d923d67d86227a7cef43ba747a0bb73c42ddf79a028f02e524bcb7ec8958a0f8f0c9365130c8ace2dfb83390d035ce5950b19f38463079bf11f5509eb,english_griffinlim_eval_final/real_english/english_real_1048.wav,1,3.0,6.0529961585998535,-7.904481410980225
1050,d1c5f949b950acff73774df763348084cac3b5e4d3593069e091c5962357ac3ee43613ca3ae0bd45d12357dc37c535b5f1016945d71f74f1f3dfa8f8e0995338,english_griffinlim_eval_final/fake_english_griffinlim/english_fake_1050.wav,0,2.688,-0.652477502822876,1.0719821453094482
1050,d1c5f949b950acff73774df763348084cac3b5e4d3593069e091c5962357ac3ee43613ca3ae0bd45d12357dc37c535b5f1016945d71f74f1f3dfa8f8e0995338,english_griffinlim_eval_final/real_english/english_real_1050.wav,1,2.688,2.054438591003418,-3.197010040283203
1053,e543cc12c580c37bb3b8b3f7904755db09992fc3d80a6166c231ad1dd6ac939bd8dc0a9e857b6d160cd42ebc5f8e9c9cd086e289027f1efa0ed914e44537b513,english_griffinlim_eval_final/fake_english_griffinlim/english_fake_1053.wav,0,4.824,0.5787286162376404,-1.0539993047714233
1053,e543cc12c580c37bb3b8b3f7904755db09992fc3d80a6166c231ad1dd6ac939bd8dc0a9e857b6d160cd42ebc5f8e9c9cd086e289027f1efa0ed914e44537b513,english_griffinlim_eval_final/real_english/english_real_1053.wav,1,4.824,4.4143781661987305,-5.601367950439453
1056,ec89bf72638f6265060c86f7407b002bb309d6f741e3a5fd806c873e17b7fe6fc8709aa83aa29f2fd8fb85c32e4362da17de510e68100b9ab69112a7a4b98a8b,english_griffinlim_eval_final/fake_english_griffinlim/english_fake_1056.wav,0,3.624,4.180591583251953,-5.462654113769531
1056,ec89bf72638f6265060c86f7407b002bb309d6f741e3a5fd806c873e17b7fe6fc8709aa83aa29f2fd8fb85c32e4362da17de510e68100b9ab69112a7a4b98a8b,english_griffinlim_eval_final/real_english/english_real_1056.wav,1,3.624,6.0684638023376465,-7.784671783447266
1061,82f6efc51109b0bf49ddffc1c25f741e829f97693190472af40ef149afc34810117bcf347aa5dc553239a149ca670eb50780f5aa54c5744c7406ea577fb9de23,english_griffinlim_eval_final/fake_english_griffinlim/english_fake_1061.wav,0,3.84,-3.4091060161590576,4.201083660125732
1061,82f6efc51109b0bf49ddffc1c25f741e829f97693190472af40ef149afc34810117bcf347aa5dc553239a149ca670eb50780f5aa54c5744c7406ea577fb9de23,english_griffinlim_eval_final/real_english/english_real_1061.wav,1,3.84,3.4398744106292725,-4.364276885986328
1063,409cd65d420a277b83b2021d2f9ed4086713d62a714661a851f13367f9ce3171b940f57dd4216f6c7e6f877ca02bb8d104475499592153735f1c91bd88960a56,english_griffinlim_eval_final/fake_english_griffinlim/english_fake_1063.wav,0,4.056,-2.8117761611938477,3.729543685913086
1063,409cd65d420a277b83b2021d2f9ed4086713d62a714661a851f13367f9ce3171b940f57dd4216f6c7e6f877ca02bb8d104475499592153735f1c91bd88960a56,english_griffinlim_eval_final/real_english/english_real_1063.wav,1,4.056,-0.2158828228712082,0.3423767387866974
1075,36922c402abcb8a960e15a726c1eb0bc363d122ae506ce244e70ed2856d94436d80da7151a14c5bdf25b8b780e67ebe3d286677fde1a458b1348677b58ada1ec,english_griffinlim_eval_final/fake_english_griffinlim/english_fake_1075.wav,0,3.348,-1.982031226158142,2.795205593109131
1075,36922c402abcb8a960e15a726c1eb0bc363d122ae506ce244e70ed2856d94436d80da7151a14c5bdf25b8b780e67ebe3d286677fde1a458b1348677b58ada1ec,english_griffinlim_eval_final/real_english/english_real_1075.wav,1,3.348,1.4699337482452393,-2.2222402095794678
108,7bf8e335b222c8f3eceaee7f9a0e4ada4d4de7d2fa39b6503a2fddb8334e437ba9cd1c7ad266a08048d0a324e2e1147e57b7befa84d4abdaa17a7209b9854567,english_griffinlim_eval_final/fake_english_griffinlim/english_fake_0108.wav,0,5.424,-4.101478576660156,4.885188102722168
108,7bf8e335b222c8f3eceaee7f9a0e4ada4d4de7d2fa39b6503a2fddb8334e437ba9cd1c7ad266a08048d0a324e2e1147e57b7befa84d4abdaa17a7209b9854567,english_griffinlim_eval_final/real_english/english_real_0108.wav,1,5.424,3.045597553253174,-3.973149299621582
1090,7901622282b4a34e1b1367e79c8435281595ba66942f5bcd6a63be9d03f1853b9a78cfe7751b28d704b0b71ef0622d4f2286b307c4c4232841726caa7d102f03,english_griffinlim_eval_final/fake_english_griffinlim/english_fake_1090.wav,0,6.876,4.3242692947387695,-5.62464714050293
1090,7901622282b4a34e1b1367e79c8435281595ba66942f5bcd6a63be9d03f1853b9a78cfe7751b28d704b0b71ef0622d4f2286b307c4c4232841726caa7d102f03,english_griffinlim_eval_final/real_english/english_real_1090.wav,1,6.876,5.749486923217773,-7.2248854637146
1097,341ce7bb8bca97ea26dbb3fe4bb111a51e5b2173cf305527dbc4155064cf046baab8c77c7fd1dc924893b6282332542e289382f4fc1ba0094799ec30c4d2401c,english_griffinlim_eval_final/fake_english_griffinlim/english_fake_1097.wav,0,3.936,-1.1242538690567017,1.6510167121887207
1097,341ce7bb8bca97ea26dbb3fe4bb111a51e5b2173cf305527dbc4155064cf046baab8c77c7fd1dc924893b6282332542e289382f4fc1ba0094799ec30c4d2401c,english_griffinlim_eval_final/real_english/english_real_1097.wav,1,3.936,0.5597338676452637,-0.773334264755249
1101,3d500be5f0ac82734ed233877afd75e82a0bbc6ff6317dda86bf1200c1a21c26f1d0923dd27d8a1d0b5a015ab3df12e5e7091a959b21c2da852854f0365fbe5e,english_griffinlim_eval_final/fake_english_griffinlim/english_fake_1101.wav,0,7.92,-1.7412840127944946,2.183896064758301
1101,3d500be5f0ac82734ed233877afd75e82a0bbc6ff6317dda86bf1200c1a21c26f1d0923dd27d8a1d0b5a015ab3df12e5e7091a959b21c2da852854f0365fbe5e,english_griffinlim_eval_final/real_english/english_real_1101.wav,1,7.92,-0.5487060546875,0.8712465167045593
1116,57d9be2eeda5fbaad0290c45f4e95813da95e09633d5fd84df35a758151788abec644a351cdf610c7b792561d1db0ac6f122dbc94404646941967bd6f0befd44,english_griffinlim_eval_final/fake_english_griffinlim/english_fake_1116.wav,0,5.4,-1.9800690412521362,2.8658969402313232
1116,57d9be2eeda5fbaad0290c45f4e95813da95e09633d5fd84df35a758151788abec644a351cdf610c7b792561d1db0ac6f122dbc94404646941967bd6f0befd44,english_griffinlim_eval_final/real_english/english_real_1116.wav,1,5.4,1.0922802686691284,-1.6940574645996094
1124,04a248bc0cc9b8d91ed448e89914226cdc02d79ad7d6e16b1f465a314c309237bd129173d14caf301a038141a7e3e1be76c61c098ad7ed2d91a3cdaf3dd4b7a7,english_griffinlim_eval_final/fake_english_griffinlim/english_fake_1124.wav,0,3.504,2.949720859527588,-3.936281442642212
1124,04a248bc0cc9b8d91ed448e89914226cdc02d79ad7d6e16b1f465a314c309237bd129173d14caf301a038141a7e3e1be76c61c098ad7ed2d91a3cdaf3dd4b7a7,english_griffinlim_eval_final/real_english/english_real_1124.wav,1,3.504,5.456528663635254,-7.0890679359436035
113,9c08dc6149dbb8f8308a5c383d34ab4637ed7fe1a9609e59d193cedb16c652716b6615184dfc6897be7e21f904ce1f1a9b58db97f543075f88c128f2c24da8b2,english_griffinlim_eval_final/fake_english_griffinlim/english_fake_0113.wav,0,6.48,-5.891564846038818,6.829560279846191
113,9c08dc6149dbb8f8308a5c383d34ab4637ed7fe1a9609e59d193cedb16c652716b6615184dfc6897be7e21f904ce1f1a9b58db97f543075f88c128f2c24da8b2,english_griffinlim_eval_final/real_english/english_real_0113.wav,1,6.48,-0.5503190159797668,0.6314622759819031
125,a6dfe0e31661197a82a0558dd1eeb2ce3f898d4cbfc740cf28766768e8fe5901cb2fbdcfa2b6a980993832d144a8a1865bc69af3ddafe929f660c90b23d94fb8,english_griffinlim_eval_final/fake_english_griffinlim/english_fake_0125.wav,0,3.744,1.524736762046814,-2.357473373413086
125,a6dfe0e31661197a82a0558dd1eeb2ce3f898d4cbfc740cf28766768e8fe5901cb2fbdcfa2b6a980993832d144a8a1865bc69af3ddafe929f660c90b23d94fb8,english_griffinlim_eval_final/real_english/english_real_0125.wav,1,3.744,6.226702690124512,-8.15237045288086
142,c42a23f67177dda1636890108c1e4bdb0a076c2e6a863ba282eff5f7753b76902fb745b9e6b9ce2ffd2f7fe5c150228e15ba0bf7a36c23a5000470a494878d53,english_griffinlim_eval_final/fake_english_griffinlim/english_fake_0142.wav,0,5.016,-1.6435540914535522,2.288388729095459
142,c42a23f67177dda1636890108c1e4bdb0a076c2e6a863ba282eff5f7753b76902fb745b9e6b9ce2ffd2f7fe5c150228e15ba0bf7a36c23a5000470a494878d53,english_griffinlim_eval_final/real_english/english_real_0142.wav,1,5.016,5.757000923156738,-7.375387668609619
146,f53fbd579558bad737c60acebb98f882914859e93b5dca543a0e42fec1b50d133581e268f275656ab05ef0b606c0552fe22920a2c67ff22e44a3b162ef51f63e,english_griffinlim_eval_final/fake_english_griffinlim/english_fake_0146.wav,0,5.076,-5.54449462890625,6.397736072540283
146,f53fbd579558bad737c60acebb98f882914859e93b5dca543a0e42fec1b50d133581e268f275656ab05ef0b606c0552fe22920a2c67ff22e44a3b162ef51f63e,english_griffinlim_eval_final/real_english/english_real_0146.wav,1,5.076,4.396320343017578,-5.468717575073242
156,b15d4bf1cec79fab48b4b54ed50287b51593be2f5eece61b2e8384a25677e1c5a981559fa92dfc6b32f78906e4bc661ab51acf779451c06bd827987f0a2a6646,english_griffinlim_eval_final/fake_english_griffinlim/english_fake_0156.wav,0,3.84,-2.822793483734131,3.7210211753845215
156,b15d4bf1cec79fab48b4b54ed50287b51593be2f5eece61b2e8384a25677e1c5a981559fa92dfc6b32f78906e4bc661ab51acf779451c06bd827987f0a2a6646,english_griffinlim_eval_final/real_english/english_real_0156.wav,1,3.84,-2.6130552291870117,3.613349199295044
166,df63f060fc8bc48ff5170190067300d14da1bcdf1088857191d40e924ec66568597c0b4093ac6b361ac07e7f88cb87a5768cdf077ffb613336bb413a78379282,english_griffinlim_eval_final/fake_english_griffinlim/english_fake_0166.wav,0,3.552,-0.6024424433708191,0.6679197549819946
166,df63f060fc8bc48ff5170190067300d14da1bcdf1088857191d40e924ec66568597c0b4093ac6b361ac07e7f88cb87a5768cdf077ffb613336bb413a78379282,english_griffinlim_eval_final/real_english/english_real_0166.wav,1,3.552,2.8647313117980957,-3.6900453567504883
188,deb84f2071c433e699d881d69ca709979161da7ea1de4cab0046ce737b31d9fca1e9d7b5b765082ae872201fbff90905e718bacf89af718feeafbcb3f2f97f99,english_griffinlim_eval_final/fake_english_griffinlim/english_fake_0188.wav,0,4.968,-6.039366722106934,7.018312931060791
188,deb84f2071c433e699d881d69ca709979161da7ea1de4cab0046ce737b31d9fca1e9d7b5b765082ae872201fbff90905e718bacf89af718feeafbcb3f2f97f99,english_griffinlim_eval_final/real_english/english_real_0188.wav,1,4.968,-5.390268325805664,6.140758514404297
190,33450eb388de60fa6a9907092ae242b8df433c71557ab6b6908373c3300bd9c11890a52fa8f4ecac0a91ecb4c49edc7acb6e1287396a1f28f5b8f1fc1c66107c,english_griffinlim_eval_final/fake_english_griffinlim/english_fake_0190.wav,0,5.736,5.236016273498535,-6.742127895355225
190,33450eb388de60fa6a9907092ae242b8df433c71557ab6b6908373c3300bd9c11890a52fa8f4ecac0a91ecb4c49edc7acb6e1287396a1f28f5b8f1fc1c66107c,english_griffinlim_eval_final/real_english/english_real_0190.wav,1,5.736,5.600486755371094,-7.193391799926758
192,97b5754c2b7322d08cc69d621f60a6be00d50a86ef476e6a240529cb2dc06025626beddbcafff75d80ec8871a4b8cae6dd253dfa7009ee443b82423108973e01,english_griffinlim_eval_final/fake_english_griffinlim/english_fake_0192.wav,0,2.784,6.131879806518555,-7.985933303833008
192,97b5754c2b7322d08cc69d621f60a6be00d50a86ef476e6a240529cb2dc06025626beddbcafff75d80ec8871a4b8cae6dd253dfa7009ee443b82423108973e01,english_griffinlim_eval_final/real_english/english_real_0192.wav,1,2.784,3.9355556964874268,-5.076831817626953
201,575dd0ea9fe293b4ce19f4526086fcaec5b306d9e3fde20eb37962b673c764936e80c3b0bbb55017e9d5043c80aa2ce6e53d909637133c7a3d9fb1ece1061a4f,english_griffinlim_eval_final/fake_english_griffinlim/english_fake_0201.wav,0,2.856,-5.566695213317871,6.368054389953613
201,575dd0ea9fe293b4ce19f4526086fcaec5b306d9e3fde20eb37962b673c764936e80c3b0bbb55017e9d5043c80aa2ce6e53d909637133c7a3d9fb1ece1061a4f,english_griffinlim_eval_final/real_english/english_real_0201.wav,1,2.856,1.9202711582183838,-2.615349292755127
207,551d5ea36eb46269c7a7710255ff0cab38e68cd8360ad3d7b3c566e71573c778819d6d1161422130875f138f6caf9bf7e29c972fbf0bf5352ab63029a7dce8f7,english_griffinlim_eval_final/fake_english_griffinlim/english_fake_0207.wav,0,3.144,-5.679182052612305,6.473130226135254
207,551d5ea36eb46269c7a7710255ff0cab38e68cd8360ad3d7b3c566e71573c778819d6d1161422130875f138f6caf9bf7e29c972fbf0bf5352ab63029a7dce8f7,english_griffinlim_eval_final/real_english/english_real_0207.wav,1,3.144,1.3291603326797485,-1.9062868356704712
230,94796df469d4a3dc6594d9d759a97275d001a4aabd862b04e5bb10bb6d1991c349084f6e5120e28213bab509cfc1a892321b96ac5d0a50d5496385a32abcd94d,english_griffinlim_eval_final/fake_english_griffinlim/english_fake_0230.wav,0,6.048,-5.6708173751831055,6.495044231414795
230,94796df469d4a3dc6594d9d759a97275d001a4aabd862b04e5bb10bb6d1991c349084f6e5120e28213bab509cfc1a892321b96ac5d0a50d5496385a32abcd94d,english_griffinlim_eval_final/real_english/english_real_0230.wav,1,6.048,3.5835304260253906,-4.430896759033203
248,f39de6abfa4322db64ef4558412eb948a07d1209d7da08ce2a087b143c2976e42727d750025f9705c1dcc43044ddaf807245dee934c56958755c85e18330ee76,english_griffinlim_eval_final/fake_english_griffinlim/english_fake_0248.wav,0,2.952,-5.790012836456299,6.651906967163086
248,f39de6abfa4322db64ef4558412eb948a07d1209d7da08ce2a087b143c2976e42727d750025f9705c1dcc43044ddaf807245dee934c56958755c85e18330ee76,english_griffinlim_eval_final/real_english/english_real_0248.wav,1,2.952,0.04489493742585182,-0.153738334774971
265,132b6782676f870d070f361565dd2fbdfd514c4b6f4b6f60e2e16faba81c7ba89a087c098f0b489e2fc362f23423babf2db83e5078984ab4c170951c2451a8b4,english_griffinlim_eval_final/fake_english_griffinlim/english_fake_0265.wav,0,3.408,-3.9064111709594727,4.8466691970825195
265,132b6782676f870d070f361565dd2fbdfd514c4b6f4b6f60e2e16faba81c7ba89a087c098f0b489e2fc362f23423babf2db83e5078984ab4c170951c2451a8b4,english_griffinlim_eval_final/real_english/english_real_0265.wav,1,3.408,6.157121658325195,-8.01954174041748
266,76d8709ad91b316a2e6387adf373ac7ca0b0bacca24ae7b34861b5ed351b20be1626ae72574dea01859dc2cadcdaa90477fad45d97b0f4a88c85e53d8b13fd1f,english_griffinlim_eval_final/fake_english_griffinlim/english_fake_0266.wav,0,4.5,-0.6033304929733276,0.9676063060760498
266,76d8709ad91b316a2e6387adf373ac7ca0b0bacca24ae7b34861b5ed351b20be1626ae72574dea01859dc2cadcdaa90477fad45d97b0f4a88c85e53d8b13fd1f,english_griffinlim_eval_final/real_english/english_real_0266.wav,1,4.5,5.9445695877075195,-7.732367992401123
272,d7c73ae2de660adfdeb61aeb21afd7ac68d69e3651943b502c64697c81d8e01afb2c00e6b295f7015041007dac086776ab9778627a6fa3339e2b8e40c12cc8e6,english_griffinlim_eval_final/fake_english_griffinlim/english_fake_0272.wav,0,3.864,-3.9178295135498047,4.798352241516113
272,d7c73ae2de660adfdeb61aeb21afd7ac68d69e3651943b502c64697c81d8e01afb2c00e6b295f7015041007dac086776ab9778627a6fa3339e2b8e40c12cc8e6,english_griffinlim_eval_final/real_english/english_real_0272.wav,1,3.864,3.926015853881836,-4.897509574890137
275,b8f422899ba904a601872eafb38e3a69597acd37b8e25a576e063e372b7e2dfc85ca8975f1c77ad2f133e719ef3b1bf119f71eab8d1bb7422dbf27052d871b4d,english_griffinlim_eval_final/fake_english_griffinlim/english_fake_0275.wav,0,5.064,-5.709017753601074,6.5207624435424805
275,b8f422899ba904a601872eafb38e3a69597acd37b8e25a576e063e372b7e2dfc85ca8975f1c77ad2f133e719ef3b1bf119f71eab8d1bb7422dbf27052d871b4d,english_griffinlim_eval_final/real_english/english_real_0275.wav,1,5.064,3.9889838695526123,-4.991532325744629
319,e6dbbe39377aa0fe2851852b2c695c9c31094c80c9ccd244bac8dfdc8a523b2a114362d4c717bd9d628499fe1d3c11971221be5ec4dadce15c9ff8c5254ae368,english_griffinlim_eval_final/fake_english_griffinlim/english_fake_0319.wav,0,6.864,-5.892115592956543,6.808544635772705
319,e6dbbe39377aa0fe2851852b2c695c9c31094c80c9ccd244bac8dfdc8a523b2a114362d4c717bd9d628499fe1d3c11971221be5ec4dadce15c9ff8c5254ae368,english_griffinlim_eval_final/real_english/english_real_0319.wav,1,6.864,-0.9467653036117554,1.2162400484085083
33,c41dd22e62ebbf278d1247d7b4cc49e06bad2e5f7c5e11a2b72580e6575d667e87d89dfffc6dd1194e2ff81c0e2583b09932914c94d3ca2bd829e0099b068f65,english_griffinlim_eval_final/fake_english_griffinlim/english_fake_0033.wav,0,3.552,-0.41185086965560913,0.877342939376831
33,c41dd22e62ebbf278d1247d7b4cc49e06bad2e5f7c5e11a2b72580e6575d667e87d89dfffc6dd1194e2ff81c0e2583b09932914c94d3ca2bd829e0099b068f65,english_griffinlim_eval_final/real_english/english_real_0033.wav,1,3.552,-0.1471104770898819,0.4419783353805542
330,8d420f53a26d9d11408386b68b1abba0684eabcf0244129c55b7556955e32d2139c235fcdcd37b0eaf4b0cc7061a0029d4764fc2c221dcf4a38c2faafffdb540,english_griffinlim_eval_final/fake_english_griffinlim/english_fake_0330.wav,0,4.8,-3.1375732421875,4.032594680786133
330,8d420f53a26d9d11408386b68b1abba0684eabcf0244129c55b7556955e32d2139c235fcdcd37b0eaf4b0cc7061a0029d4764fc2c221dcf4a38c2faafffdb540,english_griffinlim_eval_final/real_english/english_real_0330.wav,1,4.8,0.44356924295425415,-0.5708388090133667
351,e5c4f6ca3b3f072f7d83f84015ff8afab5fb91b7d7b1b724a5045642aa5f9aad4c9c92898891633961279f00304de7fba346d83a5aa040d12d91afbbeff396e7,english_griffinlim_eval_final/fake_english_griffinlim/english_fake_0351.wav,0,2.736,-6.0266218185424805,7.007282257080078
351,e5c4f6ca3b3f072f7d83f84015ff8afab5fb91b7d7b1b724a5045642aa5f9aad4c9c92898891633961279f00304de7fba346d83a5aa040d12d91afbbeff396e7,english_griffinlim_eval_final/real_english/english_real_0351.wav,1,2.736,-0.711834192276001,0.9303376078605652
361,f4c52a7fa71f422af00b4870bad198752cd8a8b01f906ff580165a2cfa1983a539a838a60ff9e9781df46320441f07ec0a791fcb5356a89c101dc655cef68ea1,english_griffinlim_eval_final/fake_english_griffinlim/english_fake_0361.wav,0,2.856,4.301057815551758,-5.349326133728027
361,f4c52a7fa71f422af00b4870bad198752cd8a8b01f906ff580165a2cfa1983a539a838a60ff9e9781df46320441f07ec0a791fcb5356a89c101dc655cef68ea1,english_griffinlim_eval_final/real_english/english_real_0361.wav,1,2.856,-4.2655439376831055,5.143962383270264
366,ce36fee6cbee98a2411ceb6595540808f38836d238bd6df6f3bdf9da1d53c8b967a78f091d0bf69cd356b5919f3ad634893fa53bf1471a8b661bd11f77809624,english_griffinlim_eval_final/fake_english_griffinlim/english_fake_0366.wav,0,4.584,-5.197337627410889,5.943611145019531
366,ce36fee6cbee98a2411ceb6595540808f38836d238bd6df6f3bdf9da1d53c8b967a78f091d0bf69cd356b5919f3ad634893fa53bf1471a8b661bd11f77809624,english_griffinlim_eval_final/real_english/english_real_0366.wav,1,4.584,5.404330253601074,-7.016566276550293
369,36b83dc2895ee7ca3860332467eae1004c2b17adbd25614e15f889989fc897b8c9e5760d973eaad41a0e88bf8bf7846b75184b636cc58a1601a2fe7b3034b84c,english_griffinlim_eval_final/fake_english_griffinlim/english_fake_0369.wav,0,5.256,-0.5785671472549438,0.8529357314109802
369,36b83dc2895ee7ca3860332467eae1004c2b17adbd25614e15f889989fc897b8c9e5760d973eaad41a0e88bf8bf7846b75184b636cc58a1601a2fe7b3034b84c,english_griffinlim_eval_final/real_english/english_real_0369.wav,1,5.256,1.8446789979934692,-2.7238857746124268
373,5768cbb92b87c5172453df7b0076a5c0c6a6c7aa3551e6a9f1fd721a6c582b6560cd57b1cafc691b08180ee69afbf539710f1a52b30bafe0c98f4d74fc37146b,english_griffinlim_eval_final/fake_english_griffinlim/english_fake_0373.wav,0,6.48,-5.3419060707092285,6.133413791656494
373,5768cbb92b87c5172453df7b0076a5c0c6a6c7aa3551e6a9f1fd721a6c582b6560cd57b1cafc691b08180ee69afbf539710f1a52b30bafe0c98f4d74fc37146b,english_griffinlim_eval_final/real_english/english_real_0373.wav,1,6.48,3.678861379623413,-4.727201461791992
386,cea18d12298f2bbae520713a1cfcf05e63b2b9470dcc0adadabc81e69d8d57a0f3c22c06bc4f280d08b9084d3e16b22b3c5d60f7711c9db8dba0d3f53075a34e,english_griffinlim_eval_final/fake_english_griffinlim/english_fake_0386.wav,0,3.456,-5.950229644775391,6.891450881958008
386,cea18d12298f2bbae520713a1cfcf05e63b2b9470dcc0adadabc81e69d8d57a0f3c22c06bc4f280d08b9084d3e16b22b3c5d60f7711c9db8dba0d3f53075a34e,english_griffinlim_eval_final/real_english/english_real_0386.wav,1,3.456,4.519999027252197,-5.836544990539551
40,d32d90f243364ebcad7ca3e5cc05b554b0f8ced3c210142d11329e5f9cde5a584f72f4e410f2a93f3407093671098a2d89a8fd8d705b06f5749e57841254fedd,english_griffinlim_eval_final/fake_english_griffinlim/english_fake_0040.wav,0,3.528,-0.39865416288375854,0.7630274295806885
40,d32d90f243364ebcad7ca3e5cc05b554b0f8ced3c210142d11329e5f9cde5a584f72f4e410f2a93f3407093671098a2d89a8fd8d705b06f5749e57841254fedd,english_griffinlim_eval_final/real_english/english_real_0040.wav,1,3.528,3.7842040061950684,-4.7825117111206055
401,2171e7f5b831cf25bd8dd5db58678b16340b3d7821f3fa45e0710841830a13f56b0a92796790e5e3cc18b20c522b24336afeaba54685d3535a4ce69013ae1291,english_griffinlim_eval_final/fake_english_griffinlim/english_fake_0401.wav,0,5.544,-0.649856448173523,1.079548716545105
401,2171e7f5b831cf25bd8dd5db58678b16340b3d7821f3fa45e0710841830a13f56b0a92796790e5e3cc18b20c522b24336afeaba54685d3535a4ce69013ae1291,english_griffinlim_eval_final/real_english/english_real_0401.wav,1,5.544,-0.3519420623779297,0.5074856281280518
412,59a91e5a9add4b651a12a8922a9aa25f7f78a0654e1dcfb6112d9163608f0535175b1c5ce3bddebdef29392dd94750c1e6b600ec2976aef79f4a755f1f82beb0,english_griffinlim_eval_final/fake_english_griffinlim/english_fake_0412.wav,0,6.912,-4.258445739746094,5.055936813354492
412,59a91e5a9add4b651a12a8922a9aa25f7f78a0654e1dcfb6112d9163608f0535175b1c5ce3bddebdef29392dd94750c1e6b600ec2976aef79f4a755f1f82beb0,english_griffinlim_eval_final/real_english/english_real_0412.wav,1,6.912,3.674734592437744,-4.6663126945495605
413,6f539d306a5507913a18d0829b4764a73a677fd4cfdb6f41017e52e026b7e1984e3466f23e52fc9fc4f521510255429815c0090953855c329512e1417ec80801,english_griffinlim_eval_final/fake_english_griffinlim/english_fake_0413.wav,0,2.232,-0.03072163090109825,0.010472595691680908
413,6f539d306a5507913a18d0829b4764a73a677fd4cfdb6f41017e52e026b7e1984e3466f23e52fc9fc4f521510255429815c0090953855c329512e1417ec80801,english_griffinlim_eval_final/real_english/english_real_0413.wav,1,2.232,1.09528648853302,-1.3770360946655273
415,fab4fe7d76806a557d22302117fc50c25fa30abe22679a5aa6b6940f30b12fd47c2c5b4e21f7cc3699132b8dee7c39ec0f9272530ca6e2d311e96bc7e88d40e8,english_griffinlim_eval_final/fake_english_griffinlim/english_fake_0415.wav,0,4.584,-5.668158531188965,6.49709415435791
415,fab4fe7d76806a557d22302117fc50c25fa30abe22679a5aa6b6940f30b12fd47c2c5b4e21f7cc3699132b8dee7c39ec0f9272530ca6e2d311e96bc7e88d40e8,english_griffinlim_eval_final/real_english/english_real_0415.wav,1,4.584,5.164738655090332,-6.453925132751465
427,959c769d9a0863ebd10e46ba1e1e76b06250e53d5c5baab568fa47e09785ac1298a229d104c41a297faa1d3115cf601810b3b11366da8a2af3b2f450aab3f040,english_griffinlim_eval_final/fake_english_griffinlim/english_fake_0427.wav,0,4.992,-0.7175915241241455,0.7621989846229553
427,959c769d9a0863ebd10e46ba1e1e76b06250e53d5c5baab568fa47e09785ac1298a229d104c41a297faa1d3115cf601810b3b11366da8a2af3b2f450aab3f040,english_griffinlim_eval_final/real_english/english_real_0427.wav,1,4.992,4.67302942276001,-5.987200736999512
441,6bc01ab25300086ec3cf94e8ca3fb50aac19b413564602dfd674fd1104663f7bd8d1ed480ebbdbe3a672c55950e644594c8f5e5f7b5cbd75d4aa94cabb7081e8,english_griffinlim_eval_final/fake_english_griffinlim/english_fake_0441.wav,0,7.128,-4.784613609313965,5.673295974731445
441,6bc01ab25300086ec3cf94e8ca3fb50aac19b413564602dfd674fd1104663f7bd8d1ed480ebbdbe3a672c55950e644594c8f5e5f7b5cbd75d4aa94cabb7081e8,english_griffinlim_eval_final/real_english/english_real_0441.wav,1,7.128,4.700468063354492,-6.134711742401123
479,863ff359f109c8d4fbd978d4439474bcfe0ab5f2065efa125c935b85f1a7b1cf99540a82b2d32394fa34c2bd093283b12257fa42cc8d8dcd4dc032af79981c7d,english_griffinlim_eval_final/fake_english_griffinlim/english_fake_0479.wav,0,2.592,-0.6457103490829468,1.101717233657837
479,863ff359f109c8d4fbd978d4439474bcfe0ab5f2065efa125c935b85f1a7b1cf99540a82b2d32394fa34c2bd093283b12257fa42cc8d8dcd4dc032af79981c7d,english_griffinlim_eval_final/real_english/english_real_0479.wav,1,2.592,4.771072864532471,-6.045403957366943
483,6ac8b1a295e2a4a5b11a602a368771530cd7b900ee5d8b552946eb8d32c21f4694c786c41ca996b12adb8a1d1e15160f84cb0632d9359cf84c6d99a18745692e,english_griffinlim_eval_final/fake_english_griffinlim/english_fake_0483.wav,0,5.328,-1.0762059688568115,1.5101497173309326
483,6ac8b1a295e2a4a5b11a602a368771530cd7b900ee5d8b552946eb8d32c21f4694c786c41ca996b12adb8a1d1e15160f84cb0632d9359cf84c6d99a18745692e,english_griffinlim_eval_final/real_english/english_real_0483.wav,1,5.328,3.911149263381958,-4.992343425750732
497,79ce8451fea8968eae6f84f6814187a7a9d4a4da089294de5565c6872ff1f951ebdcfb6b74c51cd7c08a2745c89c5ae67c5464dd4c0b22e55b2d4b1d7c0181bf,english_griffinlim_eval_final/fake_english_griffinlim/english_fake_0497.wav,0,6.048,-4.982746601104736,5.769092559814453
497,79ce8451fea8968eae6f84f6814187a7a9d4a4da089294de5565c6872ff1f951ebdcfb6b74c51cd7c08a2745c89c5ae67c5464dd4c0b22e55b2d4b1d7c0181bf,english_griffinlim_eval_final/real_english/english_real_0497.wav,1,6.048,5.18475341796875,-6.61606502532959
498,3a3a12ef79a5ae168e17630ddee4bc75ac379e7a4bd0a2c01e9dfef7f09c47891f3ab3c3943a9b3255d4962453f314a139edc4c88d3e71a3128f49ef85947a79,english_griffinlim_eval_final/fake_english_griffinlim/english_fake_0498.wav,0,5.328,-3.361804962158203,4.092395782470703
498,3a3a12ef79a5ae168e17630ddee4bc75ac379e7a4bd0a2c01e9dfef7f09c47891f3ab3c3943a9b3255d4962453f314a139edc4c88d3e71a3128f49ef85947a79,english_griffinlim_eval_final/real_english/english_real_0498.wav,1,5.328,5.578661918640137,-7.097188949584961
533,3edf4b5a0cbf9980fc696cc1f71c5ea73ff6a7bdfadac46c2965325ece452b575cd5a51551251456d4fbfc3d621d23a13c32b856241bc0d37134acb2327deab3,english_griffinlim_eval_final/fake_english_griffinlim/english_fake_0533.wav,0,6.216,-5.759790897369385,6.622076988220215
533,3edf4b5a0cbf9980fc696cc1f71c5ea73ff6a7bdfadac46c2965325ece452b575cd5a51551251456d4fbfc3d621d23a13c32b856241bc0d37134acb2327deab3,english_griffinlim_eval_final/real_english/english_real_0533.wav,1,6.216,1.8446964025497437,-2.3502488136291504
541,ab84a621f52d398150ac593392424f8d99e265cf69a25aef10d8222187d4da096854b3302504ba3e568d2febed4234eda0d3c85280b58ad5a2c063e82a8d3379,english_griffinlim_eval_final/fake_english_griffinlim/english_fake_0541.wav,0,4.14,-5.878884315490723,6.826352119445801
541,ab84a621f52d398150ac593392424f8d99e265cf69a25aef10d8222187d4da096854b3302504ba3e568d2febed4234eda0d3c85280b58ad5a2c063e82a8d3379,english_griffinlim_eval_final/real_english/english_real_0541.wav,1,4.14,5.15471076965332,-6.63069486618042
60,e2292237c77b576132df4cdbb79155e854aeff199c96095ab6db95684d8fa140ff1f42fe9cf87b811f15ce8039d6563a304b507926ca4a641d04765a70b79d91,english_griffinlim_eval_final/fake_english_griffinlim/english_fake_0060.wav,0,4.896,-3.8650903701782227,4.709711074829102
60,e2292237c77b576132df4cdbb79155e854aeff199c96095ab6db95684d8fa140ff1f42fe9cf87b811f15ce8039d6563a304b507926ca4a641d04765a70b79d91,english_griffinlim_eval_final/real_english/english_real_0060.wav,1,4.896,4.548664093017578,-5.793586730957031
605,762536642be71e032d46c7775283ea954494e6a6ec1d016a96f776b6812b2c04125b9f6519054836d3808a767975ae889250695ae20f649da1e64b94557f985e,english_griffinlim_eval_final/fake_english_griffinlim/english_fake_0605.wav,0,4.464,-4.430818557739258,5.163035869598389
605,762536642be71e032d46c7775283ea954494e6a6ec1d016a96f776b6812b2c04125b9f6519054836d3808a767975ae889250695ae20f649da1e64b94557f985e,english_griffinlim_eval_final/real_english/english_real_0605.wav,1,4.464,3.491050958633423,-4.5122270584106445
610,e80b40908fa49afbc617da992c0736d82bbe441589a8e6d390ad0533bc1aca7e5e4dc76629de5433eaf6c9a5b2aa2846308b5fbb909bcba9af2b5cbb41e5a8de,english_griffinlim_eval_final/fake_english_griffinlim/english_fake_0610.wav,0,5.436,1.0874203443527222,-1.7127209901809692
610,e80b40908fa49afbc617da992c0736d82bbe441589a8e6d390ad0533bc1aca7e5e4dc76629de5433eaf6c9a5b2aa2846308b5fbb909bcba9af2b5cbb41e5a8de,english_griffinlim_eval_final/real_english/english_real_0610.wav,1,5.436,4.931085109710693,-6.312657356262207
614,38750f6fe4575f45443936753f75d6e7875cf624362bd4bc50a7430cd3b69784b783b9f9601d9f1c1d6c6da22d9af4b1523da231ea55a13189c6d5a4923d728c,english_griffinlim_eval_final/fake_english_griffinlim/english_fake_0614.wav,0,5.904,-3.72078800201416,4.534126281738281
614,38750f6fe4575f45443936753f75d6e7875cf624362bd4bc50a7430cd3b69784b783b9f9601d9f1c1d6c6da22d9af4b1523da231ea55a13189c6d5a4923d728c,english_griffinlim_eval_final/real_english/english_real_0614.wav,1,5.904,3.8688974380493164,-4.748266220092773
62,bc6842f7e140397b505f5329aaca34022b3f8e999b01e0436bb66dd3a21a5614f7a4f9d522b37d41ea0018bc8323781a97b055ff458e3bedbb436d5f292c7373,english_griffinlim_eval_final/fake_english_griffinlim/english_fake_0062.wav,0,6.336,-3.369063377380371,4.094238758087158
62,bc6842f7e140397b505f5329aaca34022b3f8e999b01e0436bb66dd3a21a5614f7a4f9d522b37d41ea0018bc8323781a97b055ff458e3bedbb436d5f292c7373,english_griffinlim_eval_final/real_english/english_real_0062.wav,1,6.336,3.243992567062378,-4.4712018966674805
636,9512ce701610c86108d16bfea418d204afa210e7f6c75d42db9a6b51bec07e9eb09bf98ef5aa04b604915b8c111d85fc0ec4470033196a59f34be1b1d6c09030,english_griffinlim_eval_final/fake_english_griffinlim/english_fake_0636.wav,0,5.448,-3.6615304946899414,4.488064289093018
636,9512ce701610c86108d16bfea418d204afa210e7f6c75d42db9a6b51bec07e9eb09bf98ef5aa04b604915b8c111d85fc0ec4470033196a59f34be1b1d6c09030,english_griffinlim_eval_final/real_english/english_real_0636.wav,1,5.448,3.755660057067871,-4.721307754516602
652,95374f4f0281ce754ec20477f0fb494597129dcbd84a71b9840512f16624ca875a5d182e2d11413d3344e7cfc09432596ca9a53c1de30ea445daae342c2d251f,english_griffinlim_eval_final/fake_english_griffinlim/english_fake_0652.wav,0,3.168,-4.174793243408203,4.904073715209961
652,95374f4f0281ce754ec20477f0fb494597129dcbd84a71b9840512f16624ca875a5d182e2d11413d3344e7cfc09432596ca9a53c1de30ea445daae342c2d251f,english_griffinlim_eval_final/real_english/english_real_0652.wav,1,3.168,5.564835548400879,-7.030696868896484
668,e0e4d1cd7c5b678bc8918882cb0a87cddf2ed32589d5db607900f79fda5e4d390b6200c339fe7e2faef88ced7f65983583c2d47b76247732160108d47083496f,english_griffinlim_eval_final/fake_english_griffinlim/english_fake_0668.wav,0,3.336,-0.6261930465698242,1.145872950553894
668,e0e4d1cd7c5b678bc8918882cb0a87cddf2ed32589d5db607900f79fda5e4d390b6200c339fe7e2faef88ced7f65983583c2d47b76247732160108d47083496f,english_griffinlim_eval_final/real_english/english_real_0668.wav,1,3.336,6.061542987823486,-7.755812644958496
679,7a79ef86945a0ed5e5053d368f18efed75b430b67b8d9b56ed1c4554cf876ed1cb4929c6521da2b4deec0a6411608947dee178aad65656c62cf1f07795ae91f5,english_griffinlim_eval_final/fake_english_griffinlim/english_fake_0679.wav,0,5.76,-2.793797731399536,3.4964592456817627
679,7a79ef86945a0ed5e5053d368f18efed75b430b67b8d9b56ed1c4554cf876ed1cb4929c6521da2b4deec0a6411608947dee178aad65656c62cf1f07795ae91f5,english_griffinlim_eval_final/real_english/english_real_0679.wav,1,5.76,0.3947768211364746,-0.7707229256629944
699,5eaa49f00193ae8a891fa69e0c5a5ddbaf415ec00f344e11d982c8ec02606e2c4af3b7d9e4dc96fc3f68a296ff841aabea06ee2177d4966adfaeb885a7031ced,english_griffinlim_eval_final/fake_english_griffinlim/english_fake_0699.wav,0,6.372,-0.9508740305900574,1.4897806644439697
699,5eaa49f00193ae8a891fa69e0c5a5ddbaf415ec00f344e11d982c8ec02606e2c4af3b7d9e4dc96fc3f68a296ff841aabea06ee2177d4966adfaeb885a7031ced,english_griffinlim_eval_final/real_english/english_real_0699.wav,1,6.372,3.6152968406677246,-4.417103290557861
705,57c1af95690cc609ae9b624378d71903486561981a9cf056cedb0c0ff39383cafb7f47f61aab8285dcb7e7690a28f45bb5fe18282bf73b8f63b7ac38bbd70cd6,english_griffinlim_eval_final/fake_english_griffinlim/english_fake_0705.wav,0,7.884,-5.345187187194824,6.165753364562988
705,57c1af95690cc609ae9b624378d71903486561981a9cf056cedb0c0ff39383cafb7f47f61aab8285dcb7e7690a28f45bb5fe18282bf73b8f63b7ac38bbd70cd6,english_griffinlim_eval_final/real_english/english_real_0705.wav,1,7.884,5.800406455993652,-7.511294364929199
72,e7011a6e1591f49fac676ffa48b33f7d4d89c44cf513e32821e0739db30434d37780a046e0ab31a8c16dee8675d07b384d4244aa1a2ce0a80a2b42e31655cac9,english_griffinlim_eval_final/fake_english_griffinlim/english_fake_0072.wav,0,2.976,-0.9842759370803833,1.5525392293930054
72,e7011a6e1591f49fac676ffa48b33f7d4d89c44cf513e32821e0739db30434d37780a046e0ab31a8c16dee8675d07b384d4244aa1a2ce0a80a2b42e31655cac9,english_griffinlim_eval_final/real_english/english_real_0072.wav,1,2.976,-0.7144368886947632,0.7376818060874939
725,261902fd23f83fff961976a161dd750896c8083c6e43fd7ea0913fe63fcd4ecb3acf6e2803cc583385eccd92760f88605cf5ffa62e91574a379fe32fe8950ae6,english_griffinlim_eval_final/fake_english_griffinlim/english_fake_0725.wav,0,3.72,-0.28630441427230835,0.4917213022708893
725,261902fd23f83fff961976a161dd750896c8083c6e43fd7ea0913fe63fcd4ecb3acf6e2803cc583385eccd92760f88605cf5ffa62e91574a379fe32fe8950ae6,english_griffinlim_eval_final/real_english/english_real_0725.wav,1,3.72,4.698376178741455,-5.950096607208252
726,9a91a00fa1c8844d761e0bbb191f87d023185b5eaa08a6bc2f4030e7f2604c4f84ecc8725e7a47df26158f1414a2b868368eba0dca8545c3afcb74dfb6d20400,english_griffinlim_eval_final/fake_english_griffinlim/english_fake_0726.wav,0,4.824,-4.004494667053223,4.7481231689453125
726,9a91a00fa1c8844d761e0bbb191f87d023185b5eaa08a6bc2f4030e7f2604c4f84ecc8725e7a47df26158f1414a2b868368eba0dca8545c3afcb74dfb6d20400,english_griffinlim_eval_final/real_english/english_real_0726.wav,1,4.824,4.652153015136719,-5.7826762199401855
76,56ef6218bdd27655fae9f85f0a18b0cc608586fd0a9709f20dd5f6a4b3ad55d078fa858ae7858359709a699813eaad85527749d9d03639f00fcd2251ef60af96,english_griffinlim_eval_final/fake_english_griffinlim/english_fake_0076.wav,0,4.224,-5.982792854309082,6.817923545837402
76,56ef6218bdd27655fae9f85f0a18b0cc608586fd0a9709f20dd5f6a4b3ad55d078fa858ae7858359709a699813eaad85527749d9d03639f00fcd2251ef60af96,english_griffinlim_eval_final/real_english/english_real_0076.wav,1,4.224,4.203213691711426,-5.2352728843688965
772,0a418a5678721353da80d2ca2abb89df1cf6da912135762ff0b046ee50725ade5564d71329e2bac85ce57069b17818d51b24b7db84f0440758860882d5af9c48,english_griffinlim_eval_final/fake_english_griffinlim/english_fake_0772.wav,0,2.616,-2.9643847942352295,3.8288679122924805
772,0a418a5678721353da80d2ca2abb89df1cf6da912135762ff0b046ee50725ade5564d71329e2bac85ce57069b17818d51b24b7db84f0440758860882d5af9c48,english_griffinlim_eval_final/real_english/english_real_0772.wav,1,2.616,2.6113691329956055,-3.3267669677734375
777,444d0fa7d140a61fbb031de7af88504ded7c0998fa41e015ce8afdbbf6f7e91c03cd2b9a14b7cf50cc1b270d59f1b76cbe4618b10a3a6e09f90280124cbd1655,english_griffinlim_eval_final/fake_english_griffinlim/english_fake_0777.wav,0,4.7020625,-0.6252586841583252,1.1682405471801758
777,444d0fa7d140a61fbb031de7af88504ded7c0998fa41e015ce8afdbbf6f7e91c03cd2b9a14b7cf50cc1b270d59f1b76cbe4618b10a3a6e09f90280124cbd1655,english_griffinlim_eval_final/real_english/english_real_0777.wav,1,4.7020625,-1.0245391130447388,1.3720943927764893
782,b15afb2e48dfae2b0ab41a1438127545dc8a674a77c00454a5af7375916d4b259113180dd5a41012dff51cf00b1ce09f2d2957278e105d3091ae1522ce487503,english_griffinlim_eval_final/fake_english_griffinlim/english_fake_0782.wav,0,7.668,-2.135582447052002,2.9360625743865967
782,b15afb2e48dfae2b0ab41a1438127545dc8a674a77c00454a5af7375916d4b259113180dd5a41012dff51cf00b1ce09f2d2957278e105d3091ae1522ce487503,english_griffinlim_eval_final/real_english/english_real_0782.wav,1,7.668,4.090879440307617,-5.320450782775879
797,782ec7b338418a4966cc49ae09265d258705091874fb4d3a7fc76c9541738a997af0f51e9ef6045dc01874a060b482c7adfbfff2a51b50fa8d03764248956d48,english_griffinlim_eval_final/fake_english_griffinlim/english_fake_0797.wav,0,4.824,-5.922890663146973,6.76115608215332
797,782ec7b338418a4966cc49ae09265d258705091874fb4d3a7fc76c9541738a997af0f51e9ef6045dc01874a060b482c7adfbfff2a51b50fa8d03764248956d48,english_griffinlim_eval_final/real_english/english_real_0797.wav,1,4.824,1.1446722745895386,-1.6238857507705688
802,827ec12d835b8a4dd847f01b6f1b936b964f5994a2cdc1fb37228228d53dfa26b5f5364ec2153df9348ba174f2e435ce0918f8b71df41fed09e3fd0d7eec39ef,english_griffinlim_eval_final/fake_english_griffinlim/english_fake_0802.wav,0,3.636,-4.748395919799805,5.439406394958496
802,827ec12d835b8a4dd847f01b6f1b936b964f5994a2cdc1fb37228228d53dfa26b5f5364ec2153df9348ba174f2e435ce0918f8b71df41fed09e3fd0d7eec39ef,english_griffinlim_eval_final/real_english/english_real_0802.wav,1,3.636,3.703155279159546,-4.586971282958984
83,18b951dc2813f5814ff2517741eea11223b24b0d981c48d278682c713cf69dba191e3fabec0c27a7840be61854d3384d1aa88af7ec9fd6e59d08e23ee7ba26d6,english_griffinlim_eval_final/fake_english_griffinlim/english_fake_0083.wav,0,3.072,0.32527780532836914,-0.42083579301834106
83,18b951dc2813f5814ff2517741eea11223b24b0d981c48d278682c713cf69dba191e3fabec0c27a7840be61854d3384d1aa88af7ec9fd6e59d08e23ee7ba26d6,english_griffinlim_eval_final/real_english/english_real_0083.wav,1,3.072,6.330463886260986,-8.30615520477295
830,f0ea206776edd98e6ab41801393839be2d3a3508647336452079b21ddc3ed6eafddd8489e7a79cf149c48136862b49b77c412f7721653750f051aa12c2858e0b,english_griffinlim_eval_final/fake_english_griffinlim/english_fake_0830.wav,0,2.4,3.445931911468506,-4.403996467590332
830,f0ea206776edd98e6ab41801393839be2d3a3508647336452079b21ddc3ed6eafddd8489e7a79cf149c48136862b49b77c412f7721653750f051aa12c2858e0b,english_griffinlim_eval_final/real_english/english_real_0830.wav,1,2.4,5.324474811553955,-6.911514759063721
836,9489088a420426808becec14c5f401ed90743aab43f0ea3a7103e44a9a49dbe34a988a64a728e2a0a1211acd83899a91998b77dfdba504b2154a6900315ffa62,english_griffinlim_eval_final/fake_english_griffinlim/english_fake_0836.wav,0,6.732,-5.134318828582764,5.947700500488281
836,9489088a420426808becec14c5f401ed90743aab43f0ea3a7103e44a9a49dbe34a988a64a728e2a0a1211acd83899a91998b77dfdba504b2154a6900315ffa62,english_griffinlim_eval_final/real_english/english_real_0836.wav,1,6.732,4.947218894958496,-6.3262434005737305
839,f138d75a743543591fb23c61bbb2cfc4a204866aa791fdddc2a868be75a3f5851013ee0e9036241396a08fce890ff0911b3218224b0b11dc917eb7b4fa2e8cec,english_griffinlim_eval_final/fake_english_griffinlim/english_fake_0839.wav,0,3.708,-1.9968184232711792,2.918337821960449
839,f138d75a743543591fb23c61bbb2cfc4a204866aa791fdddc2a868be75a3f5851013ee0e9036241396a08fce890ff0911b3218224b0b11dc917eb7b4fa2e8cec,english_griffinlim_eval_final/real_english/english_real_0839.wav,1,3.708,0.15262651443481445,-0.22409553825855255
841,fe47f7429a8b74dac1af555a066bf3631aca9f68332f0c9a863bfb2a3b1a591005ed8546e708f9cbbc02aad144afb89da53d5115b656368d8ec2a02e7c745493,english_griffinlim_eval_final/fake_english_griffinlim/english_fake_0841.wav,0,3.72,-0.7671604156494141,1.2889838218688965
841,fe47f7429a8b74dac1af555a066bf3631aca9f68332f0c9a863bfb2a3b1a591005ed8546e708f9cbbc02aad144afb89da53d5115b656368d8ec2a02e7c745493,english_griffinlim_eval_final/real_english/english_real_0841.wav,1,3.72,-0.21146751940250397,0.4895648658275604
843,8e05a9762bba8885d665f8ab67084a8adc8c1690725914992dcf9f84a1f11352da18624b6bad7d77301c9ae6a69e3dbf0a68e91086fd32a256cce450e2233db5,english_griffinlim_eval_final/fake_english_griffinlim/english_fake_0843.wav,0,3.144,-6.005956649780273,6.830718040466309
843,8e05a9762bba8885d665f8ab67084a8adc8c1690725914992dcf9f84a1f11352da18624b6bad7d77301c9ae6a69e3dbf0a68e91086fd32a256cce450e2233db5,english_griffinlim_eval_final/real_english/english_real_0843.wav,1,3.144,5.591245651245117,-7.0888776779174805
854,4779be1c6beb90f5a6341ef5655c2c3a670a764c9c067600de821c89d5f452973f1853d1ad04425d6e465ba18791014dcd03298bbd7ef48b18af21743ab0bd9e,english_griffinlim_eval_final/fake_english_griffinlim/english_fake_0854.wav,0,4.992,-5.457886695861816,6.253619194030762
854,4779be1c6beb90f5a6341ef5655c2c3a670a764c9c067600de821c89d5f452973f1853d1ad04425d6e465ba18791014dcd03298bbd7ef48b18af21743ab0bd9e,english_griffinlim_eval_final/real_english/english_real_0854.wav,1,4.992,5.452043533325195,-6.787469387054443
857,53f3a1ababf2543e3f79739434893c64e1f5bb3e94c1f3e8d053ed7650183182a922f2959399ac2ac3827c824b225074ed237b465bdbc65c79edc92fe8e6ee61,english_griffinlim_eval_final/fake_english_griffinlim/english_fake_0857.wav,0,2.784,-2.9390172958374023,3.8040671348571777
857,53f3a1ababf2543e3f79739434893c64e1f5bb3e94c1f3e8d053ed7650183182a922f2959399ac2ac3827c824b225074ed237b465bdbc65c79edc92fe8e6ee61,english_griffinlim_eval_final/real_english/english_real_0857.wav,1,2.784,4.764721870422363,-5.976447105407715
865,8d0e1eb79f6b76705cc5af2590b6b1d85297a3666be5be7420f6ee5d3db8f81b0df4097cdf6e9ee75ac8436aef1eb3352e5dbecbb127cdefb441d5aa376b56f5,english_griffinlim_eval_final/fake_english_griffinlim/english_fake_0865.wav,0,2.808,-0.01111762598156929,0.11254087090492249
865,8d0e1eb79f6b76705cc5af2590b6b1d85297a3666be5be7420f6ee5d3db8f81b0df4097cdf6e9ee75ac8436aef1eb3352e5dbecbb127cdefb441d5aa376b56f5,english_griffinlim_eval_final/real_english/english_real_0865.wav,1,2.808,3.1003150939941406,-3.8528192043304443
867,141d2fb979ebab495f92c338e4ca2fcc5a9d7b10f19be3047972ea5a0656809b99460f8afa0f5b12848e69becfe6185ae8f44f773289568ba1745fdbbdffaa82,english_griffinlim_eval_final/fake_english_griffinlim/english_fake_0867.wav,0,5.868,-5.982135772705078,6.969081878662109
867,141d2fb979ebab495f92c338e4ca2fcc5a9d7b10f19be3047972ea5a0656809b99460f8afa0f5b12848e69becfe6185ae8f44f773289568ba1745fdbbdffaa82,english_griffinlim_eval_final/real_english/english_real_0867.wav,1,5.868,1.9713881015777588,-2.6320910453796387
879,d83fdccca9769420abdaed1f3ae86ae7d925c3a43a17770c3b931613a03e8d6ed32a7aaa07163dd79016b8be140611cba54c7d296beac05b58ad3f6c00c05a44,english_griffinlim_eval_final/fake_english_griffinlim/english_fake_0879.wav,0,4.032,4.844412803649902,-6.161798000335693
879,d83fdccca9769420abdaed1f3ae86ae7d925c3a43a17770c3b931613a03e8d6ed32a7aaa07163dd79016b8be140611cba54c7d296beac05b58ad3f6c00c05a44,english_griffinlim_eval_final/real_english/english_real_0879.wav,1,4.032,5.325178623199463,-7.016637802124023
883,dc7a6852f48d22de3cbcd76a7d2deeeec6198b4460fd6a6400b465b60c87bae9fa62e64609548d33496d04f34d0b0a99fa64977b866ddbc189994f779ae01608,english_griffinlim_eval_final/fake_english_griffinlim/english_fake_0883.wav,0,3.264,-4.752134323120117,5.559755802154541
883,dc7a6852f48d22de3cbcd76a7d2deeeec6198b4460fd6a6400b465b60c87bae9fa62e64609548d33496d04f34d0b0a99fa64977b866ddbc189994f779ae01608,english_griffinlim_eval_final/real_english/english_real_0883.wav,1,3.264,-0.8774328231811523,1.2978006601333618
884,82557ed50b74bac49d5fb53a88f1e68cce75de29a91d98c3cf2d1af73ac1a4a05b8bf92c984a37192e63b7209242b64dac903c3c69101cbe7d196047a60cf886,english_griffinlim_eval_final/fake_english_griffinlim/english_fake_0884.wav,0,7.308,-3.151948928833008,3.973667621612549
884,82557ed50b74bac49d5fb53a88f1e68cce75de29a91d98c3cf2d1af73ac1a4a05b8bf92c984a37192e63b7209242b64dac903c3c69101cbe7d196047a60cf886,english_griffinlim_eval_final/real_english/english_real_0884.wav,1,7.308,5.0760297775268555,-6.401925086975098
888,76c9f8a8f018cb1a1837f237862266e5e4558b176f18afa1692f9061136d7ed1220f71b4dc61d1afd073d6632d2cb497c30d8222c299c6a65184c32128c535a7,english_griffinlim_eval_final/fake_english_griffinlim/english_fake_0888.wav,0,4.392,-0.8757759928703308,1.3337633609771729
888,76c9f8a8f018cb1a1837f237862266e5e4558b176f18afa1692f9061136d7ed1220f71b4dc61d1afd073d6632d2cb497c30d8222c299c6a65184c32128c535a7,english_griffinlim_eval_final/real_english/english_real_0888.wav,1,4.392,5.923466205596924,-7.482078552246094
897,d1813b3a39bbd5d6f35e04e8e2151930a40e56cefcc57eb71351d6cde06a360b99e6c7791989ff337b308103b8dd7f2f705c01f88506ec4146042276b5a122ce,english_griffinlim_eval_final/fake_english_griffinlim/english_fake_0897.wav,0,6.864,-0.0672493577003479,0.3452466130256653
897,d1813b3a39bbd5d6f35e04e8e2151930a40e56cefcc57eb71351d6cde06a360b99e6c7791989ff337b308103b8dd7f2f705c01f88506ec4146042276b5a122ce,english_griffinlim_eval_final/real_english/english_real_0897.wav,1,6.864,1.0306751728057861,-1.3711268901824951
902,159b58b5b8c0be4886690fdb1021843612807181e092f8c4e248190b8fb4e3a300bbdeddc8b9eebf043f129da38256409213f78bdf4cca33e4650a9eaf5d8526,english_griffinlim_eval_final/fake_english_griffinlim/english_fake_0902.wav,0,3.048,-3.537945508956909,4.275369644165039
902,159b58b5b8c0be4886690fdb1021843612807181e092f8c4e248190b8fb4e3a300bbdeddc8b9eebf043f129da38256409213f78bdf4cca33e4650a9eaf5d8526,english_griffinlim_eval_final/real_english/english_real_0902.wav,1,3.048,1.8102930784225464,-2.413994312286377
907,e873e7a2b27ce654de6921916a75fd32f3addbe2f0d3debde9c8ac68a0fc624e039368043edd2f2dd5ae19f5e311c3a228d1cad655c55713d88366f7026ed09a,english_griffinlim_eval_final/fake_english_griffinlim/english_fake_0907.wav,0,5.148,-5.961319923400879,6.853005409240723
907,e873e7a2b27ce654de6921916a75fd32f3addbe2f0d3debde9c8ac68a0fc624e039368043edd2f2dd5ae19f5e311c3a228d1cad655c55713d88366f7026ed09a,english_griffinlim_eval_final/real_english/english_real_0907.wav,1,5.148,3.4559459686279297,-4.325936317443848
916,0f18104e03d5e581438478e9674a659629658c17a3e794bcc28993da355930aca6d790aff81d0d7ab22de74f548b9e8961dc2d5ecb81f3bf3e19910e4501a480,english_griffinlim_eval_final/fake_english_griffinlim/english_fake_0916.wav,0,7.488,-0.24291537702083588,0.3902072608470917
916,0f18104e03d5e581438478e9674a659629658c17a3e794bcc28993da355930aca6d790aff81d0d7ab22de74f548b9e8961dc2d5ecb81f3bf3e19910e4501a480,english_griffinlim_eval_final/real_english/english_real_0916.wav,1,7.488,4.249554634094238,-5.511016845703125
937,15f4b2d89fd6ef677ad0cf16118393247db64e892060c2b238c09fa625e31ed5d5c4b4e05b0de21c6fc2202db2a2ebf567b2fd032758dbfbeb9897aecb2ab555,english_griffinlim_eval_final/fake_english_griffinlim/english_fake_0937.wav,0,2.88,-5.849465847015381,6.757444858551025
937,15f4b2d89fd6ef677ad0cf16118393247db64e892060c2b238c09fa625e31ed5d5c4b4e05b0de21c6fc2202db2a2ebf567b2fd032758dbfbeb9897aecb2ab555,english_griffinlim_eval_final/real_english/english_real_0937.wav,1,2.88,3.374788284301758,-4.179705619812012
948,aa9941b68c0d09069571c0105e601b61631c79ef1c9e1fa6bc2a7b15bbb7e1cbae92efee9449f68e4aaa4219b3b897e0382b39a5fc689c6b7bcf60bcf776dd22,english_griffinlim_eval_final/fake_english_griffinlim/english_fake_0948.wav,0,2.328,-1.9990609884262085,2.7618143558502197
948,aa9941b68c0d09069571c0105e601b61631c79ef1c9e1fa6bc2a7b15bbb7e1cbae92efee9449f68e4aaa4219b3b897e0382b39a5fc689c6b7bcf60bcf776dd22,english_griffinlim_eval_final/real_english/english_real_0948.wav,1,2.328,3.292231559753418,-4.461293697357178
961,cc7cc15dbf1966fe301042b960b06893a68fd036d88915f4267b56d3d1dbd2c4aff1078274af41f50a01168b66f71b1ef9b9b12a6a64747dd70329071684590d,english_griffinlim_eval_final/fake_english_griffinlim/english_fake_0961.wav,0,6.768,-2.0272669792175293,2.8100643157958984
961,cc7cc15dbf1966fe301042b960b06893a68fd036d88915f4267b56d3d1dbd2c4aff1078274af41f50a01168b66f71b1ef9b9b12a6a64747dd70329071684590d,english_griffinlim_eval_final/real_english/english_real_0961.wav,1,6.768,5.352887153625488,-6.92073917388916
966,39c7f4a092c239dd28b5af1f5d2478b19641bae496c30909b4d3eaa73bdcb6e1ccfa348210a57be42889112d2eb3f99efc3d142574f6bb9174ce2be1c3781066,english_griffinlim_eval_final/fake_english_griffinlim/english_fake_0966.wav,0,7.56,-3.823976993560791,4.616879463195801
966,39c7f4a092c239dd28b5af1f5d2478b19641bae496c30909b4d3eaa73bdcb6e1ccfa348210a57be42889112d2eb3f99efc3d142574f6bb9174ce2be1c3781066,english_griffinlim_eval_final/real_english/english_real_0966.wav,1,7.56,3.262155771255493,-3.8876705169677734
99,ab72e9ab22713aec03a3189202a0713e56016ea07569b3041fcd65d77c9eb3f8c692f7ccaec75c16bbc62476d528f434d829193994cf07fcde9e3b1e4a2fa93a,english_griffinlim_eval_final/fake_english_griffinlim/english_fake_0099.wav,0,3.192,-5.738290309906006,6.599595546722412
99,ab72e9ab22713aec03a3189202a0713e56016ea07569b3041fcd65d77c9eb3f8c692f7ccaec75c16bbc62476d528f434d829193994cf07fcde9e3b1e4a2fa93a,english_griffinlim_eval_final/real_english/english_real_0099.wav,1,3.192,4.513845443725586,-5.687126636505127
994,c948b5166ffa7f0a17b7d067f7f99418cfe1cf101ee9b845047cdcb43911af6bc2c5f775f5099e60052e8edf9d59a2a0fdd906095c9ea0f02c8af763b2088235,english_griffinlim_eval_final/fake_english_griffinlim/english_fake_0994.wav,0,3.024,-1.2514766454696655,1.8263870477676392
994,c948b5166ffa7f0a17b7d067f7f99418cfe1cf101ee9b845047cdcb43911af6bc2c5f775f5099e60052e8edf9d59a2a0fdd906095c9ea0f02c8af763b2088235,english_griffinlim_eval_final/real_english/english_real_0994.wav,1,3.024,-4.887964248657227,5.771291732788086
