pair_id,analysis_cluster,path,label,duration_s,bonafide_logit,spoof_logit,inferred_normalization,peak_limited
1002,7b90778674a3659c892533d96bb0aa534879da17cd2f9cb1ae73fc3cc114dda10eba8bb6cfeddbafde910b396a60b95e64b4134430071bf2dd23b8d6a9c32785,hindi_griffinlim_eval_final/fake_hindi_griffinlim/hindi_fake_1002.wav,0,7.38,6.134123802185059,-7.99560546875,rms_matched,False
1002,7b90778674a3659c892533d96bb0aa534879da17cd2f9cb1ae73fc3cc114dda10eba8bb6cfeddbafde910b396a60b95e64b4134430071bf2dd23b8d6a9c32785,hindi_griffinlim_eval_final/real_hindi/hindi_real_1002.wav,1,7.38,3.973792552947998,-5.081984519958496,rms_matched,False
1032,cea40007071ea914e41633e74d05142fd1f5f8f49c154534816017cf89ce625657c804fe479fe87c08854ecd847697d6ca0fb6bcf424006c307f65430c34785e,hindi_griffinlim_eval_final/fake_hindi_griffinlim/hindi_fake_1032.wav,0,5.076,-2.7488865852355957,3.6818132400512695,rms_matched,False
1032,cea40007071ea914e41633e74d05142fd1f5f8f49c154534816017cf89ce625657c804fe479fe87c08854ecd847697d6ca0fb6bcf424006c307f65430c34785e,hindi_griffinlim_eval_final/real_hindi/hindi_real_1032.wav,1,5.076,3.373007297515869,-4.336113929748535,rms_matched,False
1036,b726b76c3576ad4edb7eeec20cfca6ae5b5ce074dd7e042da97ec800dc152b6fc7d0c462260dde20cea9d99782632cdd7a47c83c615cfcc3324c9b890fc12ee9,hindi_griffinlim_eval_final/fake_hindi_griffinlim/hindi_fake_1036.wav,0,7.848,-5.379336357116699,6.129319190979004,rms_matched,False
1036,b726b76c3576ad4edb7eeec20cfca6ae5b5ce074dd7e042da97ec800dc152b6fc7d0c462260dde20cea9d99782632cdd7a47c83c615cfcc3324c9b890fc12ee9,hindi_griffinlim_eval_final/real_hindi/hindi_real_1036.wav,1,7.848,5.253767967224121,-6.679317474365234,rms_matched,False
1044,60b2daa4cda30b5320834f3c2d21ea1841b52ccd7bf7ed4689f3ff27ca59c3323707c95e9a17bea4082356c576bbc3f17a00106134240f3632529b329fc1e62a,hindi_griffinlim_eval_final/fake_hindi_griffinlim/hindi_fake_1044.wav,0,6.156,-5.654191017150879,6.4370341300964355,rms_matched,False
1044,60b2daa4cda30b5320834f3c2d21ea1841b52ccd7bf7ed4689f3ff27ca59c3323707c95e9a17bea4082356c576bbc3f17a00106134240f3632529b329fc1e62a,hindi_griffinlim_eval_final/real_hindi/hindi_real_1044.wav,1,6.156,3.776228427886963,-4.797182083129883,rms_matched,False
1048,a4a1040c8228b7c4f4f6d82e4db994894b669b51b15980a75e3c7f8f91169c13973557c4f950a4eef6447617ff114233bc495632040f6b24694c4127cc9a86b9,hindi_griffinlim_eval_final/fake_hindi_griffinlim/hindi_fake_1048.wav,0,7.92,0.5516966581344604,-0.7267785668373108,rms_matched,False
1048,a4a1040c8228b7c4f4f6d82e4db994894b669b51b15980a75e3c7f8f91169c13973557c4f950a4eef6447617ff114233bc495632040f6b24694c4127cc9a86b9,hindi_griffinlim_eval_final/real_hindi/hindi_real_1048.wav,1,7.92,5.0102458000183105,-6.41964054107666,rms_matched,False
1050,5191b8af39731f5141ffac823e13e25016e5b3109209f12d3337bdfc92ddff74ea717e293a01fe3b90fb2be2a87b0621cc385140b097b7e6d76f1d2e2f319d74,hindi_griffinlim_eval_final/fake_hindi_griffinlim/hindi_fake_1050.wav,0,7.236,-4.6016058921813965,5.347906112670898,rms_matched,False
1050,5191b8af39731f5141ffac823e13e25016e5b3109209f12d3337bdfc92ddff74ea717e293a01fe3b90fb2be2a87b0621cc385140b097b7e6d76f1d2e2f319d74,hindi_griffinlim_eval_final/real_hindi/hindi_real_1050.wav,1,7.236,3.483856201171875,-4.310441017150879,rms_matched,False
1053,9c12887b11ae7ce76bcb5c4ca6b56f174e89c82f02c52c05b93ac7a40b6fb7b28d8474241a7dc36b3ad5b36eab48a209bf7e68a905ca64ac40b89e9311dec25d,hindi_griffinlim_eval_final/fake_hindi_griffinlim/hindi_fake_1053.wav,0,3.672,-0.8236163258552551,1.3755357265472412,rms_matched,False
1053,9c12887b11ae7ce76bcb5c4ca6b56f174e89c82f02c52c05b93ac7a40b6fb7b28d8474241a7dc36b3ad5b36eab48a209bf7e68a905ca64ac40b89e9311dec25d,hindi_griffinlim_eval_final/real_hindi/hindi_real_1053.wav,1,3.672,0.4493870735168457,-0.7720114588737488,rms_matched,False
1056,74751bae9cd9bc9a9c005dce39ee035a3d1a201afb6bc83523226793b7fa2526d2c29ccebaaee7bcc6af9949646ae1bde77eade6fcec218564391c06e0ec86d3,hindi_griffinlim_eval_final/fake_hindi_griffinlim/hindi_fake_1056.wav,0,4.968,-1.0656367540359497,1.6362006664276123,rms_matched,False
1056,74751bae9cd9bc9a9c005dce39ee035a3d1a201afb6bc83523226793b7fa2526d2c29ccebaaee7bcc6af9949646ae1bde77eade6fcec218564391c06e0ec86d3,hindi_griffinlim_eval_final/real_hindi/hindi_real_1056.wav,1,4.968,5.988522052764893,-7.724997520446777,rms_matched,False
1061,52f22814969ddf3ae439c9927cdc815781938e7b8db9939cbe5cc7211c83b3dd6eccb62b360571d4002d64878c3b70340e8a76bf784048ff984b73b71d31fc52,hindi_griffinlim_eval_final/fake_hindi_griffinlim/hindi_fake_1061.wav,0,2.808,-2.0957250595092773,3.010439395904541,rms_matched,False
1061,52f22814969ddf3ae439c9927cdc815781938e7b8db9939cbe5cc7211c83b3dd6eccb62b360571d4002d64878c3b70340e8a76bf784048ff984b73b71d31fc52,hindi_griffinlim_eval_final/real_hindi/hindi_real_1061.wav,1,2.808,1.9826127290725708,-2.7009119987487793,rms_matched,False
1063,6599122319c224d4b370bdaa817d68a9d0d1774b81aada4980c0519f78ae3a9ebea33cc1b8fc6a20008d791474bdefb675e448b3c00d10d0fd05a39e153e922e,hindi_griffinlim_eval_final/fake_hindi_griffinlim/hindi_fake_1063.wav,0,6.156,-0.5872491598129272,1.0817087888717651,rms_matched,False
1063,6599122319c224d4b370bdaa817d68a9d0d1774b81aada4980c0519f78ae3a9ebea33cc1b8fc6a20008d791474bdefb675e448b3c00d10d0fd05a39e153e922e,hindi_griffinlim_eval_final/real_hindi/hindi_real_1063.wav,1,6.156,2.3813366889953613,-3.1487069129943848,rms_matched,False
1075,5910123d516315dfc2a43523d5cbc63444096a4cd38bb8b772155e3c51fb2f1eb673beaa1603de242ad8aa5dafe9d0ebd85a1c02bc6a7ee45e636585932306ae,hindi_griffinlim_eval_final/fake_hindi_griffinlim/hindi_fake_1075.wav,0,3.348,6.230844497680664,-8.10964298248291,rms_matched,False
1075,5910123d516315dfc2a43523d5cbc63444096a4cd38bb8b772155e3c51fb2f1eb673beaa1603de242ad8aa5dafe9d0ebd85a1c02bc6a7ee45e636585932306ae,hindi_griffinlim_eval_final/real_hindi/hindi_real_1075.wav,1,3.348,5.665037155151367,-7.402622699737549,rms_matched,False
108,c0fce8f25f23b41ed1321b49a5940b20f8b61130c14559d79ddf3816e5a433e06cad1469ff786911ce97ba8ea234da6b623881f3bb65339d1d3dd296e477a193,hindi_griffinlim_eval_final/fake_hindi_griffinlim/hindi_fake_0108.wav,0,4.968,0.5884982943534851,-1.1383733749389648,rms_matched,False
108,c0fce8f25f23b41ed1321b49a5940b20f8b61130c14559d79ddf3816e5a433e06cad1469ff786911ce97ba8ea234da6b623881f3bb65339d1d3dd296e477a193,hindi_griffinlim_eval_final/real_hindi/hindi_real_0108.wav,1,4.968,4.46956729888916,-5.599023818969727,rms_matched,False
1090,f446689d92087b875d07eaa1d98e4b7e07ec4f8651762d73d8e0ecbae21be60e60a3b7356828d24a8c9071f872f21361ca196ae017820a2908412966f0a59df2,hindi_griffinlim_eval_final/fake_hindi_griffinlim/hindi_fake_1090.wav,0,5.76,-0.5557878613471985,0.7245556712150574,rms_matched,False
1090,f446689d92087b875d07eaa1d98e4b7e07ec4f8651762d73d8e0ecbae21be60e60a3b7356828d24a8c9071f872f21361ca196ae017820a2908412966f0a59df2,hindi_griffinlim_eval_final/real_hindi/hindi_real_1090.wav,1,5.76,0.7431373596191406,-1.2462072372436523,rms_matched,False
1097,0e97e303991e6646c845049579a4bea7a25ea775f6b8b44a09e0efd0ae9661ec984c393c92d2522e3158c8b0ca206ad60fd9e136713e18c21dffd72811a88b88,hindi_griffinlim_eval_final/fake_hindi_griffinlim/hindi_fake_1097.wav,0,5.94,1.6039718389511108,-2.1890671253204346,rms_matched,False
1097,0e97e303991e6646c845049579a4bea7a25ea775f6b8b44a09e0efd0ae9661ec984c393c92d2522e3158c8b0ca206ad60fd9e136713e18c21dffd72811a88b88,hindi_griffinlim_eval_final/real_hindi/hindi_real_1097.wav,1,5.94,5.0566725730896,-6.361335277557373,rms_matched,False
1101,461059307d756b80d08835b893bbee0e93e8cf237db0b4ba90a0b34adfa5ee77c44a3777d5a0c19d7a920260f7fd54fdd84661371abe9ece4b08ea2624146827,hindi_griffinlim_eval_final/fake_hindi_griffinlim/hindi_fake_1101.wav,0,7.128,-5.662309169769287,6.495682716369629,rms_matched,False
1101,461059307d756b80d08835b893bbee0e93e8cf237db0b4ba90a0b34adfa5ee77c44a3777d5a0c19d7a920260f7fd54fdd84661371abe9ece4b08ea2624146827,hindi_griffinlim_eval_final/real_hindi/hindi_real_1101.wav,1,7.128,0.2380862683057785,-0.2435392439365387,rms_matched,False
1116,e6aef31fac7411f3f1b15c566dede061e3024cde1382d7ca1a860a093ad5b0b9c87aaa13c749ef9982c688d7a8d715c11aee89c2e3d541b9ba3dc73c5ec5cb85,hindi_griffinlim_eval_final/fake_hindi_griffinlim/hindi_fake_1116.wav,0,5.22,-3.3572988510131836,4.077484607696533,rms_matched,False
1116,e6aef31fac7411f3f1b15c566dede061e3024cde1382d7ca1a860a093ad5b0b9c87aaa13c749ef9982c688d7a8d715c11aee89c2e3d541b9ba3dc73c5ec5cb85,hindi_griffinlim_eval_final/real_hindi/hindi_real_1116.wav,1,5.22,4.537067413330078,-5.772522926330566,rms_matched,False
1124,230d27ac6435d55a47ccc110561f23b342676f24aac1bed0eec64dd0deefc5d13f306e9df3216cfa91eb7972029e60e59586109fba46ac6dcf631a9e04b60644,hindi_griffinlim_eval_final/fake_hindi_griffinlim/hindi_fake_1124.wav,0,7.128,-3.854083776473999,4.764749050140381,rms_matched,False
1124,230d27ac6435d55a47ccc110561f23b342676f24aac1bed0eec64dd0deefc5d13f306e9df3216cfa91eb7972029e60e59586109fba46ac6dcf631a9e04b60644,hindi_griffinlim_eval_final/real_hindi/hindi_real_1124.wav,1,7.128,2.7856860160827637,-3.4903228282928467,rms_matched,False
113,3aef16007bd29046bf29aa965433206ce23419410af7d4bc3d292635ddc31b83ce37bccb79f9f0fb3d857b77a1bba903b1dfbadc1d390b9c5b687a475c9f29a6,hindi_griffinlim_eval_final/fake_hindi_griffinlim/hindi_fake_0113.wav,0,5.94,-0.8121730089187622,1.3463122844696045,rms_matched,False
113,3aef16007bd29046bf29aa965433206ce23419410af7d4bc3d292635ddc31b83ce37bccb79f9f0fb3d857b77a1bba903b1dfbadc1d390b9c5b687a475c9f29a6,hindi_griffinlim_eval_final/real_hindi/hindi_real_0113.wav,1,5.94,3.6610636711120605,-4.689430236816406,rms_matched,False
125,35b57937a48c8fa81eaa6a6af0b8228f449a80b7228b9d97f8ba3a9963ecfdc2bd5c60372b83e4f7ca0133fbb9c4dfdbcb554dbf34c2a262de380f4d396f042a,hindi_griffinlim_eval_final/fake_hindi_griffinlim/hindi_fake_0125.wav,0,4.788,-0.431179940700531,0.9529771208763123,rms_matched,False
125,35b57937a48c8fa81eaa6a6af0b8228f449a80b7228b9d97f8ba3a9963ecfdc2bd5c60372b83e4f7ca0133fbb9c4dfdbcb554dbf34c2a262de380f4d396f042a,hindi_griffinlim_eval_final/real_hindi/hindi_real_0125.wav,1,4.788,-0.5944842100143433,1.1170368194580078,rms_matched,False
142,389842e0cd33cfb9876ef3d2f0e50eb0d9842d3a72efb647244e2cab4f456609c2fe3c3584b5307808cc70d8a9f6cbc18617ef2eadf45ed518b03c0dee8dfd87,hindi_griffinlim_eval_final/fake_hindi_griffinlim/hindi_fake_0142.wav,0,5.784,0.6984066367149353,-1.049138069152832,peak_normalized,True
142,389842e0cd33cfb9876ef3d2f0e50eb0d9842d3a72efb647244e2cab4f456609c2fe3c3584b5307808cc70d8a9f6cbc18617ef2eadf45ed518b03c0dee8dfd87,hindi_griffinlim_eval_final/real_hindi/hindi_real_0142.wav,1,5.784,1.1023203134536743,-1.5471137762069702,peak_normalized,True
146,51ac71db84d066b7c2fe1dd940f0e75602010e8a2c0a23df2b47108a43c6df09aea35278f729be243a1d02576df693c13705cc367b391889be00e5a572b08fb5,hindi_griffinlim_eval_final/fake_hindi_griffinlim/hindi_fake_0146.wav,0,7.452,1.0747778415679932,-1.566821575164795,rms_matched,False
146,51ac71db84d066b7c2fe1dd940f0e75602010e8a2c0a23df2b47108a43c6df09aea35278f729be243a1d02576df693c13705cc367b391889be00e5a572b08fb5,hindi_griffinlim_eval_final/real_hindi/hindi_real_0146.wav,1,7.452,-3.6826744079589844,4.597573280334473,rms_matched,False
156,55facf37cfec7564d08860906bdb688d9e2c45d7ac50a054dcc66778b3b1a10a9489051097f6fe9232742597187752dc71f4f0432aa771771721c259ff4324c7,hindi_griffinlim_eval_final/fake_hindi_griffinlim/hindi_fake_0156.wav,0,5.94,-2.8289735317230225,3.6778645515441895,rms_matched,False
156,55facf37cfec7564d08860906bdb688d9e2c45d7ac50a054dcc66778b3b1a10a9489051097f6fe9232742597187752dc71f4f0432aa771771721c259ff4324c7,hindi_griffinlim_eval_final/real_hindi/hindi_real_0156.wav,1,5.94,-0.15071986615657806,0.21179044246673584,rms_matched,False
166,3d60da54a5e96710c627c37362c5f17d026c725b99466b5596f08c6584beafa8dd546aff3ef61dd1cfda5150cdd82d08970d8ad36a49e933571b903361a6cbdd,hindi_griffinlim_eval_final/fake_hindi_griffinlim/hindi_fake_0166.wav,0,6.12,3.3214166164398193,-4.11302375793457,rms_matched,False
166,3d60da54a5e96710c627c37362c5f17d026c725b99466b5596f08c6584beafa8dd546aff3ef61dd1cfda5150cdd82d08970d8ad36a49e933571b903361a6cbdd,hindi_griffinlim_eval_final/real_hindi/hindi_real_0166.wav,1,6.12,4.572021484375,-5.779604911804199,rms_matched,False
188,0db277015ed4c7602383504e75bcfead10db6e33b12e442a983cb259a17baf2c98daf32f18e2c1917269103a2ef1776d88cab0357c43c487473d8fa511dde7e8,hindi_griffinlim_eval_final/fake_hindi_griffinlim/hindi_fake_0188.wav,0,4.5,-3.0104823112487793,3.8877017498016357,rms_matched,False
188,0db277015ed4c7602383504e75bcfead10db6e33b12e442a983cb259a17baf2c98daf32f18e2c1917269103a2ef1776d88cab0357c43c487473d8fa511dde7e8,hindi_griffinlim_eval_final/real_hindi/hindi_real_0188.wav,1,4.5,3.739225387573242,-4.8368330001831055,rms_matched,False
190,b3384290eb1959d422480362d83e5209c28470116f7c5b10b0306ace4c6c34fec56325a07bec155e841663e775d0573922c4e90dd59bad4795f5d75530c6732e,hindi_griffinlim_eval_final/fake_hindi_griffinlim/hindi_fake_0190.wav,0,7.236,-0.6383262872695923,0.9215377569198608,rms_matched,False
190,b3384290eb1959d422480362d83e5209c28470116f7c5b10b0306ace4c6c34fec56325a07bec155e841663e775d0573922c4e90dd59bad4795f5d75530c6732e,hindi_griffinlim_eval_final/real_hindi/hindi_real_0190.wav,1,7.236,3.7836110591888428,-4.7658514976501465,rms_matched,False
192,9564825a0829d21edd512e0523b3dccf946f9cd0f8b90c2589961c1867f2100b337df3df56dcee0dbdc7b4f23de4dc7d2af884dea2f7a3f6a3f3dc081879acfa,hindi_griffinlim_eval_final/fake_hindi_griffinlim/hindi_fake_0192.wav,0,4.068,5.681936264038086,-7.303760528564453,rms_matched,False
192,9564825a0829d21edd512e0523b3dccf946f9cd0f8b90c2589961c1867f2100b337df3df56dcee0dbdc7b4f23de4dc7d2af884dea2f7a3f6a3f3dc081879acfa,hindi_griffinlim_eval_final/real_hindi/hindi_real_0192.wav,1,4.068,5.907792091369629,-7.688359260559082,rms_matched,False
201,3dbb15be45bbb6a44cee0c715a4fd06c4e5267061420217c4a4279a8f47365fa3c7243c274d08ddaa39a11d39b1c281760c59e358f1a4b14914923605831a3b8,hindi_griffinlim_eval_final/fake_hindi_griffinlim/hindi_fake_0201.wav,0,3.492,5.244156360626221,-6.719438076019287,rms_matched,False
201,3dbb15be45bbb6a44cee0c715a4fd06c4e5267061420217c4a4279a8f47365fa3c7243c274d08ddaa39a11d39b1c281760c59e358f1a4b14914923605831a3b8,hindi_griffinlim_eval_final/real_hindi/hindi_real_0201.wav,1,3.492,5.859321594238281,-7.469964027404785,rms_matched,False
207,ff8d1bfdc7d8be2fd275f506691f3ba70d9d60666488ab551bcbb76c3fe93c7cfaa703f465f40b60131807d73913eb37830221336b6803114df015fb7caed36e,hindi_griffinlim_eval_final/fake_hindi_griffinlim/hindi_fake_0207.wav,0,2.556,-0.941239595413208,1.5425715446472168,rms_matched,False
207,ff8d1bfdc7d8be2fd275f506691f3ba70d9d60666488ab551bcbb76c3fe93c7cfaa703f465f40b60131807d73913eb37830221336b6803114df015fb7caed36e,hindi_griffinlim_eval_final/real_hindi/hindi_real_0207.wav,1,2.556,3.2081527709960938,-4.33818244934082,rms_matched,False
230,0d2120fd5389d89f197e877a642aeb305bd4d8a9820d642a3ca7e83fe64ca61a0a8b15a37958f3629aa855408d3eabc56d2521ff9a06db24bd0c95320f66efab,hindi_griffinlim_eval_final/fake_hindi_griffinlim/hindi_fake_0230.wav,0,3.6,0.9984183311462402,-2.029836654663086,rms_matched,False
230,0d2120fd5389d89f197e877a642aeb305bd4d8a9820d642a3ca7e83fe64ca61a0a8b15a37958f3629aa855408d3eabc56d2521ff9a06db24bd0c95320f66efab,hindi_griffinlim_eval_final/real_hindi/hindi_real_0230.wav,1,3.6,5.578005313873291,-7.1108717918396,rms_matched,False
248,36062260d676bde6039ce120c376465b2bd64e0699bac4f5ccf693568a39376a0cbc895a1c3ad2b74de0236420dc51f0dc3bc8d7f1fcac394756286a2c426056,hindi_griffinlim_eval_final/fake_hindi_griffinlim/hindi_fake_0248.wav,0,7.632,1.8848716020584106,-2.4394383430480957,peak_normalized,True
248,36062260d676bde6039ce120c376465b2bd64e0699bac4f5ccf693568a39376a0cbc895a1c3ad2b74de0236420dc51f0dc3bc8d7f1fcac394756286a2c426056,hindi_griffinlim_eval_final/real_hindi/hindi_real_0248.wav,1,7.632,3.3295681476593018,-4.121273040771484,peak_normalized,True
265,d5417347b8d450c2aefa6ac74539b48c943a0d94b866457184e18c67074d8c2eb785e7191abf9c2199ef4db0873ef3ca503bfeaee470f6ab2506b8c2120a6669,hindi_griffinlim_eval_final/fake_hindi_griffinlim/hindi_fake_0265.wav,0,6.048,-3.3709075450897217,4.132222652435303,rms_matched,False
265,d5417347b8d450c2aefa6ac74539b48c943a0d94b866457184e18c67074d8c2eb785e7191abf9c2199ef4db0873ef3ca503bfeaee470f6ab2506b8c2120a6669,hindi_griffinlim_eval_final/real_hindi/hindi_real_0265.wav,1,6.048,-4.662839889526367,5.352804660797119,rms_matched,False
266,f4be1316ad0e2da63cc723ae7822391bf5e9bebab20d134595b5dfaa0fcfc42a3907fb02b5ee992a496c84610d4d015a0b2f1e8240dc27a431cd55d69b1ab7e3,hindi_griffinlim_eval_final/fake_hindi_griffinlim/hindi_fake_0266.wav,0,4.356,6.002010822296143,-7.799246788024902,rms_matched,False
266,f4be1316ad0e2da63cc723ae7822391bf5e9bebab20d134595b5dfaa0fcfc42a3907fb02b5ee992a496c84610d4d015a0b2f1e8240dc27a431cd55d69b1ab7e3,hindi_griffinlim_eval_final/real_hindi/hindi_real_0266.wav,1,4.356,-0.16674339771270752,0.08672276139259338,rms_matched,False
272,ec78af2b863dab21a727f2ae9acf3ca8000403bcaaa82e800686048efeb2dcd359c7afd61fc63ea272d52e127546ccc8650a9df372bdb8f30a4df59e828cc263,hindi_griffinlim_eval_final/fake_hindi_griffinlim/hindi_fake_0272.wav,0,4.536,2.4655838012695312,-2.9093775749206543,rms_matched,False
272,ec78af2b863dab21a727f2ae9acf3ca8000403bcaaa82e800686048efeb2dcd359c7afd61fc63ea272d52e127546ccc8650a9df372bdb8f30a4df59e828cc263,hindi_griffinlim_eval_final/real_hindi/hindi_real_0272.wav,1,4.536,-0.6176069974899292,0.8668994903564453,rms_matched,False
275,c7a77aac9398049c593a06e3bde552061eb033612d2266a548202cc8790a06dd5c5c4fb002e8013ef38f94abed95b3bea0e56c4cb6aa8deecf7c63373764826d,hindi_griffinlim_eval_final/fake_hindi_griffinlim/hindi_fake_0275.wav,0,5.652,-0.4855928421020508,0.9706135392189026,rms_matched,False
275,c7a77aac9398049c593a06e3bde552061eb033612d2266a548202cc8790a06dd5c5c4fb002e8013ef38f94abed95b3bea0e56c4cb6aa8deecf7c63373764826d,hindi_griffinlim_eval_final/real_hindi/hindi_real_0275.wav,1,5.652,-0.48719853162765503,0.7062879204750061,rms_matched,False
319,ea8f8541a19f474c4246d33005ad2c365f8b82b7a9b214bc39bd7b0ea6469e6d17fc574bce867f5fa60612c98df61735b7e95bf0d9c731a290e4c4bd515098bb,hindi_griffinlim_eval_final/fake_hindi_griffinlim/hindi_fake_0319.wav,0,3.816,-1.7726064920425415,2.5358805656433105,rms_matched,False
319,ea8f8541a19f474c4246d33005ad2c365f8b82b7a9b214bc39bd7b0ea6469e6d17fc574bce867f5fa60612c98df61735b7e95bf0d9c731a290e4c4bd515098bb,hindi_griffinlim_eval_final/real_hindi/hindi_real_0319.wav,1,3.816,5.977558135986328,-7.691102981567383,rms_matched,False
33,daa76944376a4ffb1588dd2a305c507bc1b8e14eafbbb1784aba0d0e901a3ceccaa5f1d84909bc13f2ff0ab6c7facb2ac2e487daed3470c7fe44022f33cd2a26,hindi_griffinlim_eval_final/fake_hindi_griffinlim/hindi_fake_0033.wav,0,3.348,5.505373001098633,-7.050452709197998,rms_matched,False
33,daa76944376a4ffb1588dd2a305c507bc1b8e14eafbbb1784aba0d0e901a3ceccaa5f1d84909bc13f2ff0ab6c7facb2ac2e487daed3470c7fe44022f33cd2a26,hindi_griffinlim_eval_final/real_hindi/hindi_real_0033.wav,1,3.348,5.613951206207275,-7.25979471206665,rms_matched,False
330,9daf98d1ee349378718aead0f9edd13b1352e0fe0e72a2d71aa458a79d9f474c8680549bf1d62115d59c13d52d97364c5672adb795ac73db59b709c92cb7870e,hindi_griffinlim_eval_final/fake_hindi_griffinlim/hindi_fake_0330.wav,0,4.176,-2.5373873710632324,3.3496766090393066,rms_matched,False
330,9daf98d1ee349378718aead0f9edd13b1352e0fe0e72a2d71aa458a79d9f474c8680549bf1d62115d59c13d52d97364c5672adb795ac73db59b709c92cb7870e,hindi_griffinlim_eval_final/real_hindi/hindi_real_0330.wav,1,4.176,-2.797077178955078,3.475282669067383,rms_matched,False
351,f4be1316ad0e2da63cc723ae7822391bf5e9bebab20d134595b5dfaa0fcfc42a3907fb02b5ee992a496c84610d4d015a0b2f1e8240dc27a431cd55d69b1ab7e3,hindi_griffinlim_eval_final/fake_hindi_griffinlim/hindi_fake_0351.wav,0,7.02,-0.275851845741272,0.5450296401977539,rms_matched,False
351,f4be1316ad0e2da63cc723ae7822391bf5e9bebab20d134595b5dfaa0fcfc42a3907fb02b5ee992a496c84610d4d015a0b2f1e8240dc27a431cd55d69b1ab7e3,hindi_griffinlim_eval_final/real_hindi/hindi_real_0351.wav,1,7.02,0.6073576211929321,-0.92402184009552,rms_matched,False
361,b4dcba6c853f94a6e9abf98d501e79af3eec51ee1635fb1529bb4103e9fa495c7c937b7c4e4219bf3d414b549d2476904d15ff5feeb26b478b01bdc367f61bb2,hindi_griffinlim_eval_final/fake_hindi_griffinlim/hindi_fake_0361.wav,0,3.852,0.41972464323043823,-0.5209890604019165,rms_matched,False
361,b4dcba6c853f94a6e9abf98d501e79af3eec51ee1635fb1529bb4103e9fa495c7c937b7c4e4219bf3d414b549d2476904d15ff5feeb26b478b01bdc367f61bb2,hindi_griffinlim_eval_final/real_hindi/hindi_real_0361.wav,1,3.852,5.865819931030273,-7.626466751098633,rms_matched,False
366,ae1ae84ba2341eb4c7c3fa47026ddc0b784387b58fa28c0a69f32c966e590141de3da70921c65c3477fb49575fab03213843d087f177422adb685978ca5c4b13,hindi_griffinlim_eval_final/fake_hindi_griffinlim/hindi_fake_0366.wav,0,3.996,-2.7063026428222656,3.611015558242798,rms_matched,False
366,ae1ae84ba2341eb4c7c3fa47026ddc0b784387b58fa28c0a69f32c966e590141de3da70921c65c3477fb49575fab03213843d087f177422adb685978ca5c4b13,hindi_griffinlim_eval_final/real_hindi/hindi_real_0366.wav,1,3.996,5.392849922180176,-6.869774341583252,rms_matched,False
369,3f0b866ee8d4499e4c0de09d34862acbb1ea0139f53bf7f1271a8648fb35d9a3a31272a8bc7af870e3b52bf7f4cb51ae512fa07df79663eaeafa30221c0b200b,hindi_griffinlim_eval_final/fake_hindi_griffinlim/hindi_fake_0369.wav,0,3.168,-4.291172981262207,5.096909523010254,peak_normalized,True
369,3f0b866ee8d4499e4c0de09d34862acbb1ea0139f53bf7f1271a8648fb35d9a3a31272a8bc7af870e3b52bf7f4cb51ae512fa07df79663eaeafa30221c0b200b,hindi_griffinlim_eval_final/real_hindi/hindi_real_0369.wav,1,3.168,-2.403369903564453,2.919450521469116,peak_normalized,True
373,1ab26689a68e6aeb9ee56daf140f5d65c19295d6b65eaef9f51f22cbd867b635758194eb9640790ea7d37a0de2bd5d0f235fb7662cc80dda56261f92c3cb4475,hindi_griffinlim_eval_final/fake_hindi_griffinlim/hindi_fake_0373.wav,0,3.816,-0.5706152319908142,0.7360603213310242,rms_matched,False
373,1ab26689a68e6aeb9ee56daf140f5d65c19295d6b65eaef9f51f22cbd867b635758194eb9640790ea7d37a0de2bd5d0f235fb7662cc80dda56261f92c3cb4475,hindi_griffinlim_eval_final/real_hindi/hindi_real_0373.wav,1,3.816,5.98522424697876,-7.784111499786377,rms_matched,False
386,13b72f7b7cca925bd373d5f2eab80cc1ea66148b333a85d6ca12be7e926fa2faf00dd733d0c670651eca79a91b3efeaf6918600638811c1c946b261c671a525e,hindi_griffinlim_eval_final/fake_hindi_griffinlim/hindi_fake_0386.wav,0,4.356,1.7244991064071655,-2.4868011474609375,rms_matched,False
386,13b72f7b7cca925bd373d5f2eab80cc1ea66148b333a85d6ca12be7e926fa2faf00dd733d0c670651eca79a91b3efeaf6918600638811c1c946b261c671a525e,hindi_griffinlim_eval_final/real_hindi/hindi_real_0386.wav,1,4.356,2.8056068420410156,-3.676131010055542,rms_matched,False
40,424c16a8450e8b742c1380d9d38d919d880a36379e8c7e09126a2a8411022bc42cbae339c1d8dfd42695fb073ca783ed5e86b8a2531d11c4491259ab1378e445,hindi_griffinlim_eval_final/fake_hindi_griffinlim/hindi_fake_0040.wav,0,5.976,6.974804401397705,-9.019097328186035,rms_matched,False
40,424c16a8450e8b742c1380d9d38d919d880a36379e8c7e09126a2a8411022bc42cbae339c1d8dfd42695fb073ca783ed5e86b8a2531d11c4491259ab1378e445,hindi_griffinlim_eval_final/real_hindi/hindi_real_0040.wav,1,5.976,3.352057933807373,-4.223973274230957,rms_matched,False
401,7b90778674a3659c892533d96bb0aa534879da17cd2f9cb1ae73fc3cc114dda10eba8bb6cfeddbafde910b396a60b95e64b4134430071bf2dd23b8d6a9c32785,hindi_griffinlim_eval_final/fake_hindi_griffinlim/hindi_fake_0401.wav,0,7.092,6.332725524902344,-8.256475448608398,rms_matched,False
401,7b90778674a3659c892533d96bb0aa534879da17cd2f9cb1ae73fc3cc114dda10eba8bb6cfeddbafde910b396a60b95e64b4134430071bf2dd23b8d6a9c32785,hindi_griffinlim_eval_final/real_hindi/hindi_real_0401.wav,1,7.092,5.014220237731934,-6.262447357177734,rms_matched,False
412,68cb270e1215efd79204c075fb9df17b4ea024a7c09f74970ea4e506e73229238b2c3b3fc62c0f650e4fbd93cfbdd109b4442bcd5292c50b81cf80146568bf42,hindi_griffinlim_eval_final/fake_hindi_griffinlim/hindi_fake_0412.wav,0,6.588,1.4872010946273804,-2.01747989654541,rms_matched,False
412,68cb270e1215efd79204c075fb9df17b4ea024a7c09f74970ea4e506e73229238b2c3b3fc62c0f650e4fbd93cfbdd109b4442bcd5292c50b81cf80146568bf42,hindi_griffinlim_eval_final/real_hindi/hindi_real_0412.wav,1,6.588,3.976144552230835,-5.087878227233887,rms_matched,False
413,d09397973383a68b428b2de77fa5f97b990441e1d4f668eca001e162425c7928eb19441bc4e961b80af9f9414a3d1ce66d15cc8fde6c11fbb24bf65ac1eddcf0,hindi_griffinlim_eval_final/fake_hindi_griffinlim/hindi_fake_0413.wav,0,7.488,-3.1791839599609375,4.004363059997559,rms_matched,False
413,d09397973383a68b428b2de77fa5f97b990441e1d4f668eca001e162425c7928eb19441bc4e961b80af9f9414a3d1ce66d15cc8fde6c11fbb24bf65ac1eddcf0,hindi_griffinlim_eval_final/real_hindi/hindi_real_0413.wav,1,7.488,1.0658329725265503,-1.5503170490264893,rms_matched,False
415,c8eabd52eef7e16e14998264ec78831ec7b891135ad93c446e459d4643b02c721b412f4fc828522a478fdbd2d5f4ca9838991a89368c78cb7f0617b3837a00ca,hindi_griffinlim_eval_final/fake_hindi_griffinlim/hindi_fake_0415.wav,0,2.988,3.5317435264587402,-4.236537933349609,rms_matched,False
415,c8eabd52eef7e16e14998264ec78831ec7b891135ad93c446e459d4643b02c721b412f4fc828522a478fdbd2d5f4ca9838991a89368c78cb7f0617b3837a00ca,hindi_griffinlim_eval_final/real_hindi/hindi_real_0415.wav,1,2.988,-2.751572847366333,3.6136205196380615,rms_matched,False
427,ddc0ae40d79e0f3980eb00cedd80e03d7a0cbf3ab7880588429060f50c16895262e0a1874caae85ee39e8bdd72e5ac94830df955d0cf0ec817d50ce83d61f055,hindi_griffinlim_eval_final/fake_hindi_griffinlim/hindi_fake_0427.wav,0,5.904,-3.579505681991577,4.434239387512207,rms_matched,False
427,ddc0ae40d79e0f3980eb00cedd80e03d7a0cbf3ab7880588429060f50c16895262e0a1874caae85ee39e8bdd72e5ac94830df955d0cf0ec817d50ce83d61f055,hindi_griffinlim_eval_final/real_hindi/hindi_real_0427.wav,1,5.904,-0.7985638380050659,0.8383762240409851,rms_matched,False
441,7b90778674a3659c892533d96bb0aa534879da17cd2f9cb1ae73fc3cc114dda10eba8bb6cfeddbafde910b396a60b95e64b4134430071bf2dd23b8d6a9c32785,hindi_griffinlim_eval_final/fake_hindi_griffinlim/hindi_fake_0441.wav,0,3.852,6.7247114181518555,-8.721698760986328,rms_matched,False
441,7b90778674a3659c892533d96bb0aa534879da17cd2f9cb1ae73fc3cc114dda10eba8bb6cfeddbafde910b396a60b95e64b4134430071bf2dd23b8d6a9c32785,hindi_griffinlim_eval_final/real_hindi/hindi_real_0441.wav,1,3.852,5.620161056518555,-7.4073567390441895,rms_matched,False
479,5b3872837902e6d95327320c254ce8cc9e7b69e3ad4e2e54f93009f6f44af95a3b2bd03dd9504518ddea0ce1bb0793458ea03d00ccd3c918aba1a0a91476da99,hindi_griffinlim_eval_final/fake_hindi_griffinlim/hindi_fake_0479.wav,0,4.824,-2.9126598834991455,3.833667516708374,rms_matched,False
479,5b3872837902e6d95327320c254ce8cc9e7b69e3ad4e2e54f93009f6f44af95a3b2bd03dd9504518ddea0ce1bb0793458ea03d00ccd3c918aba1a0a91476da99,hindi_griffinlim_eval_final/real_hindi/hindi_real_0479.wav,1,4.824,3.507451057434082,-4.426498889923096,rms_matched,False
483,b9854a362f9f2796f98c3105310553f5d5b1d2aea5f247080a0d9ab5d329ac51e5e519bad74bd68b022867bb103a42741c9523a32ce80c3a4ac8ed64c4bde957,hindi_griffinlim_eval_final/fake_hindi_griffinlim/hindi_fake_0483.wav,0,3.216,3.743096113204956,-4.50067663192749,rms_matched,False
483,b9854a362f9f2796f98c3105310553f5d5b1d2aea5f247080a0d9ab5d329ac51e5e519bad74bd68b022867bb103a42741c9523a32ce80c3a4ac8ed64c4bde957,hindi_griffinlim_eval_final/real_hindi/hindi_real_0483.wav,1,3.216,3.4489176273345947,-4.417724132537842,rms_matched,False
497,9a862e8c754a334f2c39963b8da67e4e6e46ef2889e6ac772bb3e3847c4e1586e46be4d21adf569a90009925022013d8900d5ec065a6eaf767a5f0c3f1317f6d,hindi_griffinlim_eval_final/fake_hindi_griffinlim/hindi_fake_0497.wav,0,7.056,-5.583822250366211,6.405624866485596,rms_matched,False
497,9a862e8c754a334f2c39963b8da67e4e6e46ef2889e6ac772bb3e3847c4e1586e46be4d21adf569a90009925022013d8900d5ec065a6eaf767a5f0c3f1317f6d,hindi_griffinlim_eval_final/real_hindi/hindi_real_0497.wav,1,7.056,-2.1129918098449707,2.879518985748291,rms_matched,False
498,3255dc44d5426ad255e14c4db4d12b224dfffd1e594a400a47cee7aafcd670d56a9834052a13be30307100ec6a3e1f8bffe33260e25f32c5a89ef64c744c0433,hindi_griffinlim_eval_final/fake_hindi_griffinlim/hindi_fake_0498.wav,0,2.664,6.988822937011719,-9.090202331542969,rms_matched,False
498,3255dc44d5426ad255e14c4db4d12b224dfffd1e594a400a47cee7aafcd670d56a9834052a13be30307100ec6a3e1f8bffe33260e25f32c5a89ef64c744c0433,hindi_griffinlim_eval_final/real_hindi/hindi_real_0498.wav,1,2.664,4.5709991455078125,-5.8212666511535645,rms_matched,False
533,5a2a681a4af95b92777b6adcd74644a5291136b27678f3afb168b9ebcc348031ce19ae24e738331ee6e5e5e54f6c4c560d455f898f348ad11957ec799c28fe59,hindi_griffinlim_eval_final/fake_hindi_griffinlim/hindi_fake_0533.wav,0,5.796,-4.2722249031066895,5.049684524536133,rms_matched,False
533,5a2a681a4af95b92777b6adcd74644a5291136b27678f3afb168b9ebcc348031ce19ae24e738331ee6e5e5e54f6c4c560d455f898f348ad11957ec799c28fe59,hindi_griffinlim_eval_final/real_hindi/hindi_real_0533.wav,1,5.796,5.904733657836914,-7.524058818817139,rms_matched,False
541,5e46ac50eb1d862c9c16cabb7768b1b412ed7ec5a51e13e22953cbb21d43c30f5addea8f5b6797634a95c8140661feb46f36a8e68d9968dc8452c0ac88af7e59,hindi_griffinlim_eval_final/fake_hindi_griffinlim/hindi_fake_0541.wav,0,2.664,-2.618652582168579,3.4741287231445312,rms_matched,False
541,5e46ac50eb1d862c9c16cabb7768b1b412ed7ec5a51e13e22953cbb21d43c30f5addea8f5b6797634a95c8140661feb46f36a8e68d9968dc8452c0ac88af7e59,hindi_griffinlim_eval_final/real_hindi/hindi_real_0541.wav,1,2.664,0.533411979675293,-1.2665150165557861,rms_matched,False
60,9c12887b11ae7ce76bcb5c4ca6b56f174e89c82f02c52c05b93ac7a40b6fb7b28d8474241a7dc36b3ad5b36eab48a209bf7e68a905ca64ac40b89e9311dec25d,hindi_griffinlim_eval_final/fake_hindi_griffinlim/hindi_fake_0060.wav,0,2.736,6.121066093444824,-7.928644180297852,rms_matched,False
60,9c12887b11ae7ce76bcb5c4ca6b56f174e89c82f02c52c05b93ac7a40b6fb7b28d8474241a7dc36b3ad5b36eab48a209bf7e68a905ca64ac40b89e9311dec25d,hindi_griffinlim_eval_final/real_hindi/hindi_real_0060.wav,1,2.736,5.2270827293396,-6.807663917541504,rms_matched,False
605,ea8ef3168cd29cf3bb33c603fc49336a1b58747fac2bdd17b4f6d59f24ed30a903a1b574e5d276035f8c3141478664e8f36c46a55fb6637e08b183a0969615a0,hindi_griffinlim_eval_final/fake_hindi_griffinlim/hindi_fake_0605.wav,0,4.896,-5.434101581573486,6.184655666351318,rms_matched,False
605,ea8ef3168cd29cf3bb33c603fc49336a1b58747fac2bdd17b4f6d59f24ed30a903a1b574e5d276035f8c3141478664e8f36c46a55fb6637e08b183a0969615a0,hindi_griffinlim_eval_final/real_hindi/hindi_real_0605.wav,1,4.896,2.8369879722595215,-3.6304738521575928,rms_matched,False
610,0a073b2441b86a13d80728f1a14413d473c4091d1053a3a53982f2c2698abb2a31f35efaefaad9b678d4cf8b27aecc058d4f664d005474a90b8af287ff58c303,hindi_griffinlim_eval_final/fake_hindi_griffinlim/hindi_fake_0610.wav,0,5.376,-3.101418972015381,3.8936336040496826,rms_matched,False
610,0a073b2441b86a13d80728f1a14413d473c4091d1053a3a53982f2c2698abb2a31f35efaefaad9b678d4cf8b27aecc058d4f664d005474a90b8af287ff58c303,hindi_griffinlim_eval_final/real_hindi/hindi_real_0610.wav,1,5.376,3.8109021186828613,-4.751227855682373,rms_matched,False
614,2b0295a46df33cca7111334e28048e4ca8856ac39e51ceba5d127c2defec2c84aa3dbbe0b2cd9a0057a3710d4ca5936186ac62306a21dbc4f493acb9486d1452,hindi_griffinlim_eval_final/fake_hindi_griffinlim/hindi_fake_0614.wav,0,6.336,-1.771697759628296,2.510554313659668,rms_matched,False
614,2b0295a46df33cca7111334e28048e4ca8856ac39e51ceba5d127c2defec2c84aa3dbbe0b2cd9a0057a3710d4ca5936186ac62306a21dbc4f493acb9486d1452,hindi_griffinlim_eval_final/real_hindi/hindi_real_0614.wav,1,6.336,4.777936935424805,-6.190381050109863,rms_matched,False
62,c0fce8f25f23b41ed1321b49a5940b20f8b61130c14559d79ddf3816e5a433e06cad1469ff786911ce97ba8ea234da6b623881f3bb65339d1d3dd296e477a193,hindi_griffinlim_eval_final/fake_hindi_griffinlim/hindi_fake_0062.wav,0,3.528,-2.315727710723877,3.1929969787597656,rms_matched,False
62,c0fce8f25f23b41ed1321b49a5940b20f8b61130c14559d79ddf3816e5a433e06cad1469ff786911ce97ba8ea234da6b623881f3bb65339d1d3dd296e477a193,hindi_griffinlim_eval_final/real_hindi/hindi_real_0062.wav,1,3.528,3.517616033554077,-4.385920524597168,rms_matched,False
636,5d11b952e9611a75d83a6b37c9eb61990cda39a280a57ed6b8e1e5169bbf408c23a2618a05bd8ed04bef3258fc84db91cac825708b4163b8053d8301d130370b,hindi_griffinlim_eval_final/fake_hindi_griffinlim/hindi_fake_0636.wav,0,7.416,5.416815757751465,-6.848418235778809,rms_matched,False
636,5d11b952e9611a75d83a6b37c9eb61990cda39a280a57ed6b8e1e5169bbf408c23a2618a05bd8ed04bef3258fc84db91cac825708b4163b8053d8301d130370b,hindi_griffinlim_eval_final/real_hindi/hindi_real_0636.wav,1,7.416,4.705733299255371,-6.038366317749023,rms_matched,False
652,ef72dad515c406393c07ffac9b57e6cd1e83073c82a001d49ea19a30fd9976d0d50d4c5cffcfdbec8ea222c152695775d85c227194f2e56516531e1c8e76ff70,hindi_griffinlim_eval_final/fake_hindi_griffinlim/hindi_fake_0652.wav,0,4.056,-0.4136742949485779,0.9077903628349304,rms_matched,False
652,ef72dad515c406393c07ffac9b57e6cd1e83073c82a001d49ea19a30fd9976d0d50d4c5cffcfdbec8ea222c152695775d85c227194f2e56516531e1c8e76ff70,hindi_griffinlim_eval_final/real_hindi/hindi_real_0652.wav,1,4.056,5.388681411743164,-6.898904800415039,rms_matched,False
668,75c6bb7203a8fae0c08c18b39bebaf7f25f86e3b2cdbb1dbd65927288474b3fa5b24c5c88144d238b93b8327677bdfbdf560078a95a3594a6b6ea7dbf3f3eec8,hindi_griffinlim_eval_final/fake_hindi_griffinlim/hindi_fake_0668.wav,0,5.94,-5.856451988220215,6.6953535079956055,rms_matched,False
668,75c6bb7203a8fae0c08c18b39bebaf7f25f86e3b2cdbb1dbd65927288474b3fa5b24c5c88144d238b93b8327677bdfbdf560078a95a3594a6b6ea7dbf3f3eec8,hindi_griffinlim_eval_final/real_hindi/hindi_real_0668.wav,1,5.94,4.242757797241211,-5.395347595214844,rms_matched,False
679,80d92595b38c164010ef7313465d16463f2c96fa6fc022b2e01e189d36b259ca8c60d34dedd33eb9e2efc010529edd502641106737ba607a53218e01e86be40a,hindi_griffinlim_eval_final/fake_hindi_griffinlim/hindi_fake_0679.wav,0,7.236,-3.4868624210357666,4.36727237701416,rms_matched,False
679,80d92595b38c164010ef7313465d16463f2c96fa6fc022b2e01e189d36b259ca8c60d34dedd33eb9e2efc010529edd502641106737ba607a53218e01e86be40a,hindi_griffinlim_eval_final/real_hindi/hindi_real_0679.wav,1,7.236,-0.5334761142730713,0.8171685934066772,rms_matched,False
699,ffb5eeb570d2ef310e46742868405151da6adb390253787708f24b730c59c01b34656465701e80b1157e9b0f9421b9a06a454f56e2a3a4bdfbf5c6c64addad11,hindi_griffinlim_eval_final/fake_hindi_griffinlim/hindi_fake_0699.wav,0,4.248,-0.5858883857727051,1.1457651853561401,rms_matched,False
699,ffb5eeb570d2ef310e46742868405151da6adb390253787708f24b730c59c01b34656465701e80b1157e9b0f9421b9a06a454f56e2a3a4bdfbf5c6c64addad11,hindi_griffinlim_eval_final/real_hindi/hindi_real_0699.wav,1,4.248,5.407168865203857,-6.952066421508789,rms_matched,False
705,0eef353f918900f4b6b2c52b697013c0ac2340228d97696f460545e777a0a619dc934a6e2bdc5329525c74d683591af809ae5b8d4157abba6321a5b7366bb73e,hindi_griffinlim_eval_final/fake_hindi_griffinlim/hindi_fake_0705.wav,0,2.736,7.04105281829834,-9.141990661621094,rms_matched,False
705,0eef353f918900f4b6b2c52b697013c0ac2340228d97696f460545e777a0a619dc934a6e2bdc5329525c74d683591af809ae5b8d4157abba6321a5b7366bb73e,hindi_griffinlim_eval_final/real_hindi/hindi_real_0705.wav,1,2.736,5.168359279632568,-6.685710906982422,rms_matched,False
72,1963c5f396b43a02ea6a7cf2cacaafb042bfe53209c711d2325e2e4cfd7185370746e463b5ceb83f9ac807e048b8891b494db95e3bd7eccfbef896877eea9bbc,hindi_griffinlim_eval_final/fake_hindi_griffinlim/hindi_fake_0072.wav,0,3.096,-0.9277247786521912,1.5317202806472778,rms_matched,False
72,1963c5f396b43a02ea6a7cf2cacaafb042bfe53209c711d2325e2e4cfd7185370746e463b5ceb83f9ac807e048b8891b494db95e3bd7eccfbef896877eea9bbc,hindi_griffinlim_eval_final/real_hindi/hindi_real_0072.wav,1,3.096,-0.8483695983886719,1.360275149345398,rms_matched,False
725,f4acf13791d1ffc57965afc160c66ab08985a745fc07997aced0be646a308c8b8c3f851c7143204d02449b094fd7811bc980a05b337acdadb7e2a83dd9c9c2bb,hindi_griffinlim_eval_final/fake_hindi_griffinlim/hindi_fake_0725.wav,0,4.968,-3.8738746643066406,4.7099995613098145,rms_matched,False
725,f4acf13791d1ffc57965afc160c66ab08985a745fc07997aced0be646a308c8b8c3f851c7143204d02449b094fd7811bc980a05b337acdadb7e2a83dd9c9c2bb,hindi_griffinlim_eval_final/real_hindi/hindi_real_0725.wav,1,4.968,-6.1570353507995605,7.162509441375732,rms_matched,False
726,aaf6b52267451edd43f92433e040803b7c695022ac637484427c841d61dddefbc79acf6b684ebc2769e18c649d9b7a520a0041ecb7898d3f7e49d804f477a3ac,hindi_griffinlim_eval_final/fake_hindi_griffinlim/hindi_fake_0726.wav,0,3.132,6.538894176483154,-8.434505462646484,rms_matched,False
726,aaf6b52267451edd43f92433e040803b7c695022ac637484427c841d61dddefbc79acf6b684ebc2769e18c649d9b7a520a0041ecb7898d3f7e49d804f477a3ac,hindi_griffinlim_eval_final/real_hindi/hindi_real_0726.wav,1,3.132,-1.8372694253921509,2.4664463996887207,rms_matched,False
76,b9854a362f9f2796f98c3105310553f5d5b1d2aea5f247080a0d9ab5d329ac51e5e519bad74bd68b022867bb103a42741c9523a32ce80c3a4ac8ed64c4bde957,hindi_griffinlim_eval_final/fake_hindi_griffinlim/hindi_fake_0076.wav,0,4.056,0.008556637912988663,0.22728422284126282,rms_matched,False
76,b9854a362f9f2796f98c3105310553f5d5b1d2aea5f247080a0d9ab5d329ac51e5e519bad74bd68b022867bb103a42741c9523a32ce80c3a4ac8ed64c4bde957,hindi_griffinlim_eval_final/real_hindi/hindi_real_0076.wav,1,4.056,1.706190824508667,-2.252847194671631,rms_matched,False
772,4f7f65a3c1d0ad3bc8c1b1b9d1f99a33e4785aac4a57bf5803876af5b7bd8c4d96f9ce70fa5d287f0aa26fa4aa86e8572fa595a5554dc71ae32d82496237da62,hindi_griffinlim_eval_final/fake_hindi_griffinlim/hindi_fake_0772.wav,0,3.864,3.784463882446289,-4.951815605163574,peak_normalized,True
772,4f7f65a3c1d0ad3bc8c1b1b9d1f99a33e4785aac4a57bf5803876af5b7bd8c4d96f9ce70fa5d287f0aa26fa4aa86e8572fa595a5554dc71ae32d82496237da62,hindi_griffinlim_eval_final/real_hindi/hindi_real_0772.wav,1,3.864,5.28482723236084,-6.782093048095703,peak_normalized,True
777,6ebad08c5960e5ac3ec20197f173828d6da580b660c01794cdd4270089cdd590b3d512277ba38e372e860e7e9e9d9621fbeec2edd3ab07dcfe713a646c246543,hindi_griffinlim_eval_final/fake_hindi_griffinlim/hindi_fake_0777.wav,0,4.968,-3.095308780670166,3.915907382965088,rms_matched,False
777,6ebad08c5960e5ac3ec20197f173828d6da580b660c01794cdd4270089cdd590b3d512277ba38e372e860e7e9e9d9621fbeec2edd3ab07dcfe713a646c246543,hindi_griffinlim_eval_final/real_hindi/hindi_real_0777.wav,1,4.968,-0.512515664100647,0.5228556990623474,rms_matched,False
782,ef72dad515c406393c07ffac9b57e6cd1e83073c82a001d49ea19a30fd9976d0d50d4c5cffcfdbec8ea222c152695775d85c227194f2e56516531e1c8e76ff70,hindi_griffinlim_eval_final/fake_hindi_griffinlim/hindi_fake_0782.wav,0,3.312,5.694353103637695,-7.369040489196777,rms_matched,False
782,ef72dad515c406393c07ffac9b57e6cd1e83073c82a001d49ea19a30fd9976d0d50d4c5cffcfdbec8ea222c152695775d85c227194f2e56516531e1c8e76ff70,hindi_griffinlim_eval_final/real_hindi/hindi_real_0782.wav,1,3.312,5.891574859619141,-7.760033130645752,rms_matched,False
797,a3c9eb18e51d74ec5fbf9ca9ca1d5edf24c691d0f685ef2ffc8689d107710a300eec2172a79cc039b119ebc451ab794cb8519ce2d3c37209c7f24649089a7fc2,hindi_griffinlim_eval_final/fake_hindi_griffinlim/hindi_fake_0797.wav,0,3.24,0.23413804173469543,-0.17934876680374146,rms_matched,False
797,a3c9eb18e51d74ec5fbf9ca9ca1d5edf24c691d0f685ef2ffc8689d107710a300eec2172a79cc039b119ebc451ab794cb8519ce2d3c37209c7f24649089a7fc2,hindi_griffinlim_eval_final/real_hindi/hindi_real_0797.wav,1,3.24,3.5917956829071045,-4.609433174133301,rms_matched,False
802,ae1ae84ba2341eb4c7c3fa47026ddc0b784387b58fa28c0a69f32c966e590141de3da70921c65c3477fb49575fab03213843d087f177422adb685978ca5c4b13,hindi_griffinlim_eval_final/fake_hindi_griffinlim/hindi_fake_0802.wav,0,3.816,-5.443644046783447,6.208547592163086,rms_matched,False
802,ae1ae84ba2341eb4c7c3fa47026ddc0b784387b58fa28c0a69f32c966e590141de3da70921c65c3477fb49575fab03213843d087f177422adb685978ca5c4b13,hindi_griffinlim_eval_final/real_hindi/hindi_real_0802.wav,1,3.816,5.995923042297363,-7.658713340759277,rms_matched,False
83,755950c6eb4b91d87a8d62458e27e794e08783fbb4e47b61730e21bb685a9d3634dab0401114292ec8b3d3a282e0248c34c8868056fdb057716c14ae2b9844fc,hindi_griffinlim_eval_final/fake_hindi_griffinlim/hindi_fake_0083.wav,0,4.824,0.4362897574901581,-0.681256115436554,peak_normalized,True
83,755950c6eb4b91d87a8d62458e27e794e08783fbb4e47b61730e21bb685a9d3634dab0401114292ec8b3d3a282e0248c34c8868056fdb057716c14ae2b9844fc,hindi_griffinlim_eval_final/real_hindi/hindi_real_0083.wav,1,4.824,3.787062406539917,-4.886816024780273,peak_normalized,True
830,32bf5ca000a1d646bb2e636e32c4bd507750c204271ab585b1e9fab7d08103c7e07825bdb376119fdef205be82f6e81766655dd5590cc21ec598b79a5c18e45f,hindi_griffinlim_eval_final/fake_hindi_griffinlim/hindi_fake_0830.wav,0,6.048,-0.5479804873466492,0.9775556921958923,rms_matched,False
830,32bf5ca000a1d646bb2e636e32c4bd507750c204271ab585b1e9fab7d08103c7e07825bdb376119fdef205be82f6e81766655dd5590cc21ec598b79a5c18e45f,hindi_griffinlim_eval_final/real_hindi/hindi_real_0830.wav,1,6.048,1.3744347095489502,-2.009674072265625,rms_matched,False
836,e13c23ee2d8500b3cffa2cdf67ef9d827331c36238411c839fe39b077736953b55de43cff6bb2d96066fb6660cc6542db53e3e5abe00c2cb8d79cf3bc38b22fb,hindi_griffinlim_eval_final/fake_hindi_griffinlim/hindi_fake_0836.wav,0,7.344,6.091601848602295,-7.934733867645264,rms_matched,False
836,e13c23ee2d8500b3cffa2cdf67ef9d827331c36238411c839fe39b077736953b55de43cff6bb2d96066fb6660cc6542db53e3e5abe00c2cb8d79cf3bc38b22fb,hindi_griffinlim_eval_final/real_hindi/hindi_real_0836.wav,1,7.344,6.117927074432373,-7.8300089836120605,rms_matched,False
839,345ead41094d4bf4aae58398d87ab219b6ffd948dd640a1a2a4da43e2522343c539d11a27052a9cca1014b590e440971db0710852df02639dc9f3d304469aaca,hindi_griffinlim_eval_final/fake_hindi_griffinlim/hindi_fake_0839.wav,0,2.988,-5.4978861808776855,6.2939019203186035,rms_matched,False
839,345ead41094d4bf4aae58398d87ab219b6ffd948dd640a1a2a4da43e2522343c539d11a27052a9cca1014b590e440971db0710852df02639dc9f3d304469aaca,hindi_griffinlim_eval_final/real_hindi/hindi_real_0839.wav,1,2.988,-5.169045448303223,5.825067520141602,rms_matched,False
841,b69e010df6113e5d308dc62955e0f00639179e3f7074a50ff065d102adab88d624810f4c5bb6e59977dd65ba69bdff66ff08dc72ff47bd0dbd8dace3e3c392d7,hindi_griffinlim_eval_final/fake_hindi_griffinlim/hindi_fake_0841.wav,0,4.968,2.72833514213562,-3.3746490478515625,rms_matched,False
841,b69e010df6113e5d308dc62955e0f00639179e3f7074a50ff065d102adab88d624810f4c5bb6e59977dd65ba69bdff66ff08dc72ff47bd0dbd8dace3e3c392d7,hindi_griffinlim_eval_final/real_hindi/hindi_real_0841.wav,1,4.968,5.676644325256348,-7.149772644042969,rms_matched,False
843,0db277015ed4c7602383504e75bcfead10db6e33b12e442a983cb259a17baf2c98daf32f18e2c1917269103a2ef1776d88cab0357c43c487473d8fa511dde7e8,hindi_griffinlim_eval_final/fake_hindi_griffinlim/hindi_fake_0843.wav,0,4.608,-1.8805991411209106,2.748112201690674,rms_matched,False
843,0db277015ed4c7602383504e75bcfead10db6e33b12e442a983cb259a17baf2c98daf32f18e2c1917269103a2ef1776d88cab0357c43c487473d8fa511dde7e8,hindi_griffinlim_eval_final/real_hindi/hindi_real_0843.wav,1,4.608,5.780085563659668,-7.339200496673584,rms_matched,False
854,c45d64f4a9ad8d1efb4d802830abc40f0e0e29e23a1d399fb4e668a1781d60c7b6329f4ed2b4ee75586b7ef748b73a373cb36707965a2b5785d7e9ce6196f390,hindi_griffinlim_eval_final/fake_hindi_griffinlim/hindi_fake_0854.wav,0,4.716,-0.49570155143737793,1.0190519094467163,rms_matched,False
854,c45d64f4a9ad8d1efb4d802830abc40f0e0e29e23a1d399fb4e668a1781d60c7b6329f4ed2b4ee75586b7ef748b73a373cb36707965a2b5785d7e9ce6196f390,hindi_griffinlim_eval_final/real_hindi/hindi_real_0854.wav,1,4.716,1.1812077760696411,-1.5069245100021362,rms_matched,False
857,3d60da54a5e96710c627c37362c5f17d026c725b99466b5596f08c6584beafa8dd546aff3ef61dd1cfda5150cdd82d08970d8ad36a49e933571b903361a6cbdd,hindi_griffinlim_eval_final/fake_hindi_griffinlim/hindi_fake_0857.wav,0,4.356,6.394127368927002,-8.274696350097656,rms_matched,False
857,3d60da54a5e96710c627c37362c5f17d026c725b99466b5596f08c6584beafa8dd546aff3ef61dd1cfda5150cdd82d08970d8ad36a49e933571b903361a6cbdd,hindi_griffinlim_eval_final/real_hindi/hindi_real_0857.wav,1,4.356,6.0838398933410645,-7.809682846069336,rms_matched,False
865,806c8f1750366fd789fd41da89a86157e07cc51bb8aae5e3e963abd25d659afa282b2d5d1ae80d08eb78bcbf88984ac5b1c10bb62f2582cdaa48774594e5b746,hindi_griffinlim_eval_final/fake_hindi_griffinlim/hindi_fake_0865.wav,0,5.904,0.17481254041194916,-0.4116833508014679,rms_matched,False
865,806c8f1750366fd789fd41da89a86157e07cc51bb8aae5e3e963abd25d659afa282b2d5d1ae80d08eb78bcbf88984ac5b1c10bb62f2582cdaa48774594e5b746,hindi_griffinlim_eval_final/real_hindi/hindi_real_0865.wav,1,5.904,3.085638999938965,-4.014747619628906,rms_matched,False
867,80ffb7f21aebcd96b01f5098bdf0f377f31fa297c2c30290be3dcd6a69b87e7570cd2e9ce41edb96038e485ce70cf75436dba4a0c7925bb36a68db134979c585,hindi_griffinlim_eval_final/fake_hindi_griffinlim/hindi_fake_0867.wav,0,4.284,-3.67758846282959,4.5571818351745605,rms_matched,False
867,80ffb7f21aebcd96b01f5098bdf0f377f31fa297c2c30290be3dcd6a69b87e7570cd2e9ce41edb96038e485ce70cf75436dba4a0c7925bb36a68db134979c585,hindi_griffinlim_eval_final/real_hindi/hindi_real_0867.wav,1,4.284,-4.506743907928467,5.438438415527344,rms_matched,False
879,65d886c17e6173ec624dcf8fa7a03e75f82801af0e6b0a177d149e9137b2bc1c6f88b5e060a9db7493ec77e6ef243e8a1b1ca307a3f303b8d8a5c80dbd08572d,hindi_griffinlim_eval_final/fake_hindi_griffinlim/hindi_fake_0879.wav,0,4.68,-5.659240245819092,6.478093147277832,rms_matched,False
879,65d886c17e6173ec624dcf8fa7a03e75f82801af0e6b0a177d149e9137b2bc1c6f88b5e060a9db7493ec77e6ef243e8a1b1ca307a3f303b8d8a5c80dbd08572d,hindi_griffinlim_eval_final/real_hindi/hindi_real_0879.wav,1,4.68,-4.989597320556641,5.696556091308594,rms_matched,False
883,0db277015ed4c7602383504e75bcfead10db6e33b12e442a983cb259a17baf2c98daf32f18e2c1917269103a2ef1776d88cab0357c43c487473d8fa511dde7e8,hindi_griffinlim_eval_final/fake_hindi_griffinlim/hindi_fake_0883.wav,0,4.572,-0.26396313309669495,-0.033476680517196655,rms_matched,False
883,0db277015ed4c7602383504e75bcfead10db6e33b12e442a983cb259a17baf2c98daf32f18e2c1917269103a2ef1776d88cab0357c43c487473d8fa511dde7e8,hindi_griffinlim_eval_final/real_hindi/hindi_real_0883.wav,1,4.572,5.948824405670166,-7.613988876342773,rms_matched,False
884,c88824395561074e0eb0ebc1280d4866dbc29f01c026899e205a1db558ba1be8d683a10dc5e1f8117571ea0794f699ebe359e833d714ad66942a429a2112a5a6,hindi_griffinlim_eval_final/fake_hindi_griffinlim/hindi_fake_0884.wav,0,4.212,6.569863796234131,-8.538339614868164,rms_matched,False
884,c88824395561074e0eb0ebc1280d4866dbc29f01c026899e205a1db558ba1be8d683a10dc5e1f8117571ea0794f699ebe359e833d714ad66942a429a2112a5a6,hindi_griffinlim_eval_final/real_hindi/hindi_real_0884.wav,1,4.212,5.118760108947754,-6.529860019683838,rms_matched,False
888,3512a2ce63a4044e19713803ad92889a443d1d6fe4e83bd00833b842957b10139899aa75c48d47ecd6d7e02112c2f7d3dbf5e752d40bfb9bffe073a8983b56b9,hindi_griffinlim_eval_final/fake_hindi_griffinlim/hindi_fake_0888.wav,0,6.336,3.847921133041382,-4.659273147583008,rms_matched,False
888,3512a2ce63a4044e19713803ad92889a443d1d6fe4e83bd00833b842957b10139899aa75c48d47ecd6d7e02112c2f7d3dbf5e752d40bfb9bffe073a8983b56b9,hindi_griffinlim_eval_final/real_hindi/hindi_real_0888.wav,1,6.336,3.001840114593506,-3.7151832580566406,rms_matched,False
897,8532ee1920f74cab963f7b2895f0b5d5519a8762bb1f3b742293915270928c8826003a955e9a9a092982572ddaceed20ff3eaedd2517aa8c4a3759585bfb5493,hindi_griffinlim_eval_final/fake_hindi_griffinlim/hindi_fake_0897.wav,0,5.508,-0.450769305229187,1.0264642238616943,rms_matched,False
897,8532ee1920f74cab963f7b2895f0b5d5519a8762bb1f3b742293915270928c8826003a955e9a9a092982572ddaceed20ff3eaedd2517aa8c4a3759585bfb5493,hindi_griffinlim_eval_final/real_hindi/hindi_real_0897.wav,1,5.508,4.38100004196167,-5.561761856079102,rms_matched,False
902,b7fde8b01808baf29c65724c04b9461381f7985ce4825b5663eb776d15da60e04453179bb8655290425de10178de70a1bd3e57b2381901578b63e663e90c0628,hindi_griffinlim_eval_final/fake_hindi_griffinlim/hindi_fake_0902.wav,0,5.436,4.792298316955566,-5.9393086433410645,rms_matched,False
902,b7fde8b01808baf29c65724c04b9461381f7985ce4825b5663eb776d15da60e04453179bb8655290425de10178de70a1bd3e57b2381901578b63e663e90c0628,hindi_griffinlim_eval_final/real_hindi/hindi_real_0902.wav,1,5.436,5.890954971313477,-7.591891288757324,rms_matched,False
907,c45d64f4a9ad8d1efb4d802830abc40f0e0e29e23a1d399fb4e668a1781d60c7b6329f4ed2b4ee75586b7ef748b73a373cb36707965a2b5785d7e9ce6196f390,hindi_griffinlim_eval_final/fake_hindi_griffinlim/hindi_fake_0907.wav,0,6.336,-1.1827882528305054,1.6099923849105835,peak_normalized,True
907,c45d64f4a9ad8d1efb4d802830abc40f0e0e29e23a1d399fb4e668a1781d60c7b6329f4ed2b4ee75586b7ef748b73a373cb36707965a2b5785d7e9ce6196f390,hindi_griffinlim_eval_final/real_hindi/hindi_real_0907.wav,1,6.336,-0.003276132047176361,0.1026374101638794,peak_normalized,True
916,5a2a681a4af95b92777b6adcd74644a5291136b27678f3afb168b9ebcc348031ce19ae24e738331ee6e5e5e54f6c4c560d455f898f348ad11957ec799c28fe59,hindi_griffinlim_eval_final/fake_hindi_griffinlim/hindi_fake_0916.wav,0,5.148,-2.776599645614624,3.5320727825164795,rms_matched,False
916,5a2a681a4af95b92777b6adcd74644a5291136b27678f3afb168b9ebcc348031ce19ae24e738331ee6e5e5e54f6c4c560d455f898f348ad11957ec799c28fe59,hindi_griffinlim_eval_final/real_hindi/hindi_real_0916.wav,1,5.148,1.6642231941223145,-1.9945659637451172,rms_matched,False
937,4165462ba3028c7e25d5ff7abf7e81fe2d31ab129cfa039232a6753837447e299445e86cc1a94db3a8957d1cf55c3a1aaa96b297a0c75a814bc1a2df686daae8,hindi_griffinlim_eval_final/fake_hindi_griffinlim/hindi_fake_0937.wav,0,3.744,0.21636424958705902,-0.7493026852607727,rms_matched,False
937,4165462ba3028c7e25d5ff7abf7e81fe2d31ab129cfa039232a6753837447e299445e86cc1a94db3a8957d1cf55c3a1aaa96b297a0c75a814bc1a2df686daae8,hindi_griffinlim_eval_final/real_hindi/hindi_real_0937.wav,1,3.744,3.5758988857269287,-4.574837684631348,rms_matched,False
948,72f877fac9bb314cc8a49f707222e440bdbf0011ca28657fa408f62c6b95ed4f617faa364554b0b0a75f4c74e6a1a745f376376bbadd8c8737f405f04bd49632,hindi_griffinlim_eval_final/fake_hindi_griffinlim/hindi_fake_0948.wav,0,5.58,-2.4669084548950195,3.3963522911071777,rms_matched,False
948,72f877fac9bb314cc8a49f707222e440bdbf0011ca28657fa408f62c6b95ed4f617faa364554b0b0a75f4c74e6a1a745f376376bbadd8c8737f405f04bd49632,hindi_griffinlim_eval_final/real_hindi/hindi_real_0948.wav,1,5.58,2.361769199371338,-3.210958242416382,rms_matched,False
961,b9854a362f9f2796f98c3105310553f5d5b1d2aea5f247080a0d9ab5d329ac51e5e519bad74bd68b022867bb103a42741c9523a32ce80c3a4ac8ed64c4bde957,hindi_griffinlim_eval_final/fake_hindi_griffinlim/hindi_fake_0961.wav,0,4.416,-0.2868351936340332,0.8028075695037842,rms_matched,False
961,b9854a362f9f2796f98c3105310553f5d5b1d2aea5f247080a0d9ab5d329ac51e5e519bad74bd68b022867bb103a42741c9523a32ce80c3a4ac8ed64c4bde957,hindi_griffinlim_eval_final/real_hindi/hindi_real_0961.wav,1,4.416,-1.086856484413147,1.476689100265503,rms_matched,False
966,f59a2dc4d475bfb45d9b9628faa8b0e53570d46a05fd85dd8542559975c8cd75bf87c02f557d7ecd3e4eda2872a7e4a57adc699bc30e819c9e5c1c9e520cd02b,hindi_griffinlim_eval_final/fake_hindi_griffinlim/hindi_fake_0966.wav,0,4.356,0.19522418081760406,-0.13763079047203064,rms_matched,False
966,f59a2dc4d475bfb45d9b9628faa8b0e53570d46a05fd85dd8542559975c8cd75bf87c02f557d7ecd3e4eda2872a7e4a57adc699bc30e819c9e5c1c9e520cd02b,hindi_griffinlim_eval_final/real_hindi/hindi_real_0966.wav,1,4.356,2.4302592277526855,-3.1436984539031982,rms_matched,False
99,9392443e20fff21db185ec2e21925398c267cdaec962d7a8bff381ae171fd3563894988fe4244da0866881fb39e56492843fac59b139c31b99211d6c8f44c2ac,hindi_griffinlim_eval_final/fake_hindi_griffinlim/hindi_fake_0099.wav,0,4.356,-4.629782199859619,5.508194923400879,rms_matched,False
99,9392443e20fff21db185ec2e21925398c267cdaec962d7a8bff381ae171fd3563894988fe4244da0866881fb39e56492843fac59b139c31b99211d6c8f44c2ac,hindi_griffinlim_eval_final/real_hindi/hindi_real_0099.wav,1,4.356,-2.128650426864624,2.9532620906829834,rms_matched,False
994,aabd80b27714da5c6b5d4592a6f29f161db3cb06672ab14afb56eaf550ac0be0c14536ba5df7358621f018a4bc767c8c8477eaa4746830cf31ec4cdbcc2193fc,hindi_griffinlim_eval_final/fake_hindi_griffinlim/hindi_fake_0994.wav,0,4.644,5.870638847351074,-7.582213401794434,rms_matched,False
994,aabd80b27714da5c6b5d4592a6f29f161db3cb06672ab14afb56eaf550ac0be0c14536ba5df7358621f018a4bc767c8c8477eaa4746830cf31ec4cdbcc2193fc,hindi_griffinlim_eval_final/real_hindi/hindi_real_0994.wav,1,4.644,4.670945167541504,-5.955208778381348,rms_matched,False
